supplier_reference,supplier_name,supplier_trn,supply_reference,supply_date,amount_excluding_vat,input_vat,expected_next_12m,last_verified_on
SYN-0001,Synthetic Supplier 0001 LLC,900000000000001,SYN-0001-INV-01,2025-12-01,8640.14,432.01,22631.14,2026-02-02
SYN-0001,Synthetic Supplier 0001 LLC,900000000000001,SYN-0001-INV-02,2026-01-17,7867.53,393.38,22631.14,2026-02-02
SYN-0001,Synthetic Supplier 0001 LLC,900000000000001,SYN-0001-INV-03,2026-03-05,8638.04,431.9,22631.14,2026-02-02
SYN-0002,Synthetic Supplier 0002 LLC,900000000000002,SYN-0002-INV-01,2025-12-14,5521.14,276.06,21343.98,2025-03-03
SYN-0002,Synthetic Supplier 0002 LLC,900000000000002,SYN-0002-INV-02,2026-01-30,6175.81,308.79,21343.98,2025-03-03
SYN-0002,Synthetic Supplier 0002 LLC,900000000000002,SYN-0002-INV-03,2026-03-18,5542.28,277.11,21343.98,2025-03-03
SYN-0002,Synthetic Supplier 0002 LLC,900000000000002,SYN-0002-INV-04,2026-05-04,6476.29,323.81,21343.98,2025-03-03
SYN-0003,Synthetic Supplier 0003 LLC,900000000000003,SYN-0003-INV-01,2025-12-27,1022.82,51.14,4803.7,2026-04-04
SYN-0003,Synthetic Supplier 0003 LLC,900000000000003,SYN-0003-INV-02,2026-02-12,1586.98,79.35,4803.7,2026-04-04
SYN-0003,Synthetic Supplier 0003 LLC,900000000000003,SYN-0003-INV-03,2026-03-31,981.52,49.08,4803.7,2026-04-04
SYN-0003,Synthetic Supplier 0003 LLC,900000000000003,SYN-0003-INV-04,2026-05-17,824.71,41.24,4803.7,2026-04-04
SYN-0003,Synthetic Supplier 0003 LLC,900000000000003,SYN-0003-INV-05,2026-07-03,921.4,46.07,4803.7,2026-04-04
SYN-0004,Synthetic Supplier 0004 LLC,900000000000004,SYN-0004-INV-01,2026-01-09,9723.54,486.18,17788.48,2025-05-05
SYN-0004,Synthetic Supplier 0004 LLC,900000000000004,SYN-0004-INV-02,2026-02-25,10041.44,502.07,17788.48,2025-05-05
SYN-0005,Synthetic Supplier 0005 LLC,900000000000005,SYN-0005-INV-01,2026-01-22,6461.96,323.1,21612.6,
SYN-0005,Synthetic Supplier 0005 LLC,900000000000005,SYN-0005-INV-02,2026-03-10,10289.36,514.47,21612.6,
SYN-0005,Synthetic Supplier 0005 LLC,900000000000005,SYN-0005-INV-03,2026-04-26,7262.67,363.13,21612.6,
SYN-0006,Synthetic Supplier 0006 LLC,900000000000006,SYN-0006-INV-01,2026-02-04,6341.1,317.06,21594.06,2025-07-07
SYN-0006,Synthetic Supplier 0006 LLC,900000000000006,SYN-0006-INV-02,2026-03-23,6879.81,343.99,21594.06,2025-07-07
SYN-0006,Synthetic Supplier 0006 LLC,900000000000006,SYN-0006-INV-03,2026-05-09,6405.65,320.28,21594.06,2025-07-07
SYN-0006,Synthetic Supplier 0006 LLC,900000000000006,SYN-0006-INV-04,2026-06-25,4366.84,218.34,21594.06,2025-07-07
SYN-0007,Synthetic Supplier 0007 LLC,900000000000007,SYN-0007-INV-01,2026-02-17,2397.11,119.86,69730.16,2026-08-08
SYN-0007,Synthetic Supplier 0007 LLC,900000000000007,SYN-0007-INV-02,2026-04-05,3825.14,191.26,69730.16,2026-08-08
SYN-0007,Synthetic Supplier 0007 LLC,900000000000007,SYN-0007-INV-03,2026-05-22,3978.93,198.95,69730.16,2026-08-08
SYN-0007,Synthetic Supplier 0007 LLC,900000000000007,SYN-0007-INV-04,2026-07-08,2808.12,140.41,69730.16,2026-08-08
SYN-0007,Synthetic Supplier 0007 LLC,900000000000007,SYN-0007-INV-05,2026-08-24,2486.29,124.31,69730.16,2026-08-08
SYN-0008,Synthetic Supplier 0008 LLC,900000000000008,SYN-0008-INV-01,2026-03-02,2921.01,146.05,7016.45,2025-09-09
SYN-0008,Synthetic Supplier 0008 LLC,900000000000008,SYN-0008-INV-02,2026-04-18,4875.04,243.75,7016.45,2025-09-09
SYN-0009,Synthetic Supplier 0009 LLC,900000000000009,SYN-0009-INV-01,2026-03-15,3187.85,159.39,9175.69,2026-01-10
SYN-0009,Synthetic Supplier 0009 LLC,900000000000009,SYN-0009-INV-02,2026-05-01,2238.9,111.95,9175.69,2026-01-10
SYN-0009,Synthetic Supplier 0009 LLC,900000000000009,SYN-0009-INV-03,2026-06-17,4768.46,238.42,9175.69,2026-01-10
SYN-0010,Synthetic Supplier 0010 LLC,900000000000010,SYN-0010-INV-01,2026-03-28,1555.56,77.78,6456.03,
SYN-0010,Synthetic Supplier 0010 LLC,900000000000010,SYN-0010-INV-02,2026-05-14,1589.28,79.46,6456.03,
SYN-0010,Synthetic Supplier 0010 LLC,900000000000010,SYN-0010-INV-03,2026-06-30,2403.44,120.17,6456.03,
SYN-0010,Synthetic Supplier 0010 LLC,900000000000010,SYN-0010-INV-04,2026-08-16,1625.09,81.25,6456.03,
SYN-0011,Synthetic Supplier 0011 LLC,900000000000011,SYN-0011-INV-01,2026-04-10,4776.63,238.83,18742.41,2026-03-12
SYN-0011,Synthetic Supplier 0011 LLC,900000000000011,SYN-0011-INV-02,2026-05-27,5171.12,258.56,18742.41,2026-03-12
SYN-0011,Synthetic Supplier 0011 LLC,900000000000011,SYN-0011-INV-03,2026-07-13,3769.6,188.48,18742.41,2026-03-12
SYN-0011,Synthetic Supplier 0011 LLC,900000000000011,SYN-0011-INV-04,2026-08-29,4131.26,206.56,18742.41,2026-03-12
SYN-0011,Synthetic Supplier 0011 LLC,900000000000011,SYN-0011-INV-05,2025-10-20,2976.3,148.81,18742.41,2026-03-12
SYN-0012,Synthetic Supplier 0012 LLC,900000000000012,SYN-0012-INV-01,2026-04-23,3625.4,181.27,6787.65,2025-04-13
SYN-0012,Synthetic Supplier 0012 LLC,900000000000012,SYN-0012-INV-02,2026-06-09,3916.43,195.82,6787.65,2025-04-13
SYN-0013,Synthetic Supplier 0013 LLC,900000000000013,SYN-0013-INV-01,2026-05-06,3562.91,178.15,7771.8,2026-05-14
SYN-0013,Synthetic Supplier 0013 LLC,900000000000013,SYN-0013-INV-02,2026-06-22,2694.61,134.73,7771.8,2026-05-14
SYN-0013,Synthetic Supplier 0013 LLC,900000000000013,SYN-0013-INV-03,2026-08-08,2377.82,118.89,7771.8,2026-05-14
SYN-0014,Synthetic Supplier 0014 LLC,900000000000014,SYN-0014-INV-01,2026-05-19,6590.44,329.52,107710.39,2025-06-15
SYN-0014,Synthetic Supplier 0014 LLC,900000000000014,SYN-0014-INV-02,2026-07-05,5823.54,291.18,107710.39,2025-06-15
SYN-0014,Synthetic Supplier 0014 LLC,900000000000014,SYN-0014-INV-03,2026-08-21,7849.16,392.46,107710.39,2025-06-15
SYN-0014,Synthetic Supplier 0014 LLC,900000000000014,SYN-0014-INV-04,2025-10-12,3672.5,183.63,107710.39,2025-06-15
SYN-0015,Synthetic Supplier 0015 LLC,900000000000015,SYN-0015-INV-01,2026-06-01,3469.77,173.49,20648.28,
SYN-0015,Synthetic Supplier 0015 LLC,900000000000015,SYN-0015-INV-02,2026-07-18,5772.11,288.61,20648.28,
SYN-0015,Synthetic Supplier 0015 LLC,900000000000015,SYN-0015-INV-03,2026-09-03,5524.88,276.24,20648.28,
SYN-0015,Synthetic Supplier 0015 LLC,900000000000015,SYN-0015-INV-04,2025-10-25,3986.36,199.32,20648.28,
SYN-0015,Synthetic Supplier 0015 LLC,900000000000015,SYN-0015-INV-05,2025-12-11,4189.4,209.47,20648.28,
SYN-0016,Synthetic Supplier 0016 LLC,900000000000016,SYN-0016-INV-01,2026-06-14,15082.78,754.14,25594.59,2025-08-17
SYN-0016,Synthetic Supplier 0016 LLC,900000000000016,SYN-0016-INV-02,2026-07-31,13355.65,667.78,25594.59,2025-08-17
SYN-0017,Synthetic Supplier 0017 LLC,900000000000017,SYN-0017-INV-01,2026-06-27,4364.82,218.24,15268.59,2026-09-18
SYN-0017,Synthetic Supplier 0017 LLC,900000000000017,SYN-0017-INV-02,2026-08-13,5471.75,273.59,15268.59,2026-09-18
SYN-0017,Synthetic Supplier 0017 LLC,900000000000017,SYN-0017-INV-03,2025-10-04,7128.53,356.43,15268.59,2026-09-18
SYN-0018,Synthetic Supplier 0018 LLC,900000000000018,SYN-0018-INV-01,2026-07-10,1960.71,98.04,8673.75,2025-01-19
SYN-0018,Synthetic Supplier 0018 LLC,900000000000018,SYN-0018-INV-02,2026-08-26,2483.84,124.19,8673.75,2025-01-19
SYN-0018,Synthetic Supplier 0018 LLC,900000000000018,SYN-0018-INV-03,2025-10-17,2867.78,143.39,8673.75,2025-01-19
SYN-0018,Synthetic Supplier 0018 LLC,900000000000018,SYN-0018-INV-04,2025-12-03,2325.17,116.26,8673.75,2025-01-19
SYN-0019,Synthetic Supplier 0019 LLC,900000000000019,SYN-0019-INV-01,2026-07-23,819.29,40.96,4980.81,2026-02-20
SYN-0019,Synthetic Supplier 0019 LLC,900000000000019,SYN-0019-INV-02,2026-09-08,1035.57,51.78,4980.81,2026-02-20
SYN-0019,Synthetic Supplier 0019 LLC,900000000000019,SYN-0019-INV-03,2025-10-30,1366.56,68.33,4980.81,2026-02-20
SYN-0019,Synthetic Supplier 0019 LLC,900000000000019,SYN-0019-INV-04,2025-12-16,1301.23,65.06,4980.81,2026-02-20
SYN-0019,Synthetic Supplier 0019 LLC,900000000000019,SYN-0019-INV-05,2026-02-01,1011.59,50.58,4980.81,2026-02-20
SYN-0020,Synthetic Supplier 0020 LLC,900000000000020,SYN-0020-INV-01,2026-08-05,7067.67,353.38,10792.08,
SYN-0020,Synthetic Supplier 0020 LLC,900000000000020,SYN-0020-INV-02,2026-09-21,4923.53,246.18,10792.08,
SYN-0021,Synthetic Supplier 0021 LLC,900000000000021,SYN-0021-INV-01,2026-08-18,7932.12,396.61,109020.5,2026-04-22
SYN-0021,Synthetic Supplier 0021 LLC,900000000000021,SYN-0021-INV-02,2025-10-09,10474.86,523.74,109020.5,2026-04-22
SYN-0021,Synthetic Supplier 0021 LLC,900000000000021,SYN-0021-INV-03,2025-11-25,5819.8,290.99,109020.5,2026-04-22
SYN-0022,Synthetic Supplier 0022 LLC,900000000000022,SYN-0022-INV-01,2026-08-31,2840.79,142.04,12809.82,2025-05-23
SYN-0022,Synthetic Supplier 0022 LLC,900000000000022,SYN-0022-INV-02,2025-10-22,4267.16,213.36,12809.82,2025-05-23
SYN-0022,Synthetic Supplier 0022 LLC,900000000000022,SYN-0022-INV-03,2025-12-08,4480.82,224.04,12809.82,2025-05-23
SYN-0022,Synthetic Supplier 0022 LLC,900000000000022,SYN-0022-INV-04,2026-01-24,2644.36,132.22,12809.82,2025-05-23
SYN-0023,Synthetic Supplier 0023 LLC,900000000000023,SYN-0023-INV-01,2026-09-13,2046.26,102.31,10237.01,2026-06-24
SYN-0023,Synthetic Supplier 0023 LLC,900000000000023,SYN-0023-INV-02,2025-11-04,2166.14,108.31,10237.01,2026-06-24
SYN-0023,Synthetic Supplier 0023 LLC,900000000000023,SYN-0023-INV-03,2025-12-21,2174.38,108.72,10237.01,2026-06-24
SYN-0023,Synthetic Supplier 0023 LLC,900000000000023,SYN-0023-INV-04,2026-02-06,2560.25,128.01,10237.01,2026-06-24
SYN-0023,Synthetic Supplier 0023 LLC,900000000000023,SYN-0023-INV-05,2026-03-25,2427.43,121.37,10237.01,2026-06-24
SYN-0024,Synthetic Supplier 0024 LLC,900000000000024,SYN-0024-INV-01,2026-09-26,6265.5,313.28,14099.84,2025-07-25
SYN-0024,Synthetic Supplier 0024 LLC,900000000000024,SYN-0024-INV-02,2025-11-17,9400.99,470.05,14099.84,2025-07-25
SYN-0025,Synthetic Supplier 0025 LLC,900000000000025,SYN-0025-INV-01,2025-10-14,2806.46,140.32,7809.75,
SYN-0025,Synthetic Supplier 0025 LLC,900000000000025,SYN-0025-INV-02,2025-11-30,3034.01,151.7,7809.75,
SYN-0025,Synthetic Supplier 0025 LLC,900000000000025,SYN-0025-INV-03,2026-01-16,2837.02,141.85,7809.75,
SYN-0026,Synthetic Supplier 0026 LLC,900000000000026,SYN-0026-INV-01,2025-10-27,5028.54,251.43,25603.06,2025-09-02
SYN-0026,Synthetic Supplier 0026 LLC,900000000000026,SYN-0026-INV-02,2025-12-13,8357.81,417.89,25603.06,2025-09-02
SYN-0026,Synthetic Supplier 0026 LLC,900000000000026,SYN-0026-INV-03,2026-01-29,9192.54,459.63,25603.06,2025-09-02
SYN-0026,Synthetic Supplier 0026 LLC,900000000000026,SYN-0026-INV-04,2026-03-17,5868.95,293.45,25603.06,2025-09-02
SYN-0027,Synthetic Supplier 0027 LLC,900000000000027,SYN-0027-INV-01,2025-11-09,5259.02,262.95,24969.3,2026-01-03
SYN-0027,Synthetic Supplier 0027 LLC,900000000000027,SYN-0027-INV-02,2025-12-26,6989.06,349.45,24969.3,2026-01-03
SYN-0027,Synthetic Supplier 0027 LLC,900000000000027,SYN-0027-INV-03,2026-02-11,3952.54,197.63,24969.3,2026-01-03
SYN-0027,Synthetic Supplier 0027 LLC,900000000000027,SYN-0027-INV-04,2026-03-30,5126.48,256.32,24969.3,2026-01-03
SYN-0027,Synthetic Supplier 0027 LLC,900000000000027,SYN-0027-INV-05,2026-05-16,6416.57,320.83,24969.3,2026-01-03
SYN-0028,Synthetic Supplier 0028 LLC,900000000000028,SYN-0028-INV-01,2025-11-22,13209.75,660.49,125903.75,2025-02-04
SYN-0028,Synthetic Supplier 0028 LLC,900000000000028,SYN-0028-INV-02,2026-01-08,14768.86,738.44,125903.75,2025-02-04
SYN-0029,Synthetic Supplier 0029 LLC,900000000000029,SYN-0029-INV-01,2025-12-05,3481.66,174.08,10227.12,2026-03-05
SYN-0029,Synthetic Supplier 0029 LLC,900000000000029,SYN-0029-INV-02,2026-01-21,3392.87,169.64,10227.12,2026-03-05
SYN-0029,Synthetic Supplier 0029 LLC,900000000000029,SYN-0029-INV-03,2026-03-09,4488.93,224.45,10227.12,2026-03-05
SYN-0030,Synthetic Supplier 0030 LLC,900000000000030,SYN-0030-INV-01,2025-12-18,1969.01,98.45,6421.67,
SYN-0030,Synthetic Supplier 0030 LLC,900000000000030,SYN-0030-INV-02,2026-02-03,1815.83,90.79,6421.67,
SYN-0030,Synthetic Supplier 0030 LLC,900000000000030,SYN-0030-INV-03,2026-03-22,1399.89,69.99,6421.67,
SYN-0030,Synthetic Supplier 0030 LLC,900000000000030,SYN-0030-INV-04,2026-05-08,1950.46,97.52,6421.67,
SYN-0031,Synthetic Supplier 0031 LLC,900000000000031,SYN-0031-INV-01,2025-12-31,2227.54,111.38,11351.99,2026-05-07
SYN-0031,Synthetic Supplier 0031 LLC,900000000000031,SYN-0031-INV-02,2026-02-16,1972.26,98.61,11351.99,2026-05-07
SYN-0031,Synthetic Supplier 0031 LLC,900000000000031,SYN-0031-INV-03,2026-04-04,3475.6,173.78,11351.99,2026-05-07
SYN-0031,Synthetic Supplier 0031 LLC,900000000000031,SYN-0031-INV-04,2026-05-21,3014.95,150.75,11351.99,2026-05-07
SYN-0031,Synthetic Supplier 0031 LLC,900000000000031,SYN-0031-INV-05,2026-07-07,1922.97,96.15,11351.99,2026-05-07
SYN-0032,Synthetic Supplier 0032 LLC,900000000000032,SYN-0032-INV-01,2026-01-13,12409.36,620.47,20469.28,2025-06-08
SYN-0032,Synthetic Supplier 0032 LLC,900000000000032,SYN-0032-INV-02,2026-03-01,10334.28,516.71,20469.28,2025-06-08
SYN-0033,Synthetic Supplier 0033 LLC,900000000000033,SYN-0033-INV-01,2026-01-26,5604.55,280.23,15070.76,2026-07-09
SYN-0033,Synthetic Supplier 0033 LLC,900000000000033,SYN-0033-INV-02,2026-03-14,6056.65,302.83,15070.76,2026-07-09
SYN-0033,Synthetic Supplier 0033 LLC,900000000000033,SYN-0033-INV-03,2026-04-30,5084.09,254.2,15070.76,2026-07-09
SYN-0034,Synthetic Supplier 0034 LLC,900000000000034,SYN-0034-INV-01,2026-02-08,5759.96,288,17736.14,2025-08-10
SYN-0034,Synthetic Supplier 0034 LLC,900000000000034,SYN-0034-INV-02,2026-03-27,3270.12,163.51,17736.14,2025-08-10
SYN-0034,Synthetic Supplier 0034 LLC,900000000000034,SYN-0034-INV-03,2026-05-13,4794.02,239.7,17736.14,2025-08-10
SYN-0034,Synthetic Supplier 0034 LLC,900000000000034,SYN-0034-INV-04,2026-06-29,5882.72,294.14,17736.14,2025-08-10
SYN-0035,Synthetic Supplier 0035 LLC,900000000000035,SYN-0035-INV-01,2026-02-21,6114.96,305.75,123009.32,
SYN-0035,Synthetic Supplier 0035 LLC,900000000000035,SYN-0035-INV-02,2026-04-09,6897.59,344.88,123009.32,
SYN-0035,Synthetic Supplier 0035 LLC,900000000000035,SYN-0035-INV-03,2026-05-26,4805.01,240.25,123009.32,
SYN-0035,Synthetic Supplier 0035 LLC,900000000000035,SYN-0035-INV-04,2026-07-12,4975.48,248.77,123009.32,
SYN-0035,Synthetic Supplier 0035 LLC,900000000000035,SYN-0035-INV-05,2026-08-28,4542.36,227.12,123009.32,
SYN-0036,Synthetic Supplier 0036 LLC,900000000000036,SYN-0036-INV-01,2026-03-06,2785.96,139.3,4861.38,2025-01-12
SYN-0036,Synthetic Supplier 0036 LLC,900000000000036,SYN-0036-INV-02,2026-04-22,2615.58,130.78,4861.38,2025-01-12
SYN-0037,Synthetic Supplier 0037 LLC,900000000000037,SYN-0037-INV-01,2026-03-19,6877.51,343.88,16360.42,2026-02-13
SYN-0037,Synthetic Supplier 0037 LLC,900000000000037,SYN-0037-INV-02,2026-05-05,6818.44,340.92,16360.42,2026-02-13
SYN-0037,Synthetic Supplier 0037 LLC,900000000000037,SYN-0037-INV-03,2026-06-21,4482.3,224.11,16360.42,2026-02-13
SYN-0038,Synthetic Supplier 0038 LLC,900000000000038,SYN-0038-INV-01,2026-04-01,7742.24,387.11,19280.65,2025-03-14
SYN-0038,Synthetic Supplier 0038 LLC,900000000000038,SYN-0038-INV-02,2026-05-18,3580.59,179.03,19280.65,2025-03-14
SYN-0038,Synthetic Supplier 0038 LLC,900000000000038,SYN-0038-INV-03,2026-07-04,6327.44,316.37,19280.65,2025-03-14
SYN-0038,Synthetic Supplier 0038 LLC,900000000000038,SYN-0038-INV-04,2026-08-20,3772.68,188.63,19280.65,2025-03-14
SYN-0039,Synthetic Supplier 0039 LLC,900000000000039,SYN-0039-INV-01,2026-04-14,2236.61,111.83,10915.93,2026-04-15
SYN-0039,Synthetic Supplier 0039 LLC,900000000000039,SYN-0039-INV-02,2026-05-31,3513.74,175.69,10915.93,2026-04-15
SYN-0039,Synthetic Supplier 0039 LLC,900000000000039,SYN-0039-INV-03,2026-07-17,2637.83,131.89,10915.93,2026-04-15
SYN-0039,Synthetic Supplier 0039 LLC,900000000000039,SYN-0039-INV-04,2026-09-02,1918.67,95.93,10915.93,2026-04-15
SYN-0039,Synthetic Supplier 0039 LLC,900000000000039,SYN-0039-INV-05,2025-10-24,1821.95,91.1,10915.93,2026-04-15
SYN-0040,Synthetic Supplier 0040 LLC,900000000000040,SYN-0040-INV-01,2026-04-27,14599.49,729.97,22432.45,
SYN-0040,Synthetic Supplier 0040 LLC,900000000000040,SYN-0040-INV-02,2026-06-13,10325.46,516.27,22432.45,
SYN-0041,Synthetic Supplier 0041 LLC,900000000000041,SYN-0041-INV-01,2026-05-10,10527.51,526.38,23410.71,2026-06-17
SYN-0041,Synthetic Supplier 0041 LLC,900000000000041,SYN-0041-INV-02,2026-06-26,6504.91,325.25,23410.71,2026-06-17
SYN-0041,Synthetic Supplier 0041 LLC,900000000000041,SYN-0041-INV-03,2026-08-12,8979.48,448.97,23410.71,2026-06-17
SYN-0042,Synthetic Supplier 0042 LLC,900000000000042,SYN-0042-INV-01,2026-05-23,8034.19,401.71,124504.21,2025-07-18
SYN-0042,Synthetic Supplier 0042 LLC,900000000000042,SYN-0042-INV-02,2026-07-09,5019.69,250.98,124504.21,2025-07-18
SYN-0042,Synthetic Supplier 0042 LLC,900000000000042,SYN-0042-INV-03,2026-08-25,6266.45,313.32,124504.21,2025-07-18
SYN-0042,Synthetic Supplier 0042 LLC,900000000000042,SYN-0042-INV-04,2025-10-16,8347.27,417.36,124504.21,2025-07-18
SYN-0043,Synthetic Supplier 0043 LLC,900000000000043,SYN-0043-INV-01,2026-06-05,4897.73,244.89,17907.02,2026-08-19
SYN-0043,Synthetic Supplier 0043 LLC,900000000000043,SYN-0043-INV-02,2026-07-22,3400.49,170.02,17907.02,2026-08-19
SYN-0043,Synthetic Supplier 0043 LLC,900000000000043,SYN-0043-INV-03,2026-09-07,2377.25,118.86,17907.02,2026-08-19
SYN-0043,Synthetic Supplier 0043 LLC,900000000000043,SYN-0043-INV-04,2025-10-29,5246.88,262.34,17907.02,2026-08-19
SYN-0043,Synthetic Supplier 0043 LLC,900000000000043,SYN-0043-INV-05,2025-12-15,3974.33,198.72,17907.02,2026-08-19
SYN-0044,Synthetic Supplier 0044 LLC,900000000000044,SYN-0044-INV-01,2026-06-18,5705.72,285.29,11374.32,2025-09-20
SYN-0044,Synthetic Supplier 0044 LLC,900000000000044,SYN-0044-INV-02,2026-08-04,6932.41,346.62,11374.32,2025-09-20
SYN-0045,Synthetic Supplier 0045 LLC,900000000000045,SYN-0045-INV-01,2026-07-01,5657.96,282.9,13475.26,
SYN-0045,Synthetic Supplier 0045 LLC,900000000000045,SYN-0045-INV-02,2026-08-17,4308.02,215.4,13475.26,
SYN-0045,Synthetic Supplier 0045 LLC,900000000000045,SYN-0045-INV-03,2025-10-08,5006.53,250.33,13475.26,
SYN-0046,Synthetic Supplier 0046 LLC,900000000000046,SYN-0046-INV-01,2026-07-14,2508.02,125.4,10445.52,2025-02-22
SYN-0046,Synthetic Supplier 0046 LLC,900000000000046,SYN-0046-INV-02,2026-08-30,3022.28,151.11,10445.52,2025-02-22
SYN-0046,Synthetic Supplier 0046 LLC,900000000000046,SYN-0046-INV-03,2025-10-21,2926.84,146.34,10445.52,2025-02-22
SYN-0046,Synthetic Supplier 0046 LLC,900000000000046,SYN-0046-INV-04,2025-12-07,3148.99,157.45,10445.52,2025-02-22
SYN-0047,Synthetic Supplier 0047 LLC,900000000000047,SYN-0047-INV-01,2026-07-27,3090.93,154.55,13804.66,2026-03-23
SYN-0047,Synthetic Supplier 0047 LLC,900000000000047,SYN-0047-INV-02,2026-09-12,3307.52,165.38,13804.66,2026-03-23
SYN-0047,Synthetic Supplier 0047 LLC,900000000000047,SYN-0047-INV-03,2025-11-03,3413.98,170.7,13804.66,2026-03-23
SYN-0047,Synthetic Supplier 0047 LLC,900000000000047,SYN-0047-INV-04,2025-12-20,3035.78,151.79,13804.66,2026-03-23
SYN-0047,Synthetic Supplier 0047 LLC,900000000000047,SYN-0047-INV-05,2026-02-05,2490.29,124.51,13804.66,2026-03-23
SYN-0048,Synthetic Supplier 0048 LLC,900000000000048,SYN-0048-INV-01,2026-08-09,7191.73,359.59,10585.2,2025-04-24
SYN-0048,Synthetic Supplier 0048 LLC,900000000000048,SYN-0048-INV-02,2026-09-25,4569.6,228.48,10585.2,2025-04-24
SYN-0049,Synthetic Supplier 0049 LLC,900000000000049,SYN-0049-INV-01,2026-08-22,5137.62,256.88,84721.07,2026-05-25
SYN-0049,Synthetic Supplier 0049 LLC,900000000000049,SYN-0049-INV-02,2025-10-13,5928.79,296.44,84721.07,2026-05-25
SYN-0049,Synthetic Supplier 0049 LLC,900000000000049,SYN-0049-INV-03,2025-11-29,7760.49,388.02,84721.07,2026-05-25
SYN-0050,Synthetic Supplier 0050 LLC,900000000000050,SYN-0050-INV-01,2026-09-04,2428.97,121.45,10199.88,
SYN-0050,Synthetic Supplier 0050 LLC,900000000000050,SYN-0050-INV-02,2025-10-26,3432.33,171.62,10199.88,
SYN-0050,Synthetic Supplier 0050 LLC,900000000000050,SYN-0050-INV-03,2025-12-12,2265.73,113.29,10199.88,
SYN-0050,Synthetic Supplier 0050 LLC,900000000000050,SYN-0050-INV-04,2026-01-28,3206.17,160.31,10199.88,
SYN-0051,Synthetic Supplier 0051 LLC,900000000000051,SYN-0051-INV-01,2026-09-17,1160.05,58,4894.26,2026-07-02
SYN-0051,Synthetic Supplier 0051 LLC,900000000000051,SYN-0051-INV-02,2025-11-08,1085.42,54.27,4894.26,2026-07-02
SYN-0051,Synthetic Supplier 0051 LLC,900000000000051,SYN-0051-INV-03,2025-12-25,964.69,48.23,4894.26,2026-07-02
SYN-0051,Synthetic Supplier 0051 LLC,900000000000051,SYN-0051-INV-04,2026-02-10,1373.39,68.67,4894.26,2026-07-02
SYN-0051,Synthetic Supplier 0051 LLC,900000000000051,SYN-0051-INV-05,2026-03-29,854.51,42.73,4894.26,2026-07-02
SYN-0052,Synthetic Supplier 0052 LLC,900000000000052,SYN-0052-INV-01,2025-10-05,2955.35,147.77,5558.09,2025-08-03
SYN-0052,Synthetic Supplier 0052 LLC,900000000000052,SYN-0052-INV-02,2025-11-21,3220.31,161.02,5558.09,2025-08-03
SYN-0053,Synthetic Supplier 0053 LLC,900000000000053,SYN-0053-INV-01,2025-10-18,2640.1,132,8640.44,2026-09-04
SYN-0053,Synthetic Supplier 0053 LLC,900000000000053,SYN-0053-INV-02,2025-12-04,4098.46,204.92,8640.44,2026-09-04
SYN-0053,Synthetic Supplier 0053 LLC,900000000000053,SYN-0053-INV-03,2026-01-20,2861.93,143.1,8640.44,2026-09-04
SYN-0054,Synthetic Supplier 0054 LLC,900000000000054,SYN-0054-INV-01,2025-10-31,2226.89,111.34,10141.48,2025-01-05
SYN-0054,Synthetic Supplier 0054 LLC,900000000000054,SYN-0054-INV-02,2025-12-17,2604.61,130.23,10141.48,2025-01-05
SYN-0054,Synthetic Supplier 0054 LLC,900000000000054,SYN-0054-INV-03,2026-02-02,3100.36,155.02,10141.48,2025-01-05
SYN-0054,Synthetic Supplier 0054 LLC,900000000000054,SYN-0054-INV-04,2026-03-21,3336.45,166.82,10141.48,2025-01-05
SYN-0055,Synthetic Supplier 0055 LLC,900000000000055,SYN-0055-INV-01,2025-11-13,3189.29,159.46,12341.7,
SYN-0055,Synthetic Supplier 0055 LLC,900000000000055,SYN-0055-INV-02,2025-12-30,2241.08,112.05,12341.7,
SYN-0055,Synthetic Supplier 0055 LLC,900000000000055,SYN-0055-INV-03,2026-02-15,3304.34,165.22,12341.7,
SYN-0055,Synthetic Supplier 0055 LLC,900000000000055,SYN-0055-INV-04,2026-04-03,2600.01,130,12341.7,
SYN-0055,Synthetic Supplier 0055 LLC,900000000000055,SYN-0055-INV-05,2026-05-20,2378.28,118.91,12341.7,
SYN-0056,Synthetic Supplier 0056 LLC,900000000000056,SYN-0056-INV-01,2025-11-26,7046.87,352.34,50719.42,2025-03-07
SYN-0056,Synthetic Supplier 0056 LLC,900000000000056,SYN-0056-INV-02,2026-01-12,4224.12,211.21,50719.42,2025-03-07
SYN-0057,Synthetic Supplier 0057 LLC,900000000000057,SYN-0057-INV-01,2025-12-09,2534.58,126.73,6599.46,2026-04-08
SYN-0057,Synthetic Supplier 0057 LLC,900000000000057,SYN-0057-INV-02,2026-01-25,3232.96,161.65,6599.46,2026-04-08
SYN-0057,Synthetic Supplier 0057 LLC,900000000000057,SYN-0057-INV-03,2026-03-13,1565.2,78.26,6599.46,2026-04-08
SYN-0058,Synthetic Supplier 0058 LLC,900000000000058,SYN-0058-INV-01,2025-12-22,4259.54,212.98,17677.37,2025-05-09
SYN-0058,Synthetic Supplier 0058 LLC,900000000000058,SYN-0058-INV-02,2026-02-07,6259.99,313,17677.37,2025-05-09
SYN-0058,Synthetic Supplier 0058 LLC,900000000000058,SYN-0058-INV-03,2026-03-26,3938.97,196.95,17677.37,2025-05-09
SYN-0058,Synthetic Supplier 0058 LLC,900000000000058,SYN-0058-INV-04,2026-05-12,5183.03,259.15,17677.37,2025-05-09
SYN-0059,Synthetic Supplier 0059 LLC,900000000000059,SYN-0059-INV-01,2026-01-04,2139.54,106.98,14043.49,2026-06-10
SYN-0059,Synthetic Supplier 0059 LLC,900000000000059,SYN-0059-INV-02,2026-02-20,2380.14,119.01,14043.49,2026-06-10
SYN-0059,Synthetic Supplier 0059 LLC,900000000000059,SYN-0059-INV-03,2026-04-08,4539.71,226.99,14043.49,2026-06-10
SYN-0059,Synthetic Supplier 0059 LLC,900000000000059,SYN-0059-INV-04,2026-05-25,2724.65,136.23,14043.49,2026-06-10
SYN-0059,Synthetic Supplier 0059 LLC,900000000000059,SYN-0059-INV-05,2026-07-11,3819.85,190.99,14043.49,2026-06-10
SYN-0060,Synthetic Supplier 0060 LLC,900000000000060,SYN-0060-INV-01,2026-01-17,3598.99,179.95,8364.22,
SYN-0060,Synthetic Supplier 0060 LLC,900000000000060,SYN-0060-INV-02,2026-03-05,5694.59,284.73,8364.22,
SYN-0061,Synthetic Supplier 0061 LLC,900000000000061,SYN-0061-INV-01,2026-01-30,7914.77,395.74,18001.76,2026-08-12
SYN-0061,Synthetic Supplier 0061 LLC,900000000000061,SYN-0061-INV-02,2026-03-18,5745.19,287.26,18001.76,2026-08-12
SYN-0061,Synthetic Supplier 0061 LLC,900000000000061,SYN-0061-INV-03,2026-05-04,6341.99,317.1,18001.76,2026-08-12
SYN-0062,Synthetic Supplier 0062 LLC,900000000000062,SYN-0062-INV-01,2026-02-12,5363.66,268.18,26041.98,2025-09-13
SYN-0062,Synthetic Supplier 0062 LLC,900000000000062,SYN-0062-INV-02,2026-03-31,9238.56,461.93,26041.98,2025-09-13
SYN-0062,Synthetic Supplier 0062 LLC,900000000000062,SYN-0062-INV-03,2026-05-17,8623.38,431.17,26041.98,2025-09-13
SYN-0062,Synthetic Supplier 0062 LLC,900000000000062,SYN-0062-INV-04,2026-07-03,5709.93,285.5,26041.98,2025-09-13
SYN-0063,Synthetic Supplier 0063 LLC,900000000000063,SYN-0063-INV-01,2026-02-25,6119.58,305.98,106022.01,2026-01-14
SYN-0063,Synthetic Supplier 0063 LLC,900000000000063,SYN-0063-INV-02,2026-04-13,4336.92,216.85,106022.01,2026-01-14
SYN-0063,Synthetic Supplier 0063 LLC,900000000000063,SYN-0063-INV-03,2026-05-30,3371.04,168.55,106022.01,2026-01-14
SYN-0063,Synthetic Supplier 0063 LLC,900000000000063,SYN-0063-INV-04,2026-07-16,3410.27,170.51,106022.01,2026-01-14
SYN-0063,Synthetic Supplier 0063 LLC,900000000000063,SYN-0063-INV-05,2026-09-01,6322.63,316.13,106022.01,2026-01-14
SYN-0064,Synthetic Supplier 0064 LLC,900000000000064,SYN-0064-INV-01,2026-03-10,7124.56,356.23,10667.63,2025-02-15
SYN-0064,Synthetic Supplier 0064 LLC,900000000000064,SYN-0064-INV-02,2026-04-26,4728.36,236.42,10667.63,2025-02-15
SYN-0065,Synthetic Supplier 0065 LLC,900000000000065,SYN-0065-INV-01,2026-03-23,2920.33,146.02,8403.46,
SYN-0065,Synthetic Supplier 0065 LLC,900000000000065,SYN-0065-INV-02,2026-05-09,2277.6,113.88,8403.46,
SYN-0065,Synthetic Supplier 0065 LLC,900000000000065,SYN-0065-INV-03,2026-06-25,4139.25,206.96,8403.46,
SYN-0066,Synthetic Supplier 0066 LLC,900000000000066,SYN-0066-INV-01,2026-04-05,10491.3,524.56,25750.26,2025-04-17
SYN-0066,Synthetic Supplier 0066 LLC,900000000000066,SYN-0066-INV-02,2026-05-22,8265.62,413.28,25750.26,2025-04-17
SYN-0066,Synthetic Supplier 0066 LLC,900000000000066,SYN-0066-INV-03,2026-07-08,5279.54,263.98,25750.26,2025-04-17
SYN-0066,Synthetic Supplier 0066 LLC,900000000000066,SYN-0066-INV-04,2026-08-24,4574.94,228.75,25750.26,2025-04-17
SYN-0067,Synthetic Supplier 0067 LLC,900000000000067,SYN-0067-INV-01,2026-04-18,4286.15,214.31,17324.83,2026-05-18
SYN-0067,Synthetic Supplier 0067 LLC,900000000000067,SYN-0067-INV-02,2026-06-04,3762.88,188.14,17324.83,2026-05-18
SYN-0067,Synthetic Supplier 0067 LLC,900000000000067,SYN-0067-INV-03,2026-07-21,3303.36,165.17,17324.83,2026-05-18
SYN-0067,Synthetic Supplier 0067 LLC,900000000000067,SYN-0067-INV-04,2026-09-06,3418.52,170.93,17324.83,2026-05-18
SYN-0067,Synthetic Supplier 0067 LLC,900000000000067,SYN-0067-INV-05,2025-10-28,4478.9,223.95,17324.83,2026-05-18
SYN-0068,Synthetic Supplier 0068 LLC,900000000000068,SYN-0068-INV-01,2026-05-01,13443.77,672.19,18608.72,2025-06-19
SYN-0068,Synthetic Supplier 0068 LLC,900000000000068,SYN-0068-INV-02,2026-06-17,7232.58,361.63,18608.72,2025-06-19
SYN-0069,Synthetic Supplier 0069 LLC,900000000000069,SYN-0069-INV-01,2026-05-14,6435.66,321.78,16432.51,2026-07-20
SYN-0069,Synthetic Supplier 0069 LLC,900000000000069,SYN-0069-INV-02,2026-06-30,6878.84,343.94,16432.51,2026-07-20
SYN-0069,Synthetic Supplier 0069 LLC,900000000000069,SYN-0069-INV-03,2026-08-16,4943.85,247.19,16432.51,2026-07-20
SYN-0070,Synthetic Supplier 0070 LLC,900000000000070,SYN-0070-INV-01,2026-05-27,2568.1,128.41,39795.26,
SYN-0070,Synthetic Supplier 0070 LLC,900000000000070,SYN-0070-INV-02,2026-07-13,2127.35,106.37,39795.26,
SYN-0070,Synthetic Supplier 0070 LLC,900000000000070,SYN-0070-INV-03,2026-08-29,1927,96.35,39795.26,
SYN-0070,Synthetic Supplier 0070 LLC,900000000000070,SYN-0070-INV-04,2025-10-20,2220.94,111.05,39795.26,
SYN-0071,Synthetic Supplier 0071 LLC,900000000000071,SYN-0071-INV-01,2026-06-09,2578.51,128.93,14729.41,2026-09-22
SYN-0071,Synthetic Supplier 0071 LLC,900000000000071,SYN-0071-INV-02,2026-07-26,3613.01,180.65,14729.41,2026-09-22
SYN-0071,Synthetic Supplier 0071 LLC,900000000000071,SYN-0071-INV-03,2026-09-11,3893.24,194.66,14729.41,2026-09-22
SYN-0071,Synthetic Supplier 0071 LLC,900000000000071,SYN-0071-INV-04,2025-11-02,2562.94,128.15,14729.41,2026-09-22
SYN-0071,Synthetic Supplier 0071 LLC,900000000000071,SYN-0071-INV-05,2025-12-19,3718.31,185.92,14729.41,2026-09-22
SYN-0072,Synthetic Supplier 0072 LLC,900000000000072,SYN-0072-INV-01,2026-06-22,11817.23,590.86,16035.97,2025-01-23
SYN-0072,Synthetic Supplier 0072 LLC,900000000000072,SYN-0072-INV-02,2026-08-08,6000.52,300.03,16035.97,2025-01-23
SYN-0073,Synthetic Supplier 0073 LLC,900000000000073,SYN-0073-INV-01,2026-07-05,10010.67,500.53,22632.21,2026-02-24
SYN-0073,Synthetic Supplier 0073 LLC,900000000000073,SYN-0073-INV-02,2026-08-21,8706.62,435.33,22632.21,2026-02-24
SYN-0073,Synthetic Supplier 0073 LLC,900000000000073,SYN-0073-INV-03,2025-10-12,6429.61,321.48,22632.21,2026-02-24
SYN-0074,Synthetic Supplier 0074 LLC,900000000000074,SYN-0074-INV-01,2026-07-18,1567.59,78.38,7042.04,2025-03-25
SYN-0074,Synthetic Supplier 0074 LLC,900000000000074,SYN-0074-INV-02,2026-09-03,1456.82,72.84,7042.04,2025-03-25
SYN-0074,Synthetic Supplier 0074 LLC,900000000000074,SYN-0074-INV-03,2025-10-25,2421.02,121.05,7042.04,2025-03-25
SYN-0074,Synthetic Supplier 0074 LLC,900000000000074,SYN-0074-INV-04,2025-12-11,2379.05,118.95,7042.04,2025-03-25
SYN-0075,Synthetic Supplier 0075 LLC,900000000000075,SYN-0075-INV-01,2026-07-31,2479.8,123.99,11036.53,
SYN-0075,Synthetic Supplier 0075 LLC,900000000000075,SYN-0075-INV-02,2026-09-16,2567.09,128.35,11036.53,
SYN-0075,Synthetic Supplier 0075 LLC,900000000000075,SYN-0075-INV-03,2025-11-07,2318.27,115.91,11036.53,
SYN-0075,Synthetic Supplier 0075 LLC,900000000000075,SYN-0075-INV-04,2025-12-24,2526.61,126.33,11036.53,
SYN-0075,Synthetic Supplier 0075 LLC,900000000000075,SYN-0075-INV-05,2026-02-09,2371.02,118.55,11036.53,
SYN-0076,Synthetic Supplier 0076 LLC,900000000000076,SYN-0076-INV-01,2026-08-13,6198.42,309.92,10647.83,2025-05-02
SYN-0076,Synthetic Supplier 0076 LLC,900000000000076,SYN-0076-INV-02,2025-10-04,5632.5,281.62,10647.83,2025-05-02
SYN-0077,Synthetic Supplier 0077 LLC,900000000000077,SYN-0077-INV-01,2026-08-26,5350.76,267.54,65463.38,2026-06-03
SYN-0077,Synthetic Supplier 0077 LLC,900000000000077,SYN-0077-INV-02,2025-10-17,5551.21,277.56,65463.38,2026-06-03
SYN-0077,Synthetic Supplier 0077 LLC,900000000000077,SYN-0077-INV-03,2025-12-03,3645.44,182.27,65463.38,2026-06-03
SYN-0078,Synthetic Supplier 0078 LLC,900000000000078,SYN-0078-INV-01,2026-09-08,2095.2,104.76,6279.82,2025-07-04
SYN-0078,Synthetic Supplier 0078 LLC,900000000000078,SYN-0078-INV-02,2025-10-30,2190.49,109.52,6279.82,2025-07-04
SYN-0078,Synthetic Supplier 0078 LLC,900000000000078,SYN-0078-INV-03,2025-12-16,1132.75,56.64,6279.82,2025-07-04
SYN-0078,Synthetic Supplier 0078 LLC,900000000000078,SYN-0078-INV-04,2026-02-01,1559.13,77.96,6279.82,2025-07-04
SYN-0079,Synthetic Supplier 0079 LLC,900000000000079,SYN-0079-INV-01,2026-09-21,3056.98,152.85,19404.77,2026-08-05
SYN-0079,Synthetic Supplier 0079 LLC,900000000000079,SYN-0079-INV-02,2025-11-12,3140.7,157.03,19404.77,2026-08-05
SYN-0079,Synthetic Supplier 0079 LLC,900000000000079,SYN-0079-INV-03,2025-12-29,5536.84,276.84,19404.77,2026-08-05
SYN-0079,Synthetic Supplier 0079 LLC,900000000000079,SYN-0079-INV-04,2026-02-14,4788.52,239.43,19404.77,2026-08-05
SYN-0079,Synthetic Supplier 0079 LLC,900000000000079,SYN-0079-INV-05,2026-04-02,5037.82,251.89,19404.77,2026-08-05
SYN-0080,Synthetic Supplier 0080 LLC,900000000000080,SYN-0080-INV-01,2025-10-09,9844.88,492.24,21969.55,
SYN-0080,Synthetic Supplier 0080 LLC,900000000000080,SYN-0080-INV-02,2025-11-25,14565.74,728.29,21969.55,
SYN-0081,Synthetic Supplier 0081 LLC,900000000000081,SYN-0081-INV-01,2025-10-22,2142.44,107.12,6063.17,2026-01-07
SYN-0081,Synthetic Supplier 0081 LLC,900000000000081,SYN-0081-INV-02,2025-12-08,1807.36,90.37,6063.17,2026-01-07
SYN-0081,Synthetic Supplier 0081 LLC,900000000000081,SYN-0081-INV-03,2026-01-24,2787.06,139.35,6063.17,2026-01-07
SYN-0082,Synthetic Supplier 0082 LLC,900000000000082,SYN-0082-INV-01,2025-11-04,4751.34,237.57,19456.33,2025-02-08
SYN-0082,Synthetic Supplier 0082 LLC,900000000000082,SYN-0082-INV-02,2025-12-21,7150.14,357.51,19456.33,2025-02-08
SYN-0082,Synthetic Supplier 0082 LLC,900000000000082,SYN-0082-INV-03,2026-02-06,4434.83,221.74,19456.33,2025-02-08
SYN-0082,Synthetic Supplier 0082 LLC,900000000000082,SYN-0082-INV-04,2026-03-25,5281.83,264.09,19456.33,2025-02-08
SYN-0083,Synthetic Supplier 0083 LLC,900000000000083,SYN-0083-INV-01,2025-11-17,5443.93,272.2,21148.22,2026-03-09
SYN-0083,Synthetic Supplier 0083 LLC,900000000000083,SYN-0083-INV-02,2026-01-03,5822.78,291.14,21148.22,2026-03-09
SYN-0083,Synthetic Supplier 0083 LLC,900000000000083,SYN-0083-INV-03,2026-02-19,2847.23,142.36,21148.22,2026-03-09
SYN-0083,Synthetic Supplier 0083 LLC,900000000000083,SYN-0083-INV-04,2026-04-07,5668.35,283.42,21148.22,2026-03-09
SYN-0083,Synthetic Supplier 0083 LLC,900000000000083,SYN-0083-INV-05,2026-05-24,3715.74,185.79,21148.22,2026-03-09
SYN-0084,Synthetic Supplier 0084 LLC,900000000000084,SYN-0084-INV-01,2025-11-30,9156.87,457.84,81827.39,2025-04-10
SYN-0084,Synthetic Supplier 0084 LLC,900000000000084,SYN-0084-INV-02,2026-01-16,9027,451.35,81827.39,2025-04-10
SYN-0085,Synthetic Supplier 0085 LLC,900000000000085,SYN-0085-INV-01,2025-12-13,7386.51,369.33,21034.09,
SYN-0085,Synthetic Supplier 0085 LLC,900000000000085,SYN-0085-INV-02,2026-01-29,7658.58,382.93,21034.09,
SYN-0085,Synthetic Supplier 0085 LLC,900000000000085,SYN-0085-INV-03,2026-03-17,8326.13,416.31,21034.09,
SYN-0086,Synthetic Supplier 0086 LLC,900000000000086,SYN-0086-INV-01,2025-12-26,3682.77,184.14,16886.56,2025-06-12
SYN-0086,Synthetic Supplier 0086 LLC,900000000000086,SYN-0086-INV-02,2026-02-11,6081.11,304.06,16886.56,2025-06-12
SYN-0086,Synthetic Supplier 0086 LLC,900000000000086,SYN-0086-INV-03,2026-03-30,4344.08,217.2,16886.56,2025-06-12
SYN-0086,Synthetic Supplier 0086 LLC,900000000000086,SYN-0086-INV-04,2026-05-16,4654.89,232.74,16886.56,2025-06-12
SYN-0087,Synthetic Supplier 0087 LLC,900000000000087,SYN-0087-INV-01,2026-01-08,2368.99,118.45,14936.31,2026-07-13
SYN-0087,Synthetic Supplier 0087 LLC,900000000000087,SYN-0087-INV-02,2026-02-24,3669.79,183.49,14936.31,2026-07-13
SYN-0087,Synthetic Supplier 0087 LLC,900000000000087,SYN-0087-INV-03,2026-04-12,4214.05,210.7,14936.31,2026-07-13
SYN-0087,Synthetic Supplier 0087 LLC,900000000000087,SYN-0087-INV-04,2026-05-29,4020.41,201.02,14936.31,2026-07-13
SYN-0087,Synthetic Supplier 0087 LLC,900000000000087,SYN-0087-INV-05,2026-07-15,2322.66,116.13,14936.31,2026-07-13
SYN-0088,Synthetic Supplier 0088 LLC,900000000000088,SYN-0088-INV-01,2026-01-21,7547.32,377.37,14581.2,2025-08-14
SYN-0088,Synthetic Supplier 0088 LLC,900000000000088,SYN-0088-INV-02,2026-03-09,8654.02,432.7,14581.2,2025-08-14
SYN-0089,Synthetic Supplier 0089 LLC,900000000000089,SYN-0089-INV-01,2026-02-03,3348.57,167.43,7767.63,2026-09-15
SYN-0089,Synthetic Supplier 0089 LLC,900000000000089,SYN-0089-INV-02,2026-03-22,3335.19,166.76,7767.63,2026-09-15
SYN-0089,Synthetic Supplier 0089 LLC,900000000000089,SYN-0089-INV-03,2026-05-08,1946.94,97.35,7767.63,2026-09-15
SYN-0090,Synthetic Supplier 0090 LLC,900000000000090,SYN-0090-INV-01,2026-02-16,1938.6,96.93,7527.82,
SYN-0090,Synthetic Supplier 0090 LLC,900000000000090,SYN-0090-INV-02,2026-04-04,2955.79,147.79,7527.82,
SYN-0090,Synthetic Supplier 0090 LLC,900000000000090,SYN-0090-INV-03,2026-05-21,1365.79,68.29,7527.82,
SYN-0090,Synthetic Supplier 0090 LLC,900000000000090,SYN-0090-INV-04,2026-07-07,2104.07,105.2,7527.82,
SYN-0091,Synthetic Supplier 0091 LLC,900000000000091,SYN-0091-INV-01,2026-03-01,3877.65,193.88,66186.28,2026-02-17
SYN-0091,Synthetic Supplier 0091 LLC,900000000000091,SYN-0091-INV-02,2026-04-17,2734.21,136.71,66186.28,2026-02-17
SYN-0091,Synthetic Supplier 0091 LLC,900000000000091,SYN-0091-INV-03,2026-06-03,2348.57,117.43,66186.28,2026-02-17
SYN-0091,Synthetic Supplier 0091 LLC,900000000000091,SYN-0091-INV-04,2026-07-20,2734.67,136.73,66186.28,2026-02-17
SYN-0091,Synthetic Supplier 0091 LLC,900000000000091,SYN-0091-INV-05,2026-09-05,3012.97,150.65,66186.28,2026-02-17
SYN-0092,Synthetic Supplier 0092 LLC,900000000000092,SYN-0092-INV-01,2026-03-14,12310.39,615.52,20459.96,2025-03-18
SYN-0092,Synthetic Supplier 0092 LLC,900000000000092,SYN-0092-INV-02,2026-04-30,10422.9,521.14,20459.96,2025-03-18
SYN-0093,Synthetic Supplier 0093 LLC,900000000000093,SYN-0093-INV-01,2026-03-27,7008.94,350.45,18389.31,2026-04-19
SYN-0093,Synthetic Supplier 0093 LLC,900000000000093,SYN-0093-INV-02,2026-05-13,6428.67,321.43,18389.31,2026-04-19
SYN-0093,Synthetic Supplier 0093 LLC,900000000000093,SYN-0093-INV-03,2026-06-29,6994.96,349.75,18389.31,2026-04-19
SYN-0094,Synthetic Supplier 0094 LLC,900000000000094,SYN-0094-INV-01,2026-04-09,5700.84,285.04,25897.86,2025-05-20
SYN-0094,Synthetic Supplier 0094 LLC,900000000000094,SYN-0094-INV-02,2026-05-26,7756.28,387.81,25897.86,2025-05-20
SYN-0094,Synthetic Supplier 0094 LLC,900000000000094,SYN-0094-INV-03,2026-07-12,8097.53,404.88,25897.86,2025-05-20
SYN-0094,Synthetic Supplier 0094 LLC,900000000000094,SYN-0094-INV-04,2026-08-28,7220.76,361.04,25897.86,2025-05-20
SYN-0095,Synthetic Supplier 0095 LLC,900000000000095,SYN-0095-INV-01,2026-04-22,2016.79,100.84,15475.68,
SYN-0095,Synthetic Supplier 0095 LLC,900000000000095,SYN-0095-INV-02,2026-06-08,2256.13,112.81,15475.68,
SYN-0095,Synthetic Supplier 0095 LLC,900000000000095,SYN-0095-INV-03,2026-07-25,4714.52,235.73,15475.68,
SYN-0095,Synthetic Supplier 0095 LLC,900000000000095,SYN-0095-INV-04,2026-09-10,4183.73,209.19,15475.68,
SYN-0095,Synthetic Supplier 0095 LLC,900000000000095,SYN-0095-INV-05,2025-11-01,4024.04,201.2,15475.68,
SYN-0096,Synthetic Supplier 0096 LLC,900000000000096,SYN-0096-INV-01,2026-05-05,15172.7,758.64,24045.07,2025-07-22
SYN-0096,Synthetic Supplier 0096 LLC,900000000000096,SYN-0096-INV-02,2026-06-21,11544.04,577.2,24045.07,2025-07-22
SYN-0097,Synthetic Supplier 0097 LLC,900000000000097,SYN-0097-INV-01,2026-05-18,5220.78,261.04,17880.34,2026-08-23
SYN-0097,Synthetic Supplier 0097 LLC,900000000000097,SYN-0097-INV-02,2026-07-04,8678.26,433.91,17880.34,2026-08-23
SYN-0097,Synthetic Supplier 0097 LLC,900000000000097,SYN-0097-INV-03,2026-08-20,5968.01,298.4,17880.34,2026-08-23
SYN-0098,Synthetic Supplier 0098 LLC,900000000000098,SYN-0098-INV-01,2026-05-31,3050.66,152.53,68440.22,2025-09-24
SYN-0098,Synthetic Supplier 0098 LLC,900000000000098,SYN-0098-INV-02,2026-07-17,2991.45,149.57,68440.22,2025-09-24
SYN-0098,Synthetic Supplier 0098 LLC,900000000000098,SYN-0098-INV-03,2026-09-02,4896.24,244.81,68440.22,2025-09-24
SYN-0098,Synthetic Supplier 0098 LLC,900000000000098,SYN-0098-INV-04,2025-10-24,4270.58,213.53,68440.22,2025-09-24
SYN-0099,Synthetic Supplier 0099 LLC,900000000000099,SYN-0099-INV-01,2026-06-13,4352.29,217.61,16505.39,2026-01-25
SYN-0099,Synthetic Supplier 0099 LLC,900000000000099,SYN-0099-INV-02,2026-07-30,2615.82,130.79,16505.39,2026-01-25
SYN-0099,Synthetic Supplier 0099 LLC,900000000000099,SYN-0099-INV-03,2026-09-15,4075.6,203.78,16505.39,2026-01-25
SYN-0099,Synthetic Supplier 0099 LLC,900000000000099,SYN-0099-INV-04,2025-11-06,3196.09,159.8,16505.39,2026-01-25
SYN-0099,Synthetic Supplier 0099 LLC,900000000000099,SYN-0099-INV-05,2025-12-23,4099.51,204.98,16505.39,2026-01-25
SYN-0100,Synthetic Supplier 0100 LLC,900000000000100,SYN-0100-INV-01,2026-06-26,3518.53,175.93,8217.29,
SYN-0100,Synthetic Supplier 0100 LLC,900000000000100,SYN-0100-INV-02,2026-08-12,5611.79,280.59,8217.29,
SYN-0101,Synthetic Supplier 0101 LLC,900000000000101,SYN-0101-INV-01,2026-07-09,8789.72,439.49,25681.47,2026-03-02
SYN-0101,Synthetic Supplier 0101 LLC,900000000000101,SYN-0101-INV-02,2026-08-25,9417.03,470.85,25681.47,2026-03-02
SYN-0101,Synthetic Supplier 0101 LLC,900000000000101,SYN-0101-INV-03,2025-10-16,10328.22,516.41,25681.47,2026-03-02
SYN-0102,Synthetic Supplier 0102 LLC,900000000000102,SYN-0102-INV-01,2026-07-22,2895.94,144.8,16968.38,2025-04-03
SYN-0102,Synthetic Supplier 0102 LLC,900000000000102,SYN-0102-INV-02,2026-09-07,5506.12,275.31,16968.38,2025-04-03
SYN-0102,Synthetic Supplier 0102 LLC,900000000000102,SYN-0102-INV-03,2025-10-29,3828.12,191.41,16968.38,2025-04-03
SYN-0102,Synthetic Supplier 0102 LLC,900000000000102,SYN-0102-INV-04,2025-12-15,6623.57,331.18,16968.38,2025-04-03
SYN-0103,Synthetic Supplier 0103 LLC,900000000000103,SYN-0103-INV-01,2026-08-04,3867.55,193.38,16797.7,2026-05-04
SYN-0103,Synthetic Supplier 0103 LLC,900000000000103,SYN-0103-INV-02,2026-09-20,4262.69,213.13,16797.7,2026-05-04
SYN-0103,Synthetic Supplier 0103 LLC,900000000000103,SYN-0103-INV-03,2025-11-11,2785.09,139.25,16797.7,2026-05-04
SYN-0103,Synthetic Supplier 0103 LLC,900000000000103,SYN-0103-INV-04,2025-12-28,3125.08,156.25,16797.7,2026-05-04
SYN-0103,Synthetic Supplier 0103 LLC,900000000000103,SYN-0103-INV-05,2026-02-13,4623.7,231.19,16797.7,2026-05-04
SYN-0104,Synthetic Supplier 0104 LLC,900000000000104,SYN-0104-INV-01,2026-08-17,6353.64,317.68,13671.15,2025-06-05
SYN-0104,Synthetic Supplier 0104 LLC,900000000000104,SYN-0104-INV-02,2025-10-08,8836.53,441.83,13671.15,2025-06-05
SYN-0105,Synthetic Supplier 0105 LLC,900000000000105,SYN-0105-INV-01,2026-08-30,5508.86,275.44,64920.4,
SYN-0105,Synthetic Supplier 0105 LLC,900000000000105,SYN-0105-INV-02,2025-10-21,5417.18,270.86,64920.4,
SYN-0105,Synthetic Supplier 0105 LLC,900000000000105,SYN-0105-INV-03,2025-12-07,3500.72,175.04,64920.4,
SYN-0106,Synthetic Supplier 0106 LLC,900000000000106,SYN-0106-INV-01,2026-09-12,3041.11,152.06,14083.47,2025-08-07
SYN-0106,Synthetic Supplier 0106 LLC,900000000000106,SYN-0106-INV-02,2025-11-03,4262.72,213.14,14083.47,2025-08-07
SYN-0106,Synthetic Supplier 0106 LLC,900000000000106,SYN-0106-INV-03,2025-12-20,4265.94,213.3,14083.47,2025-08-07
SYN-0106,Synthetic Supplier 0106 LLC,900000000000106,SYN-0106-INV-04,2026-02-05,4078.52,203.93,14083.47,2025-08-07
SYN-0107,Synthetic Supplier 0107 LLC,900000000000107,SYN-0107-INV-01,2026-09-25,2975.8,148.79,20763.55,2026-09-08
SYN-0107,Synthetic Supplier 0107 LLC,900000000000107,SYN-0107-INV-02,2025-11-16,6139.08,306.95,20763.55,2026-09-08
SYN-0107,Synthetic Supplier 0107 LLC,900000000000107,SYN-0107-INV-03,2026-01-02,4814.61,240.73,20763.55,2026-09-08
SYN-0107,Synthetic Supplier 0107 LLC,900000000000107,SYN-0107-INV-04,2026-02-18,5583.98,279.2,20763.55,2026-09-08
SYN-0107,Synthetic Supplier 0107 LLC,900000000000107,SYN-0107-INV-05,2026-04-06,3557.14,177.86,20763.55,2026-09-08
SYN-0108,Synthetic Supplier 0108 LLC,900000000000108,SYN-0108-INV-01,2025-10-13,5256.88,262.84,13558.83,2025-01-09
SYN-0108,Synthetic Supplier 0108 LLC,900000000000108,SYN-0108-INV-02,2025-11-29,9808.49,490.42,13558.83,2025-01-09
SYN-0109,Synthetic Supplier 0109 LLC,900000000000109,SYN-0109-INV-01,2025-10-26,5980.88,299.04,18792.85,2026-02-10
SYN-0109,Synthetic Supplier 0109 LLC,900000000000109,SYN-0109-INV-02,2025-12-12,8781.94,439.1,18792.85,2026-02-10
SYN-0109,Synthetic Supplier 0109 LLC,900000000000109,SYN-0109-INV-03,2026-01-28,6118.13,305.91,18792.85,2026-02-10
SYN-0110,Synthetic Supplier 0110 LLC,900000000000110,SYN-0110-INV-01,2025-11-08,2722.36,136.12,11684.68,
SYN-0110,Synthetic Supplier 0110 LLC,900000000000110,SYN-0110-INV-02,2025-12-25,3855.16,192.76,11684.68,
SYN-0110,Synthetic Supplier 0110 LLC,900000000000110,SYN-0110-INV-03,2026-02-10,2972.45,148.62,11684.68,
SYN-0110,Synthetic Supplier 0110 LLC,900000000000110,SYN-0110-INV-04,2026-03-29,3433,171.65,11684.68,
SYN-0111,Synthetic Supplier 0111 LLC,900000000000111,SYN-0111-INV-01,2025-11-21,4816.6,240.83,19014.33,2026-04-12
SYN-0111,Synthetic Supplier 0111 LLC,900000000000111,SYN-0111-INV-02,2026-01-07,4712.93,235.65,19014.33,2026-04-12
SYN-0111,Synthetic Supplier 0111 LLC,900000000000111,SYN-0111-INV-03,2026-02-23,2238.29,111.91,19014.33,2026-04-12
SYN-0111,Synthetic Supplier 0111 LLC,900000000000111,SYN-0111-INV-04,2026-04-11,4606.77,230.34,19014.33,2026-04-12
SYN-0111,Synthetic Supplier 0111 LLC,900000000000111,SYN-0111-INV-05,2026-05-28,4752.45,237.62,19014.33,2026-04-12
SYN-0112,Synthetic Supplier 0112 LLC,900000000000112,SYN-0112-INV-01,2025-12-04,7840.14,392.01,82364.19,2025-05-13
SYN-0112,Synthetic Supplier 0112 LLC,900000000000112,SYN-0112-INV-02,2026-01-20,10463.01,523.15,82364.19,2025-05-13
SYN-0113,Synthetic Supplier 0113 LLC,900000000000113,SYN-0113-INV-01,2025-12-17,6208.65,310.43,17546.49,2026-06-14
SYN-0113,Synthetic Supplier 0113 LLC,900000000000113,SYN-0113-INV-02,2026-02-02,5493.53,274.68,17546.49,2026-06-14
SYN-0113,Synthetic Supplier 0113 LLC,900000000000113,SYN-0113-INV-03,2026-03-21,7793.92,389.7,17546.49,2026-06-14
SYN-0114,Synthetic Supplier 0114 LLC,900000000000114,SYN-0114-INV-01,2025-12-30,6630.93,331.55,24583.48,2025-07-15
SYN-0114,Synthetic Supplier 0114 LLC,900000000000114,SYN-0114-INV-02,2026-02-15,7166.16,358.31,24583.48,2025-07-15
SYN-0114,Synthetic Supplier 0114 LLC,900000000000114,SYN-0114-INV-03,2026-04-03,7840.88,392.04,24583.48,2025-07-15
SYN-0114,Synthetic Supplier 0114 LLC,900000000000114,SYN-0114-INV-04,2026-05-20,5677.01,283.85,24583.48,2025-07-15
SYN-0115,Synthetic Supplier 0115 LLC,900000000000115,SYN-0115-INV-01,2026-01-12,2388.99,119.45,9871.98,
SYN-0115,Synthetic Supplier 0115 LLC,900000000000115,SYN-0115-INV-02,2026-02-28,1390.12,69.51,9871.98,
SYN-0115,Synthetic Supplier 0115 LLC,900000000000115,SYN-0115-INV-03,2026-04-16,3077.19,153.86,9871.98,
SYN-0115,Synthetic Supplier 0115 LLC,900000000000115,SYN-0115-INV-04,2026-06-02,1501.63,75.08,9871.98,
SYN-0115,Synthetic Supplier 0115 LLC,900000000000115,SYN-0115-INV-05,2026-07-19,2610.94,130.55,9871.98,
SYN-0116,Synthetic Supplier 0116 LLC,900000000000116,SYN-0116-INV-01,2026-01-25,13137.64,656.88,20550.65,2025-09-17
SYN-0116,Synthetic Supplier 0116 LLC,900000000000116,SYN-0116-INV-02,2026-03-13,9696.41,484.82,20550.65,2025-09-17
SYN-0117,Synthetic Supplier 0117 LLC,900000000000117,SYN-0117-INV-01,2026-02-07,3151.86,157.59,7329.43,2026-01-18
SYN-0117,Synthetic Supplier 0117 LLC,900000000000117,SYN-0117-INV-02,2026-03-26,3005.01,150.25,7329.43,2026-01-18
SYN-0117,Synthetic Supplier 0117 LLC,900000000000117,SYN-0117-INV-03,2026-05-12,1986.94,99.35,7329.43,2026-01-18
SYN-0118,Synthetic Supplier 0118 LLC,900000000000118,SYN-0118-INV-01,2026-02-20,6977.47,348.87,24594.71,2025-02-19
SYN-0118,Synthetic Supplier 0118 LLC,900000000000118,SYN-0118-INV-02,2026-04-08,9683.81,484.19,24594.71,2025-02-19
SYN-0118,Synthetic Supplier 0118 LLC,900000000000118,SYN-0118-INV-03,2026-05-25,4885.04,244.25,24594.71,2025-02-19
SYN-0118,Synthetic Supplier 0118 LLC,900000000000118,SYN-0118-INV-04,2026-07-11,5781.14,289.06,24594.71,2025-02-19
SYN-0119,Synthetic Supplier 0119 LLC,900000000000119,SYN-0119-INV-01,2026-03-05,4293.66,214.68,79064.59,2026-03-20
SYN-0119,Synthetic Supplier 0119 LLC,900000000000119,SYN-0119-INV-02,2026-04-21,3441.39,172.07,79064.59,2026-03-20
SYN-0119,Synthetic Supplier 0119 LLC,900000000000119,SYN-0119-INV-03,2026-06-07,2869.67,143.48,79064.59,2026-03-20
SYN-0119,Synthetic Supplier 0119 LLC,900000000000119,SYN-0119-INV-04,2026-07-24,3963.63,198.18,79064.59,2026-03-20
SYN-0119,Synthetic Supplier 0119 LLC,900000000000119,SYN-0119-INV-05,2026-09-09,3001.56,150.08,79064.59,2026-03-20
SYN-0120,Synthetic Supplier 0120 LLC,900000000000120,SYN-0120-INV-01,2026-03-18,3777.44,188.87,7914.91,
SYN-0120,Synthetic Supplier 0120 LLC,900000000000120,SYN-0120-INV-02,2026-05-04,5016.91,250.85,7914.91,
SYN-0121,Synthetic Supplier 0121 LLC,900000000000121,SYN-0121-INV-01,2026-03-31,2323.77,116.19,6246.8,2026-05-22
SYN-0121,Synthetic Supplier 0121 LLC,900000000000121,SYN-0121-INV-02,2026-05-17,2347.34,117.37,6246.8,2026-05-22
SYN-0121,Synthetic Supplier 0121 LLC,900000000000121,SYN-0121-INV-03,2026-07-03,2269.78,113.49,6246.8,2026-05-22
SYN-0122,Synthetic Supplier 0122 LLC,900000000000122,SYN-0122-INV-01,2026-04-13,777.18,38.86,4815.68,2025-06-23
SYN-0122,Synthetic Supplier 0122 LLC,900000000000122,SYN-0122-INV-02,2026-05-30,1608.02,80.4,4815.68,2025-06-23
SYN-0122,Synthetic Supplier 0122 LLC,900000000000122,SYN-0122-INV-03,2026-07-16,1265.12,63.26,4815.68,2025-06-23
SYN-0122,Synthetic Supplier 0122 LLC,900000000000122,SYN-0122-INV-04,2026-09-01,1700.43,85.02,4815.68,2025-06-23
SYN-0123,Synthetic Supplier 0123 LLC,900000000000123,SYN-0123-INV-01,2026-04-26,5346.82,267.34,25323.45,2026-07-24
SYN-0123,Synthetic Supplier 0123 LLC,900000000000123,SYN-0123-INV-02,2026-06-12,5308.03,265.4,25323.45,2026-07-24
SYN-0123,Synthetic Supplier 0123 LLC,900000000000123,SYN-0123-INV-03,2026-07-29,6400.06,320,25323.45,2026-07-24
SYN-0123,Synthetic Supplier 0123 LLC,900000000000123,SYN-0123-INV-04,2026-09-14,6224.79,311.24,25323.45,2026-07-24
SYN-0123,Synthetic Supplier 0123 LLC,900000000000123,SYN-0123-INV-05,2025-11-05,4857.47,242.87,25323.45,2026-07-24
SYN-0124,Synthetic Supplier 0124 LLC,900000000000124,SYN-0124-INV-01,2026-05-09,4167.68,208.38,8961.99,2025-08-25
SYN-0124,Synthetic Supplier 0124 LLC,900000000000124,SYN-0124-INV-02,2026-06-25,5790.09,289.5,8961.99,2025-08-25
SYN-0125,Synthetic Supplier 0125 LLC,900000000000125,SYN-0125-INV-01,2026-05-22,2910.49,145.52,8719.1,
SYN-0125,Synthetic Supplier 0125 LLC,900000000000125,SYN-0125-INV-02,2026-07-08,2957.05,147.85,8719.1,
SYN-0125,Synthetic Supplier 0125 LLC,900000000000125,SYN-0125-INV-03,2026-08-24,3820.34,191.02,8719.1,
SYN-0126,Synthetic Supplier 0126 LLC,900000000000126,SYN-0126-INV-01,2026-06-04,3998.94,199.95,71041.49,2025-01-02
SYN-0126,Synthetic Supplier 0126 LLC,900000000000126,SYN-0126-INV-02,2026-07-21,4575.59,228.78,71041.49,2025-01-02
SYN-0126,Synthetic Supplier 0126 LLC,900000000000126,SYN-0126-INV-03,2026-09-06,4207.94,210.4,71041.49,2025-01-02
SYN-0126,Synthetic Supplier 0126 LLC,900000000000126,SYN-0126-INV-04,2025-10-28,3004.53,150.23,71041.49,2025-01-02
SYN-0127,Synthetic Supplier 0127 LLC,900000000000127,SYN-0127-INV-01,2026-06-17,3481.94,174.1,19406.15,2026-02-03
SYN-0127,Synthetic Supplier 0127 LLC,900000000000127,SYN-0127-INV-02,2026-08-03,4735.59,236.78,19406.15,2026-02-03
SYN-0127,Synthetic Supplier 0127 LLC,900000000000127,SYN-0127-INV-03,2026-09-19,3752.44,187.62,19406.15,2026-02-03
SYN-0127,Synthetic Supplier 0127 LLC,900000000000127,SYN-0127-INV-04,2025-11-10,5343.21,267.16,19406.15,2026-02-03
SYN-0127,Synthetic Supplier 0127 LLC,900000000000127,SYN-0127-INV-05,2025-12-27,4249.22,212.46,19406.15,2026-02-03
SYN-0128,Synthetic Supplier 0128 LLC,900000000000128,SYN-0128-INV-01,2026-06-30,14324.4,716.22,24129.52,2025-03-04
SYN-0128,Synthetic Supplier 0128 LLC,900000000000128,SYN-0128-INV-02,2026-08-16,12486.18,624.31,24129.52,2025-03-04
SYN-0129,Synthetic Supplier 0129 LLC,900000000000129,SYN-0129-INV-01,2026-07-13,4979.65,248.98,17429.85,2026-04-05
SYN-0129,Synthetic Supplier 0129 LLC,900000000000129,SYN-0129-INV-02,2026-08-29,5567.85,278.39,17429.85,2026-04-05
SYN-0129,Synthetic Supplier 0129 LLC,900000000000129,SYN-0129-INV-03,2025-10-20,8819,440.95,17429.85,2026-04-05
SYN-0130,Synthetic Supplier 0130 LLC,900000000000130,SYN-0130-INV-01,2026-07-26,7460.64,373.03,22266.02,
SYN-0130,Synthetic Supplier 0130 LLC,900000000000130,SYN-0130-INV-02,2026-09-11,6312.58,315.63,22266.02,
SYN-0130,Synthetic Supplier 0130 LLC,900000000000130,SYN-0130-INV-03,2025-11-02,3900.46,195.02,22266.02,
SYN-0130,Synthetic Supplier 0130 LLC,900000000000130,SYN-0130-INV-04,2025-12-19,7066.34,353.32,22266.02,
SYN-0131,Synthetic Supplier 0131 LLC,900000000000131,SYN-0131-INV-01,2026-08-08,1469.69,73.48,7856.82,2026-06-07
SYN-0131,Synthetic Supplier 0131 LLC,900000000000131,SYN-0131-INV-02,2026-09-24,1554.27,77.71,7856.82,2026-06-07
SYN-0131,Synthetic Supplier 0131 LLC,900000000000131,SYN-0131-INV-03,2025-11-15,1885.31,94.27,7856.82,2026-06-07
SYN-0131,Synthetic Supplier 0131 LLC,900000000000131,SYN-0131-INV-04,2026-01-01,1966.74,98.34,7856.82,2026-06-07
SYN-0131,Synthetic Supplier 0131 LLC,900000000000131,SYN-0131-INV-05,2026-02-17,1853.78,92.69,7856.82,2026-06-07
SYN-0132,Synthetic Supplier 0132 LLC,900000000000132,SYN-0132-INV-01,2026-08-21,3980.66,199.03,7860.61,2025-07-08
SYN-0132,Synthetic Supplier 0132 LLC,900000000000132,SYN-0132-INV-02,2025-10-12,4753.35,237.67,7860.61,2025-07-08
SYN-0133,Synthetic Supplier 0133 LLC,900000000000133,SYN-0133-INV-01,2026-09-03,8792.67,439.63,104904.75,2026-08-09
SYN-0133,Synthetic Supplier 0133 LLC,900000000000133,SYN-0133-INV-02,2025-10-25,7489.98,374.5,104904.75,2026-08-09
SYN-0133,Synthetic Supplier 0133 LLC,900000000000133,SYN-0133-INV-03,2025-12-11,7029.51,351.48,104904.75,2026-08-09
SYN-0134,Synthetic Supplier 0134 LLC,900000000000134,SYN-0134-INV-01,2026-09-16,7234.97,361.75,24706.31,2025-09-10
SYN-0134,Synthetic Supplier 0134 LLC,900000000000134,SYN-0134-INV-02,2025-11-07,7158.94,357.95,24706.31,2025-09-10
SYN-0134,Synthetic Supplier 0134 LLC,900000000000134,SYN-0134-INV-03,2025-12-24,6142.69,307.13,24706.31,2025-09-10
SYN-0134,Synthetic Supplier 0134 LLC,900000000000134,SYN-0134-INV-04,2026-02-09,6914.86,345.74,24706.31,2025-09-10
SYN-0135,Synthetic Supplier 0135 LLC,900000000000135,SYN-0135-INV-01,2025-10-04,6851.44,342.57,22981.23,
SYN-0135,Synthetic Supplier 0135 LLC,900000000000135,SYN-0135-INV-02,2025-11-20,4250.83,212.54,22981.23,
SYN-0135,Synthetic Supplier 0135 LLC,900000000000135,SYN-0135-INV-03,2026-01-06,3693.67,184.68,22981.23,
SYN-0135,Synthetic Supplier 0135 LLC,900000000000135,SYN-0135-INV-04,2026-02-22,6451.92,322.6,22981.23,
SYN-0135,Synthetic Supplier 0135 LLC,900000000000135,SYN-0135-INV-05,2026-04-10,4286.84,214.34,22981.23,
SYN-0136,Synthetic Supplier 0136 LLC,900000000000136,SYN-0136-INV-01,2025-10-17,14655.92,732.8,25087.57,2025-02-12
SYN-0136,Synthetic Supplier 0136 LLC,900000000000136,SYN-0136-INV-02,2025-12-03,13219.16,660.96,25087.57,2025-02-12
SYN-0137,Synthetic Supplier 0137 LLC,900000000000137,SYN-0137-INV-01,2025-10-30,4081.84,204.09,10925.05,2026-03-13
SYN-0137,Synthetic Supplier 0137 LLC,900000000000137,SYN-0137-INV-02,2025-12-16,4348.01,217.4,10925.05,2026-03-13
SYN-0137,Synthetic Supplier 0137 LLC,900000000000137,SYN-0137-INV-03,2026-02-01,3709.1,185.45,10925.05,2026-03-13
SYN-0138,Synthetic Supplier 0138 LLC,900000000000138,SYN-0138-INV-01,2025-11-12,3532.44,176.62,20681.32,2025-04-14
SYN-0138,Synthetic Supplier 0138 LLC,900000000000138,SYN-0138-INV-02,2025-12-29,5731.8,286.59,20681.32,2025-04-14
SYN-0138,Synthetic Supplier 0138 LLC,900000000000138,SYN-0138-INV-03,2026-02-14,7089.06,354.45,20681.32,2025-04-14
SYN-0138,Synthetic Supplier 0138 LLC,900000000000138,SYN-0138-INV-04,2026-04-02,6625.94,331.3,20681.32,2025-04-14
SYN-0139,Synthetic Supplier 0139 LLC,900000000000139,SYN-0139-INV-01,2025-11-25,3678.82,183.94,12788.65,2026-05-15
SYN-0139,Synthetic Supplier 0139 LLC,900000000000139,SYN-0139-INV-02,2026-01-11,1571.49,78.57,12788.65,2026-05-15
SYN-0139,Synthetic Supplier 0139 LLC,900000000000139,SYN-0139-INV-03,2026-02-27,3467.38,173.37,12788.65,2026-05-15
SYN-0139,Synthetic Supplier 0139 LLC,900000000000139,SYN-0139-INV-04,2026-04-15,2094.62,104.73,12788.65,2026-05-15
SYN-0139,Synthetic Supplier 0139 LLC,900000000000139,SYN-0139-INV-05,2026-06-01,3397.3,169.86,12788.65,2026-05-15
SYN-0140,Synthetic Supplier 0140 LLC,900000000000140,SYN-0140-INV-01,2025-12-08,3447,172.35,25161.16,
SYN-0140,Synthetic Supplier 0140 LLC,900000000000140,SYN-0140-INV-02,2026-01-24,2144.37,107.22,25161.16,
SYN-0141,Synthetic Supplier 0141 LLC,900000000000141,SYN-0141-INV-01,2025-12-21,4580.14,229.01,16103.15,2026-07-17
SYN-0141,Synthetic Supplier 0141 LLC,900000000000141,SYN-0141-INV-02,2026-02-06,6927.72,346.39,16103.15,2026-07-17
SYN-0141,Synthetic Supplier 0141 LLC,900000000000141,SYN-0141-INV-03,2026-03-25,6384.53,319.23,16103.15,2026-07-17
SYN-0142,Synthetic Supplier 0142 LLC,900000000000142,SYN-0142-INV-01,2026-01-03,1651.75,82.59,5695.87,2025-08-18
SYN-0142,Synthetic Supplier 0142 LLC,900000000000142,SYN-0142-INV-02,2026-02-19,1079.87,53.99,5695.87,2025-08-18
SYN-0142,Synthetic Supplier 0142 LLC,900000000000142,SYN-0142-INV-03,2026-04-07,1833.11,91.66,5695.87,2025-08-18
SYN-0142,Synthetic Supplier 0142 LLC,900000000000142,SYN-0142-INV-04,2026-05-24,1764.02,88.2,5695.87,2025-08-18
SYN-0143,Synthetic Supplier 0143 LLC,900000000000143,SYN-0143-INV-01,2026-01-16,5099.16,254.96,23835.76,2026-09-19
SYN-0143,Synthetic Supplier 0143 LLC,900000000000143,SYN-0143-INV-02,2026-03-04,5636.22,281.81,23835.76,2026-09-19
SYN-0143,Synthetic Supplier 0143 LLC,900000000000143,SYN-0143-INV-03,2026-04-20,6061.81,303.09,23835.76,2026-09-19
SYN-0143,Synthetic Supplier 0143 LLC,900000000000143,SYN-0143-INV-04,2026-06-06,5566.72,278.34,23835.76,2026-09-19
SYN-0143,Synthetic Supplier 0143 LLC,900000000000143,SYN-0143-INV-05,2026-07-23,4120.26,206.01,23835.76,2026-09-19
SYN-0144,Synthetic Supplier 0144 LLC,900000000000144,SYN-0144-INV-01,2026-01-29,9677.39,483.87,22813.2,2025-01-20
SYN-0144,Synthetic Supplier 0144 LLC,900000000000144,SYN-0144-INV-02,2026-03-17,15670.61,783.53,22813.2,2025-01-20
SYN-0145,Synthetic Supplier 0145 LLC,900000000000145,SYN-0145-INV-01,2026-02-11,6459.37,322.97,24067.55,
SYN-0145,Synthetic Supplier 0145 LLC,900000000000145,SYN-0145-INV-02,2026-03-30,10432.55,521.63,24067.55,
SYN-0145,Synthetic Supplier 0145 LLC,900000000000145,SYN-0145-INV-03,2026-05-16,9849.8,492.49,24067.55,
SYN-0146,Synthetic Supplier 0146 LLC,900000000000146,SYN-0146-INV-01,2026-02-24,3549.49,177.47,11211.54,2025-03-22
SYN-0146,Synthetic Supplier 0146 LLC,900000000000146,SYN-0146-INV-02,2026-04-12,2871.96,143.6,11211.54,2025-03-22
SYN-0146,Synthetic Supplier 0146 LLC,900000000000146,SYN-0146-INV-03,2026-05-29,2445.01,122.25,11211.54,2025-03-22
SYN-0146,Synthetic Supplier 0146 LLC,900000000000146,SYN-0146-INV-04,2026-07-15,3590.81,179.54,11211.54,2025-03-22
SYN-0147,Synthetic Supplier 0147 LLC,900000000000147,SYN-0147-INV-01,2026-03-09,5623.56,281.18,88751.48,2026-04-23
SYN-0147,Synthetic Supplier 0147 LLC,900000000000147,SYN-0147-INV-02,2026-04-25,2664.71,133.24,88751.48,2026-04-23
SYN-0147,Synthetic Supplier 0147 LLC,900000000000147,SYN-0147-INV-03,2026-06-11,2856.25,142.81,88751.48,2026-04-23
SYN-0147,Synthetic Supplier 0147 LLC,900000000000147,SYN-0147-INV-04,2026-07-28,4644.02,232.2,88751.48,2026-04-23
SYN-0147,Synthetic Supplier 0147 LLC,900000000000147,SYN-0147-INV-05,2026-09-13,3934.01,196.7,88751.48,2026-04-23
SYN-0148,Synthetic Supplier 0148 LLC,900000000000148,SYN-0148-INV-01,2026-03-22,9557.25,477.86,19011.73,2025-05-24
SYN-0148,Synthetic Supplier 0148 LLC,900000000000148,SYN-0148-INV-02,2026-05-08,11566.89,578.34,19011.73,2025-05-24
SYN-0149,Synthetic Supplier 0149 LLC,900000000000149,SYN-0149-INV-01,2026-04-04,9348.28,467.41,24566.9,2026-06-25
SYN-0149,Synthetic Supplier 0149 LLC,900000000000149,SYN-0149-INV-02,2026-05-21,8234.46,411.72,24566.9,2026-06-25
SYN-0149,Synthetic Supplier 0149 LLC,900000000000149,SYN-0149-INV-03,2026-07-07,9713.82,485.69,24566.9,2026-06-25
SYN-0150,Synthetic Supplier 0150 LLC,900000000000150,SYN-0150-INV-01,2026-04-17,2969.83,148.49,12349.16,
SYN-0150,Synthetic Supplier 0150 LLC,900000000000150,SYN-0150-INV-02,2026-06-03,4617,230.85,12349.16,
SYN-0150,Synthetic Supplier 0150 LLC,900000000000150,SYN-0150-INV-03,2026-07-20,3469.54,173.48,12349.16,
SYN-0150,Synthetic Supplier 0150 LLC,900000000000150,SYN-0150-INV-04,2026-09-05,2664.91,133.25,12349.16,
SYN-0151,Synthetic Supplier 0151 LLC,900000000000151,SYN-0151-INV-01,2026-04-30,3710.56,185.53,19787.82,2026-08-02
SYN-0151,Synthetic Supplier 0151 LLC,900000000000151,SYN-0151-INV-02,2026-06-16,4256.47,212.82,19787.82,2026-08-02
SYN-0151,Synthetic Supplier 0151 LLC,900000000000151,SYN-0151-INV-03,2026-08-02,4854.43,242.72,19787.82,2026-08-02
SYN-0151,Synthetic Supplier 0151 LLC,900000000000151,SYN-0151-INV-04,2026-09-18,5964.52,298.23,19787.82,2026-08-02
SYN-0151,Synthetic Supplier 0151 LLC,900000000000151,SYN-0151-INV-05,2025-11-09,3200.49,160.02,19787.82,2026-08-02
SYN-0152,Synthetic Supplier 0152 LLC,900000000000152,SYN-0152-INV-01,2026-05-13,4628.37,231.42,6528.6,2025-09-03
SYN-0152,Synthetic Supplier 0152 LLC,900000000000152,SYN-0152-INV-02,2026-06-29,2625.63,131.28,6528.6,2025-09-03
SYN-0153,Synthetic Supplier 0153 LLC,900000000000153,SYN-0153-INV-01,2026-05-26,6260.77,313.04,18759.37,2026-01-04
SYN-0153,Synthetic Supplier 0153 LLC,900000000000153,SYN-0153-INV-02,2026-07-12,7739.1,386.95,18759.37,2026-01-04
SYN-0153,Synthetic Supplier 0153 LLC,900000000000153,SYN-0153-INV-03,2026-08-28,6843.88,342.19,18759.37,2026-01-04
SYN-0154,Synthetic Supplier 0154 LLC,900000000000154,SYN-0154-INV-01,2026-06-08,4831.55,241.58,98647.78,2025-02-05
SYN-0154,Synthetic Supplier 0154 LLC,900000000000154,SYN-0154-INV-02,2026-07-25,5970.5,298.52,98647.78,2025-02-05
SYN-0154,Synthetic Supplier 0154 LLC,900000000000154,SYN-0154-INV-03,2026-09-10,5441.8,272.09,98647.78,2025-02-05
SYN-0154,Synthetic Supplier 0154 LLC,900000000000154,SYN-0154-INV-04,2025-11-01,5677.88,283.89,98647.78,2025-02-05
SYN-0155,Synthetic Supplier 0155 LLC,900000000000155,SYN-0155-INV-01,2026-06-21,3728.93,186.45,15717.89,
SYN-0155,Synthetic Supplier 0155 LLC,900000000000155,SYN-0155-INV-02,2026-08-07,2529.25,126.46,15717.89,
SYN-0155,Synthetic Supplier 0155 LLC,900000000000155,SYN-0155-INV-03,2026-09-23,4775.9,238.79,15717.89,
SYN-0155,Synthetic Supplier 0155 LLC,900000000000155,SYN-0155-INV-04,2025-11-14,2288.75,114.44,15717.89,
SYN-0155,Synthetic Supplier 0155 LLC,900000000000155,SYN-0155-INV-05,2025-12-31,4141.49,207.07,15717.89,
SYN-0156,Synthetic Supplier 0156 LLC,900000000000156,SYN-0156-INV-01,2026-07-04,13197.98,659.9,19513.57,2025-04-07
SYN-0156,Synthetic Supplier 0156 LLC,900000000000156,SYN-0156-INV-02,2026-08-20,8483.76,424.19,19513.57,2025-04-07
SYN-0157,Synthetic Supplier 0157 LLC,900000000000157,SYN-0157-INV-01,2026-07-17,5780.83,289.04,19754.06,2026-05-08
SYN-0157,Synthetic Supplier 0157 LLC,900000000000157,SYN-0157-INV-02,2026-09-02,7119.26,355.96,19754.06,2026-05-08
SYN-0157,Synthetic Supplier 0157 LLC,900000000000157,SYN-0157-INV-03,2025-10-24,9048.86,452.44,19754.06,2026-05-08
SYN-0158,Synthetic Supplier 0158 LLC,900000000000158,SYN-0158-INV-01,2026-07-30,6470.94,323.55,24863.37,2025-06-09
SYN-0158,Synthetic Supplier 0158 LLC,900000000000158,SYN-0158-INV-02,2026-09-15,8888.46,444.42,24863.37,2025-06-09
SYN-0158,Synthetic Supplier 0158 LLC,900000000000158,SYN-0158-INV-03,2025-11-06,8056.48,402.82,24863.37,2025-06-09
SYN-0158,Synthetic Supplier 0158 LLC,900000000000158,SYN-0158-INV-04,2025-12-23,4210.09,210.5,24863.37,2025-06-09
SYN-0159,Synthetic Supplier 0159 LLC,900000000000159,SYN-0159-INV-01,2026-08-12,1099.18,54.96,4847.85,2026-07-10
SYN-0159,Synthetic Supplier 0159 LLC,900000000000159,SYN-0159-INV-02,2025-10-03,1342.77,67.14,4847.85,2026-07-10
SYN-0159,Synthetic Supplier 0159 LLC,900000000000159,SYN-0159-INV-03,2025-11-19,1270.09,63.5,4847.85,2026-07-10
SYN-0159,Synthetic Supplier 0159 LLC,900000000000159,SYN-0159-INV-04,2026-01-05,751.15,37.56,4847.85,2026-07-10
SYN-0159,Synthetic Supplier 0159 LLC,900000000000159,SYN-0159-INV-05,2026-02-21,923.31,46.17,4847.85,2026-07-10
SYN-0160,Synthetic Supplier 0160 LLC,900000000000160,SYN-0160-INV-01,2026-08-25,12771.71,638.59,22816.86,
SYN-0160,Synthetic Supplier 0160 LLC,900000000000160,SYN-0160-INV-02,2025-10-16,12580.36,629.02,22816.86,
SYN-0161,Synthetic Supplier 0161 LLC,900000000000161,SYN-0161-INV-01,2026-09-07,1354.12,67.71,29039.01,2026-09-12
SYN-0161,Synthetic Supplier 0161 LLC,900000000000161,SYN-0161-INV-02,2025-10-29,2669.19,133.46,29039.01,2026-09-12
SYN-0161,Synthetic Supplier 0161 LLC,900000000000161,SYN-0161-INV-03,2025-12-15,2429.8,121.49,29039.01,2026-09-12
SYN-0162,Synthetic Supplier 0162 LLC,900000000000162,SYN-0162-INV-01,2026-09-20,2555.07,127.75,14765.59,2025-01-13
SYN-0162,Synthetic Supplier 0162 LLC,900000000000162,SYN-0162-INV-02,2025-11-11,4398.73,219.94,14765.59,2025-01-13
SYN-0162,Synthetic Supplier 0162 LLC,900000000000162,SYN-0162-INV-03,2025-12-28,5120.56,256.03,14765.59,2025-01-13
SYN-0162,Synthetic Supplier 0162 LLC,900000000000162,SYN-0162-INV-04,2026-02-13,4331.84,216.59,14765.59,2025-01-13
SYN-0163,Synthetic Supplier 0163 LLC,900000000000163,SYN-0163-INV-01,2025-10-08,3000.97,150.05,11622.85,2026-02-14
SYN-0163,Synthetic Supplier 0163 LLC,900000000000163,SYN-0163-INV-02,2025-11-24,2251.47,112.57,11622.85,2026-02-14
SYN-0163,Synthetic Supplier 0163 LLC,900000000000163,SYN-0163-INV-03,2026-01-10,2995.75,149.79,11622.85,2026-02-14
SYN-0163,Synthetic Supplier 0163 LLC,900000000000163,SYN-0163-INV-04,2026-02-26,2797.54,139.88,11622.85,2026-02-14
SYN-0163,Synthetic Supplier 0163 LLC,900000000000163,SYN-0163-INV-05,2026-04-14,1868.55,93.43,11622.85,2026-02-14
SYN-0164,Synthetic Supplier 0164 LLC,900000000000164,SYN-0164-INV-01,2025-10-21,7356.09,367.8,13848.94,2025-03-15
SYN-0164,Synthetic Supplier 0164 LLC,900000000000164,SYN-0164-INV-02,2025-12-07,8031.62,401.58,13848.94,2025-03-15
SYN-0165,Synthetic Supplier 0165 LLC,900000000000165,SYN-0165-INV-01,2025-11-03,3512.7,175.64,7575.72,
SYN-0165,Synthetic Supplier 0165 LLC,900000000000165,SYN-0165-INV-02,2025-12-20,2420.75,121.04,7575.72,
SYN-0165,Synthetic Supplier 0165 LLC,900000000000165,SYN-0165-INV-03,2026-02-05,2484.02,124.2,7575.72,
SYN-0166,Synthetic Supplier 0166 LLC,900000000000166,SYN-0166-INV-01,2025-11-16,2533.94,126.7,13979.15,2025-05-17
SYN-0166,Synthetic Supplier 0166 LLC,900000000000166,SYN-0166-INV-02,2026-01-02,3948.67,197.43,13979.15,2025-05-17
SYN-0166,Synthetic Supplier 0166 LLC,900000000000166,SYN-0166-INV-03,2026-02-18,4708.62,235.43,13979.15,2025-05-17
SYN-0166,Synthetic Supplier 0166 LLC,900000000000166,SYN-0166-INV-04,2026-04-06,4341.15,217.06,13979.15,2025-05-17
SYN-0167,Synthetic Supplier 0167 LLC,900000000000167,SYN-0167-INV-01,2025-11-29,4838.88,241.94,17139.67,2026-06-18
SYN-0167,Synthetic Supplier 0167 LLC,900000000000167,SYN-0167-INV-02,2026-01-15,3308.63,165.43,17139.67,2026-06-18
SYN-0167,Synthetic Supplier 0167 LLC,900000000000167,SYN-0167-INV-03,2026-03-03,3837.81,191.89,17139.67,2026-06-18
SYN-0167,Synthetic Supplier 0167 LLC,900000000000167,SYN-0167-INV-04,2026-04-19,4911.74,245.59,17139.67,2026-06-18
SYN-0167,Synthetic Supplier 0167 LLC,900000000000167,SYN-0167-INV-05,2026-06-05,2147.02,107.35,17139.67,2026-06-18
SYN-0168,Synthetic Supplier 0168 LLC,900000000000168,SYN-0168-INV-01,2025-12-12,11033.32,551.67,91451.54,2025-07-19
SYN-0168,Synthetic Supplier 0168 LLC,900000000000168,SYN-0168-INV-02,2026-01-28,9289.25,464.46,91451.54,2025-07-19
SYN-0169,Synthetic Supplier 0169 LLC,900000000000169,SYN-0169-INV-01,2025-12-25,8453.75,422.69,22978.7,2026-08-20
SYN-0169,Synthetic Supplier 0169 LLC,900000000000169,SYN-0169-INV-02,2026-02-10,9167.8,458.39,22978.7,2026-08-20
SYN-0169,Synthetic Supplier 0169 LLC,900000000000169,SYN-0169-INV-03,2026-03-29,7910.34,395.52,22978.7,2026-08-20
SYN-0170,Synthetic Supplier 0170 LLC,900000000000170,SYN-0170-INV-01,2026-01-07,5439.52,271.98,24294.11,
SYN-0170,Synthetic Supplier 0170 LLC,900000000000170,SYN-0170-INV-02,2026-02-23,6922.65,346.13,24294.11,
SYN-0170,Synthetic Supplier 0170 LLC,900000000000170,SYN-0170-INV-03,2026-04-11,5641.47,282.07,24294.11,
SYN-0170,Synthetic Supplier 0170 LLC,900000000000170,SYN-0170-INV-04,2026-05-28,8989.82,449.49,24294.11,
SYN-0171,Synthetic Supplier 0171 LLC,900000000000171,SYN-0171-INV-01,2026-01-20,4660.87,233.04,21430.39,2026-01-22
SYN-0171,Synthetic Supplier 0171 LLC,900000000000171,SYN-0171-INV-02,2026-03-08,6040.66,302.03,21430.39,2026-01-22
SYN-0171,Synthetic Supplier 0171 LLC,900000000000171,SYN-0171-INV-03,2026-04-24,2683.04,134.15,21430.39,2026-01-22
SYN-0171,Synthetic Supplier 0171 LLC,900000000000171,SYN-0171-INV-04,2026-06-10,4491.98,224.6,21430.39,2026-01-22
SYN-0171,Synthetic Supplier 0171 LLC,900000000000171,SYN-0171-INV-05,2026-07-27,5934.98,296.75,21430.39,2026-01-22
SYN-0172,Synthetic Supplier 0172 LLC,900000000000172,SYN-0172-INV-01,2026-02-02,6740.2,337.01,17517.14,2025-02-23
SYN-0172,Synthetic Supplier 0172 LLC,900000000000172,SYN-0172-INV-02,2026-03-21,12723.29,636.16,17517.14,2025-02-23
SYN-0173,Synthetic Supplier 0173 LLC,900000000000173,SYN-0173-INV-01,2026-02-15,7513.11,375.66,19259.55,2026-03-24
SYN-0173,Synthetic Supplier 0173 LLC,900000000000173,SYN-0173-INV-02,2026-04-03,7153.98,357.7,19259.55,2026-03-24
SYN-0173,Synthetic Supplier 0173 LLC,900000000000173,SYN-0173-INV-03,2026-05-20,6732.42,336.62,19259.55,2026-03-24
SYN-0174,Synthetic Supplier 0174 LLC,900000000000174,SYN-0174-INV-01,2026-02-28,8198.32,409.92,20695.26,2025-04-25
SYN-0174,Synthetic Supplier 0174 LLC,900000000000174,SYN-0174-INV-02,2026-04-16,6002.86,300.14,20695.26,2025-04-25
SYN-0174,Synthetic Supplier 0174 LLC,900000000000174,SYN-0174-INV-03,2026-06-02,4051.22,202.56,20695.26,2025-04-25
SYN-0174,Synthetic Supplier 0174 LLC,900000000000174,SYN-0174-INV-04,2026-07-19,4742.34,237.12,20695.26,2025-04-25
SYN-0175,Synthetic Supplier 0175 LLC,900000000000175,SYN-0175-INV-01,2026-03-13,4230.96,211.55,83291.02,
SYN-0175,Synthetic Supplier 0175 LLC,900000000000175,SYN-0175-INV-02,2026-04-29,4400.04,220,83291.02,
SYN-0175,Synthetic Supplier 0175 LLC,900000000000175,SYN-0175-INV-03,2026-06-15,4040.1,202,83291.02,
SYN-0175,Synthetic Supplier 0175 LLC,900000000000175,SYN-0175-INV-04,2026-08-01,2393.6,119.68,83291.02,
SYN-0175,Synthetic Supplier 0175 LLC,900000000000175,SYN-0175-INV-05,2026-09-17,3444.41,172.22,83291.02,
SYN-0176,Synthetic Supplier 0176 LLC,900000000000176,SYN-0176-INV-01,2026-03-26,3935.18,196.76,8051.77,2025-06-02
SYN-0176,Synthetic Supplier 0176 LLC,900000000000176,SYN-0176-INV-02,2026-05-12,5011.23,250.56,8051.77,2025-06-02
SYN-0177,Synthetic Supplier 0177 LLC,900000000000177,SYN-0177-INV-01,2026-04-08,7756.47,387.82,23802.08,2026-07-03
SYN-0177,Synthetic Supplier 0177 LLC,900000000000177,SYN-0177-INV-02,2026-05-25,6826.03,341.3,23802.08,2026-07-03
SYN-0177,Synthetic Supplier 0177 LLC,900000000000177,SYN-0177-INV-03,2026-07-11,11864.25,593.21,23802.08,2026-07-03
SYN-0178,Synthetic Supplier 0178 LLC,900000000000178,SYN-0178-INV-01,2026-04-21,1330.39,66.52,7010.57,2025-08-04
SYN-0178,Synthetic Supplier 0178 LLC,900000000000178,SYN-0178-INV-02,2026-06-07,2571.22,128.56,7010.57,2025-08-04
SYN-0178,Synthetic Supplier 0178 LLC,900000000000178,SYN-0178-INV-03,2026-07-24,2384.46,119.22,7010.57,2025-08-04
SYN-0178,Synthetic Supplier 0178 LLC,900000000000178,SYN-0178-INV-04,2026-09-09,1503.44,75.17,7010.57,2025-08-04
SYN-0179,Synthetic Supplier 0179 LLC,900000000000179,SYN-0179-INV-01,2026-05-04,1326.78,66.34,5173.38,2026-09-05
SYN-0179,Synthetic Supplier 0179 LLC,900000000000179,SYN-0179-INV-02,2026-06-20,1038.82,51.94,5173.38,2026-09-05
SYN-0179,Synthetic Supplier 0179 LLC,900000000000179,SYN-0179-INV-03,2026-08-06,1173.71,58.69,5173.38,2026-09-05
SYN-0179,Synthetic Supplier 0179 LLC,900000000000179,SYN-0179-INV-04,2026-09-22,1052.02,52.6,5173.38,2026-09-05
SYN-0179,Synthetic Supplier 0179 LLC,900000000000179,SYN-0179-INV-05,2025-11-13,1156.87,57.84,5173.38,2026-09-05
SYN-0180,Synthetic Supplier 0180 LLC,900000000000180,SYN-0180-INV-01,2026-05-17,11336.09,566.8,21358.58,
SYN-0180,Synthetic Supplier 0180 LLC,900000000000180,SYN-0180-INV-02,2026-07-03,12395.67,619.78,21358.58,
SYN-0181,Synthetic Supplier 0181 LLC,900000000000181,SYN-0181-INV-01,2026-05-30,6233.91,311.7,13033.09,2026-02-07
SYN-0181,Synthetic Supplier 0181 LLC,900000000000181,SYN-0181-INV-02,2026-07-16,4173.24,208.66,13033.09,2026-02-07
SYN-0181,Synthetic Supplier 0181 LLC,900000000000181,SYN-0181-INV-03,2026-09-01,4074.06,203.7,13033.09,2026-02-07
SYN-0182,Synthetic Supplier 0182 LLC,900000000000182,SYN-0182-INV-01,2026-06-12,5548.76,277.44,118583.77,2025-03-08
SYN-0182,Synthetic Supplier 0182 LLC,900000000000182,SYN-0182-INV-02,2026-07-29,5274.64,263.73,118583.77,2025-03-08
SYN-0182,Synthetic Supplier 0182 LLC,900000000000182,SYN-0182-INV-03,2026-09-14,5572.05,278.6,118583.77,2025-03-08
SYN-0182,Synthetic Supplier 0182 LLC,900000000000182,SYN-0182-INV-04,2025-11-05,9956.5,497.82,118583.77,2025-03-08
SYN-0183,Synthetic Supplier 0183 LLC,900000000000183,SYN-0183-INV-01,2026-06-25,4881.43,244.07,23851.53,2026-04-09
SYN-0183,Synthetic Supplier 0183 LLC,900000000000183,SYN-0183-INV-02,2026-08-11,3521.01,176.05,23851.53,2026-04-09
SYN-0183,Synthetic Supplier 0183 LLC,900000000000183,SYN-0183-INV-03,2025-10-02,7527.36,376.37,23851.53,2026-04-09
SYN-0183,Synthetic Supplier 0183 LLC,900000000000183,SYN-0183-INV-04,2025-11-18,4956.06,247.8,23851.53,2026-04-09
SYN-0183,Synthetic Supplier 0183 LLC,900000000000183,SYN-0183-INV-05,2026-01-04,5615.84,280.79,23851.53,2026-04-09
SYN-0184,Synthetic Supplier 0184 LLC,900000000000184,SYN-0184-INV-01,2026-07-08,6948,347.4,15436.3,2025-05-10
SYN-0184,Synthetic Supplier 0184 LLC,900000000000184,SYN-0184-INV-02,2026-08-24,10203.45,510.17,15436.3,2025-05-10
SYN-0185,Synthetic Supplier 0185 LLC,900000000000185,SYN-0185-INV-01,2026-07-21,6699.51,334.98,20367.59,
SYN-0185,Synthetic Supplier 0185 LLC,900000000000185,SYN-0185-INV-02,2026-09-06,8417.52,420.88,20367.59,
SYN-0185,Synthetic Supplier 0185 LLC,900000000000185,SYN-0185-INV-03,2025-10-28,7513.64,375.68,20367.59,
SYN-0186,Synthetic Supplier 0186 LLC,900000000000186,SYN-0186-INV-01,2026-08-03,5642.7,282.14,21135.4,2025-07-12
SYN-0186,Synthetic Supplier 0186 LLC,900000000000186,SYN-0186-INV-02,2026-09-19,5221.17,261.06,21135.4,2025-07-12
SYN-0186,Synthetic Supplier 0186 LLC,900000000000186,SYN-0186-INV-03,2025-11-10,6537.59,326.88,21135.4,2025-07-12
SYN-0186,Synthetic Supplier 0186 LLC,900000000000186,SYN-0186-INV-04,2025-12-27,6082.32,304.12,21135.4,2025-07-12
SYN-0187,Synthetic Supplier 0187 LLC,900000000000187,SYN-0187-INV-01,2026-08-16,3702.05,185.1,16429.33,2026-08-13
SYN-0187,Synthetic Supplier 0187 LLC,900000000000187,SYN-0187-INV-02,2025-10-07,3298.56,164.93,16429.33,2026-08-13
SYN-0187,Synthetic Supplier 0187 LLC,900000000000187,SYN-0187-INV-03,2025-11-23,3032.62,151.63,16429.33,2026-08-13
SYN-0187,Synthetic Supplier 0187 LLC,900000000000187,SYN-0187-INV-04,2026-01-09,3536.64,176.83,16429.33,2026-08-13
SYN-0187,Synthetic Supplier 0187 LLC,900000000000187,SYN-0187-INV-05,2026-02-25,4684.94,234.25,16429.33,2026-08-13
SYN-0188,Synthetic Supplier 0188 LLC,900000000000188,SYN-0188-INV-01,2026-08-29,6077.99,303.9,8257.16,2025-09-14
SYN-0188,Synthetic Supplier 0188 LLC,900000000000188,SYN-0188-INV-02,2025-10-20,3096.63,154.83,8257.16,2025-09-14
SYN-0189,Synthetic Supplier 0189 LLC,900000000000189,SYN-0189-INV-01,2026-09-11,7762.23,388.11,99203.53,2026-01-15
SYN-0189,Synthetic Supplier 0189 LLC,900000000000189,SYN-0189-INV-02,2025-11-02,4668.18,233.41,99203.53,2026-01-15
SYN-0189,Synthetic Supplier 0189 LLC,900000000000189,SYN-0189-INV-03,2025-12-19,9614.81,480.74,99203.53,2026-01-15
SYN-0190,Synthetic Supplier 0190 LLC,900000000000190,SYN-0190-INV-01,2026-09-24,6874.3,343.71,21574.23,
SYN-0190,Synthetic Supplier 0190 LLC,900000000000190,SYN-0190-INV-02,2025-11-15,6193.4,309.67,21574.23,
SYN-0190,Synthetic Supplier 0190 LLC,900000000000190,SYN-0190-INV-03,2026-01-01,5876.04,293.8,21574.23,
SYN-0190,Synthetic Supplier 0190 LLC,900000000000190,SYN-0190-INV-04,2026-02-17,5027.63,251.38,21574.23,
SYN-0191,Synthetic Supplier 0191 LLC,900000000000191,SYN-0191-INV-01,2025-10-12,1196.19,59.81,5014.54,2026-03-17
SYN-0191,Synthetic Supplier 0191 LLC,900000000000191,SYN-0191-INV-02,2025-11-28,1232.96,61.65,5014.54,2026-03-17
SYN-0191,Synthetic Supplier 0191 LLC,900000000000191,SYN-0191-INV-03,2026-01-14,1216.64,60.83,5014.54,2026-03-17
SYN-0191,Synthetic Supplier 0191 LLC,900000000000191,SYN-0191-INV-04,2026-03-02,1265.66,63.28,5014.54,2026-03-17
SYN-0191,Synthetic Supplier 0191 LLC,900000000000191,SYN-0191-INV-05,2026-04-18,660.27,33.01,5014.54,2026-03-17
SYN-0192,Synthetic Supplier 0192 LLC,900000000000192,SYN-0192-INV-01,2025-10-25,4785.86,239.29,11520.95,2025-04-18
SYN-0192,Synthetic Supplier 0192 LLC,900000000000192,SYN-0192-INV-02,2025-12-11,8015.2,400.76,11520.95,2025-04-18
SYN-0193,Synthetic Supplier 0193 LLC,900000000000193,SYN-0193-INV-01,2025-11-07,3160.45,158.02,7947.32,2026-05-19
SYN-0193,Synthetic Supplier 0193 LLC,900000000000193,SYN-0193-INV-02,2025-12-24,2713.3,135.66,7947.32,2026-05-19
SYN-0193,Synthetic Supplier 0193 LLC,900000000000193,SYN-0193-INV-03,2026-02-09,2956.61,147.83,7947.32,2026-05-19
SYN-0194,Synthetic Supplier 0194 LLC,900000000000194,SYN-0194-INV-01,2025-11-20,2299.53,114.98,7982.96,2025-06-20
SYN-0194,Synthetic Supplier 0194 LLC,900000000000194,SYN-0194-INV-02,2026-01-06,2558.21,127.91,7982.96,2025-06-20
SYN-0194,Synthetic Supplier 0194 LLC,900000000000194,SYN-0194-INV-03,2026-02-22,2346.64,117.33,7982.96,2025-06-20
SYN-0194,Synthetic Supplier 0194 LLC,900000000000194,SYN-0194-INV-04,2026-04-10,1665.58,83.28,7982.96,2025-06-20
SYN-0195,Synthetic Supplier 0195 LLC,900000000000195,SYN-0195-INV-01,2025-12-03,3734.54,186.73,13727.69,
SYN-0195,Synthetic Supplier 0195 LLC,900000000000195,SYN-0195-INV-02,2026-01-19,3217.18,160.86,13727.69,
SYN-0195,Synthetic Supplier 0195 LLC,900000000000195,SYN-0195-INV-03,2026-03-07,2016.14,100.81,13727.69,
SYN-0195,Synthetic Supplier 0195 LLC,900000000000195,SYN-0195-INV-04,2026-04-23,3946.2,197.31,13727.69,
SYN-0195,Synthetic Supplier 0195 LLC,900000000000195,SYN-0195-INV-05,2026-06-09,2338.92,116.95,13727.69,
SYN-0196,Synthetic Supplier 0196 LLC,900000000000196,SYN-0196-INV-01,2025-12-16,5939.11,296.96,64896.18,2025-08-22
SYN-0196,Synthetic Supplier 0196 LLC,900000000000196,SYN-0196-INV-02,2026-02-01,8482.26,424.11,64896.18,2025-08-22
SYN-0197,Synthetic Supplier 0197 LLC,900000000000197,SYN-0197-INV-01,2025-12-29,3422.22,171.11,9631.64,2026-09-23
SYN-0197,Synthetic Supplier 0197 LLC,900000000000197,SYN-0197-INV-02,2026-02-14,3070.2,153.51,9631.64,2026-09-23
SYN-0197,Synthetic Supplier 0197 LLC,900000000000197,SYN-0197-INV-03,2026-04-02,4209.4,210.47,9631.64,2026-09-23
SYN-0198,Synthetic Supplier 0198 LLC,900000000000198,SYN-0198-INV-01,2026-01-11,1734.43,86.72,5751.76,2025-01-24
SYN-0198,Synthetic Supplier 0198 LLC,900000000000198,SYN-0198-INV-02,2026-02-27,1187.89,59.39,5751.76,2025-01-24
SYN-0198,Synthetic Supplier 0198 LLC,900000000000198,SYN-0198-INV-03,2026-04-15,2065.76,103.29,5751.76,2025-01-24
SYN-0198,Synthetic Supplier 0198 LLC,900000000000198,SYN-0198-INV-04,2026-06-01,1402.76,70.14,5751.76,2025-01-24
SYN-0199,Synthetic Supplier 0199 LLC,900000000000199,SYN-0199-INV-01,2026-01-24,1743.5,87.17,11081.87,2026-02-25
SYN-0199,Synthetic Supplier 0199 LLC,900000000000199,SYN-0199-INV-02,2026-03-12,2145.94,107.3,11081.87,2026-02-25
SYN-0199,Synthetic Supplier 0199 LLC,900000000000199,SYN-0199-INV-03,2026-04-28,2225.48,111.27,11081.87,2026-02-25
SYN-0199,Synthetic Supplier 0199 LLC,900000000000199,SYN-0199-INV-04,2026-06-14,3158.98,157.95,11081.87,2026-02-25
SYN-0199,Synthetic Supplier 0199 LLC,900000000000199,SYN-0199-INV-05,2026-07-31,3039.29,151.96,11081.87,2026-02-25
SYN-0200,Synthetic Supplier 0200 LLC,900000000000200,SYN-0200-INV-01,2026-02-06,9533.77,476.69,23489.89,
SYN-0200,Synthetic Supplier 0200 LLC,900000000000200,SYN-0200-INV-02,2026-03-25,16566.12,828.31,23489.89,
SYN-0201,Synthetic Supplier 0201 LLC,900000000000201,SYN-0201-INV-01,2026-02-19,7298.32,364.92,25483.43,2026-04-02
SYN-0201,Synthetic Supplier 0201 LLC,900000000000201,SYN-0201-INV-02,2026-04-07,10663.05,533.15,25483.43,2026-04-02
SYN-0201,Synthetic Supplier 0201 LLC,900000000000201,SYN-0201-INV-03,2026-05-24,10353.56,517.68,25483.43,2026-04-02
SYN-0202,Synthetic Supplier 0202 LLC,900000000000202,SYN-0202-INV-01,2026-03-04,6743.63,337.18,24932.74,2025-05-03
SYN-0202,Synthetic Supplier 0202 LLC,900000000000202,SYN-0202-INV-02,2026-04-20,8668.03,433.4,24932.74,2025-05-03
SYN-0202,Synthetic Supplier 0202 LLC,900000000000202,SYN-0202-INV-03,2026-06-06,8020.91,401.05,24932.74,2025-05-03
SYN-0202,Synthetic Supplier 0202 LLC,900000000000202,SYN-0202-INV-04,2026-07-23,4270.48,213.52,24932.74,2025-05-03
SYN-0203,Synthetic Supplier 0203 LLC,900000000000203,SYN-0203-INV-01,2026-03-17,2451.79,122.59,79876.29,2026-06-04
SYN-0203,Synthetic Supplier 0203 LLC,900000000000203,SYN-0203-INV-02,2026-05-03,2644.64,132.23,79876.29,2026-06-04
SYN-0203,Synthetic Supplier 0203 LLC,900000000000203,SYN-0203-INV-03,2026-06-19,5035.89,251.79,79876.29,2026-06-04
SYN-0203,Synthetic Supplier 0203 LLC,900000000000203,SYN-0203-INV-04,2026-08-05,3875.35,193.77,79876.29,2026-06-04
SYN-0203,Synthetic Supplier 0203 LLC,900000000000203,SYN-0203-INV-05,2026-09-21,3742.62,187.13,79876.29,2026-06-04
SYN-0204,Synthetic Supplier 0204 LLC,900000000000204,SYN-0204-INV-01,2026-03-30,3205.21,160.26,8136.87,2025-07-05
SYN-0204,Synthetic Supplier 0204 LLC,900000000000204,SYN-0204-INV-02,2026-05-16,5835.76,291.79,8136.87,2025-07-05
SYN-0205,Synthetic Supplier 0205 LLC,900000000000205,SYN-0205-INV-01,2026-04-12,4930.72,246.54,18556.63,
SYN-0205,Synthetic Supplier 0205 LLC,900000000000205,SYN-0205-INV-02,2026-05-29,10924.7,546.23,18556.63,
SYN-0205,Synthetic Supplier 0205 LLC,900000000000205,SYN-0205-INV-03,2026-07-15,4763.06,238.15,18556.63,
SYN-0206,Synthetic Supplier 0206 LLC,900000000000206,SYN-0206-INV-01,2026-04-25,4420.02,221,24960.83,2025-09-07
SYN-0206,Synthetic Supplier 0206 LLC,900000000000206,SYN-0206-INV-02,2026-06-11,9783.19,489.16,24960.83,2025-09-07
SYN-0206,Synthetic Supplier 0206 LLC,900000000000206,SYN-0206-INV-03,2026-07-28,5629.04,281.45,24960.83,2025-09-07
SYN-0206,Synthetic Supplier 0206 LLC,900000000000206,SYN-0206-INV-04,2026-09-13,7902,395.1,24960.83,2025-09-07
SYN-0207,Synthetic Supplier 0207 LLC,900000000000207,SYN-0207-INV-01,2026-05-08,4419.8,220.99,23407.54,2026-01-08
SYN-0207,Synthetic Supplier 0207 LLC,900000000000207,SYN-0207-INV-02,2026-06-24,5537.48,276.87,23407.54,2026-01-08
SYN-0207,Synthetic Supplier 0207 LLC,900000000000207,SYN-0207-INV-03,2026-08-10,6982.24,349.11,23407.54,2026-01-08
SYN-0207,Synthetic Supplier 0207 LLC,900000000000207,SYN-0207-INV-04,2026-09-26,4040.69,202.03,23407.54,2026-01-08
SYN-0207,Synthetic Supplier 0207 LLC,900000000000207,SYN-0207-INV-05,2025-11-17,5028.16,251.41,23407.54,2026-01-08
SYN-0208,Synthetic Supplier 0208 LLC,900000000000208,SYN-0208-INV-01,2026-05-21,17158.87,857.94,24742.62,2025-02-09
SYN-0208,Synthetic Supplier 0208 LLC,900000000000208,SYN-0208-INV-02,2026-07-07,10332.93,516.65,24742.62,2025-02-09
SYN-0209,Synthetic Supplier 0209 LLC,900000000000209,SYN-0209-INV-01,2026-06-03,10920.91,546.05,20178.13,2026-03-10
SYN-0209,Synthetic Supplier 0209 LLC,900000000000209,SYN-0209-INV-02,2026-07-20,6468.58,323.43,20178.13,2026-03-10
SYN-0209,Synthetic Supplier 0209 LLC,900000000000209,SYN-0209-INV-03,2026-09-05,5030.65,251.53,20178.13,2026-03-10
SYN-0210,Synthetic Supplier 0210 LLC,900000000000210,SYN-0210-INV-01,2026-06-16,6113.43,305.67,91202.32,
SYN-0210,Synthetic Supplier 0210 LLC,900000000000210,SYN-0210-INV-02,2026-08-02,4314.56,215.73,91202.32,
SYN-0210,Synthetic Supplier 0210 LLC,900000000000210,SYN-0210-INV-03,2026-09-18,3392.86,169.64,91202.32,
SYN-0210,Synthetic Supplier 0210 LLC,900000000000210,SYN-0210-INV-04,2025-11-09,6446.33,322.32,91202.32,
SYN-0211,Synthetic Supplier 0211 LLC,900000000000211,SYN-0211-INV-01,2026-06-29,2892.46,144.62,14986.93,2026-05-12
SYN-0211,Synthetic Supplier 0211 LLC,900000000000211,SYN-0211-INV-02,2026-08-15,3737.91,186.9,14986.93,2026-05-12
SYN-0211,Synthetic Supplier 0211 LLC,900000000000211,SYN-0211-INV-03,2025-10-06,3507.78,175.39,14986.93,2026-05-12
SYN-0211,Synthetic Supplier 0211 LLC,900000000000211,SYN-0211-INV-04,2025-11-22,4143.97,207.2,14986.93,2026-05-12
SYN-0211,Synthetic Supplier 0211 LLC,900000000000211,SYN-0211-INV-05,2026-01-08,2370.03,118.5,14986.93,2026-05-12
SYN-0212,Synthetic Supplier 0212 LLC,900000000000212,SYN-0212-INV-01,2026-07-12,5298.42,264.92,9462.76,2025-06-13
SYN-0212,Synthetic Supplier 0212 LLC,900000000000212,SYN-0212-INV-02,2026-08-28,5215.76,260.79,9462.76,2025-06-13
SYN-0213,Synthetic Supplier 0213 LLC,900000000000213,SYN-0213-INV-01,2026-07-25,8434.22,421.71,24410.64,2026-07-14
SYN-0213,Synthetic Supplier 0213 LLC,900000000000213,SYN-0213-INV-02,2026-09-10,9114,455.7,24410.64,2026-07-14
SYN-0213,Synthetic Supplier 0213 LLC,900000000000213,SYN-0213-INV-03,2025-11-01,9574.71,478.74,24410.64,2026-07-14
SYN-0214,Synthetic Supplier 0214 LLC,900000000000214,SYN-0214-INV-01,2026-08-07,1745.21,87.26,6097.92,2025-08-15
SYN-0214,Synthetic Supplier 0214 LLC,900000000000214,SYN-0214-INV-02,2026-09-23,1734.9,86.74,6097.92,2025-08-15
SYN-0214,Synthetic Supplier 0214 LLC,900000000000214,SYN-0214-INV-03,2025-11-14,1805.55,90.28,6097.92,2025-08-15
SYN-0214,Synthetic Supplier 0214 LLC,900000000000214,SYN-0214-INV-04,2025-12-31,1489.8,74.49,6097.92,2025-08-15
SYN-0215,Synthetic Supplier 0215 LLC,900000000000215,SYN-0215-INV-01,2026-08-20,4568.13,228.41,23918.79,
SYN-0215,Synthetic Supplier 0215 LLC,900000000000215,SYN-0215-INV-02,2025-10-11,5607.26,280.36,23918.79,
SYN-0215,Synthetic Supplier 0215 LLC,900000000000215,SYN-0215-INV-03,2025-11-27,4512.05,225.6,23918.79,
SYN-0215,Synthetic Supplier 0215 LLC,900000000000215,SYN-0215-INV-04,2026-01-13,7307.86,365.39,23918.79,
SYN-0215,Synthetic Supplier 0215 LLC,900000000000215,SYN-0215-INV-05,2026-03-01,4581.13,229.06,23918.79,
SYN-0216,Synthetic Supplier 0216 LLC,900000000000216,SYN-0216-INV-01,2026-09-02,9295.56,464.78,24232.55,2025-01-17
SYN-0216,Synthetic Supplier 0216 LLC,900000000000216,SYN-0216-INV-02,2025-10-24,17629.5,881.47,24232.55,2025-01-17
SYN-0217,Synthetic Supplier 0217 LLC,900000000000217,SYN-0217-INV-01,2026-09-15,4705.61,235.28,53117.77,2026-02-18
SYN-0217,Synthetic Supplier 0217 LLC,900000000000217,SYN-0217-INV-02,2025-11-06,4020.84,201.04,53117.77,2026-02-18
SYN-0217,Synthetic Supplier 0217 LLC,900000000000217,SYN-0217-INV-03,2025-12-23,3077.5,153.88,53117.77,2026-02-18
SYN-0218,Synthetic Supplier 0218 LLC,900000000000218,SYN-0218-INV-01,2025-10-03,7949.81,397.49,24326.52,2025-03-19
SYN-0218,Synthetic Supplier 0218 LLC,900000000000218,SYN-0218-INV-02,2025-11-19,5906.79,295.34,24326.52,2025-03-19
SYN-0218,Synthetic Supplier 0218 LLC,900000000000218,SYN-0218-INV-03,2026-01-05,5727.22,286.36,24326.52,2025-03-19
SYN-0218,Synthetic Supplier 0218 LLC,900000000000218,SYN-0218-INV-04,2026-02-21,7445.65,372.28,24326.52,2025-03-19
SYN-0219,Synthetic Supplier 0219 LLC,900000000000219,SYN-0219-INV-01,2025-10-16,2688.23,134.41,14009.53,2026-04-20
SYN-0219,Synthetic Supplier 0219 LLC,900000000000219,SYN-0219-INV-02,2025-12-02,1706.31,85.32,14009.53,2026-04-20
SYN-0219,Synthetic Supplier 0219 LLC,900000000000219,SYN-0219-INV-03,2026-01-18,3903.21,195.16,14009.53,2026-04-20
SYN-0219,Synthetic Supplier 0219 LLC,900000000000219,SYN-0219-INV-04,2026-03-06,3703.73,185.19,14009.53,2026-04-20
SYN-0219,Synthetic Supplier 0219 LLC,900000000000219,SYN-0219-INV-05,2026-04-22,3564.66,178.23,14009.53,2026-04-20
SYN-0220,Synthetic Supplier 0220 LLC,900000000000220,SYN-0220-INV-01,2025-10-29,13077.62,653.88,21384.45,
SYN-0220,Synthetic Supplier 0220 LLC,900000000000220,SYN-0220-INV-02,2025-12-15,10682.88,534.14,21384.45,
SYN-0221,Synthetic Supplier 0221 LLC,900000000000221,SYN-0221-INV-01,2025-11-11,14444.8,722.24,52031.41,2026-06-22
SYN-0221,Synthetic Supplier 0221 LLC,900000000000221,SYN-0221-INV-02,2025-12-28,15123.18,756.16,52031.41,2026-06-22
SYN-0221,Synthetic Supplier 0221 LLC,900000000000221,SYN-0221-INV-03,2026-02-13,28244.7,1412.23,52031.41,2026-06-22
SYN-0222,Synthetic Supplier 0222 LLC,900000000000222,SYN-0222-INV-01,2025-11-24,17777.14,888.86,62490.59,2025-07-23
SYN-0222,Synthetic Supplier 0222 LLC,900000000000222,SYN-0222-INV-02,2026-01-10,12944.32,647.22,62490.59,2025-07-23
SYN-0222,Synthetic Supplier 0222 LLC,900000000000222,SYN-0222-INV-03,2026-02-26,18411.28,920.56,62490.59,2025-07-23
SYN-0222,Synthetic Supplier 0222 LLC,900000000000222,SYN-0222-INV-04,2026-04-14,20301.25,1015.06,62490.59,2025-07-23
SYN-0223,Synthetic Supplier 0223 LLC,900000000000223,SYN-0223-INV-01,2025-12-07,11337.71,566.89,51510.14,2026-08-24
SYN-0223,Synthetic Supplier 0223 LLC,900000000000223,SYN-0223-INV-02,2026-01-23,8090.55,404.53,51510.14,2026-08-24
SYN-0223,Synthetic Supplier 0223 LLC,900000000000223,SYN-0223-INV-03,2026-03-11,14438.22,721.91,51510.14,2026-08-24
SYN-0223,Synthetic Supplier 0223 LLC,900000000000223,SYN-0223-INV-04,2026-04-27,15702.31,785.12,51510.14,2026-08-24
SYN-0223,Synthetic Supplier 0223 LLC,900000000000223,SYN-0223-INV-05,2026-06-13,7664.69,383.23,51510.14,2026-08-24
SYN-0224,Synthetic Supplier 0224 LLC,900000000000224,SYN-0224-INV-01,2025-12-20,46911.53,2345.58,91270.54,2025-09-25
SYN-0224,Synthetic Supplier 0224 LLC,900000000000224,SYN-0224-INV-02,2026-02-05,32454.16,1622.71,91270.54,2025-09-25
SYN-0225,Synthetic Supplier 0225 LLC,900000000000225,SYN-0225-INV-01,2026-01-02,14378.34,718.92,47562.09,
SYN-0225,Synthetic Supplier 0225 LLC,900000000000225,SYN-0225-INV-02,2026-02-18,19938.21,996.91,47562.09,
SYN-0225,Synthetic Supplier 0225 LLC,900000000000225,SYN-0225-INV-03,2026-04-06,18530.22,926.51,47562.09,
SYN-0226,Synthetic Supplier 0226 LLC,900000000000226,SYN-0226-INV-01,2026-01-15,13317.7,665.89,41306.54,2025-02-02
SYN-0226,Synthetic Supplier 0226 LLC,900000000000226,SYN-0226-INV-02,2026-03-03,11352.06,567.6,41306.54,2025-02-02
SYN-0226,Synthetic Supplier 0226 LLC,900000000000226,SYN-0226-INV-03,2026-04-19,12103.56,605.18,41306.54,2025-02-02
SYN-0226,Synthetic Supplier 0226 LLC,900000000000226,SYN-0226-INV-04,2026-06-05,9122.82,456.14,41306.54,2025-02-02
SYN-0227,Synthetic Supplier 0227 LLC,900000000000227,SYN-0227-INV-01,2026-01-28,5676.67,283.83,32476.3,2026-03-03
SYN-0227,Synthetic Supplier 0227 LLC,900000000000227,SYN-0227-INV-02,2026-03-16,9018.2,450.91,32476.3,2026-03-03
SYN-0227,Synthetic Supplier 0227 LLC,900000000000227,SYN-0227-INV-03,2026-05-02,5055.37,252.77,32476.3,2026-03-03
SYN-0227,Synthetic Supplier 0227 LLC,900000000000227,SYN-0227-INV-04,2026-06-18,7459.75,372.99,32476.3,2026-03-03
SYN-0227,Synthetic Supplier 0227 LLC,900000000000227,SYN-0227-INV-05,2026-08-04,8874.8,443.74,32476.3,2026-03-03
SYN-0228,Synthetic Supplier 0228 LLC,900000000000228,SYN-0228-INV-01,2026-02-10,31011.58,1550.58,46132.67,2025-04-04
SYN-0228,Synthetic Supplier 0228 LLC,900000000000228,SYN-0228-INV-02,2026-03-29,20246.94,1012.35,46132.67,2025-04-04
SYN-0229,Synthetic Supplier 0229 LLC,900000000000229,SYN-0229-INV-01,2026-02-23,25799.15,1289.96,61487.97,2026-05-05
SYN-0229,Synthetic Supplier 0229 LLC,900000000000229,SYN-0229-INV-02,2026-04-11,24687.96,1234.4,61487.97,2026-05-05
SYN-0229,Synthetic Supplier 0229 LLC,900000000000229,SYN-0229-INV-03,2026-05-28,17832.85,891.64,61487.97,2026-05-05
SYN-0230,Synthetic Supplier 0230 LLC,900000000000230,SYN-0230-INV-01,2026-03-08,8879.31,443.97,36077.9,
SYN-0230,Synthetic Supplier 0230 LLC,900000000000230,SYN-0230-INV-02,2026-04-24,9483.37,474.17,36077.9,
SYN-0230,Synthetic Supplier 0230 LLC,900000000000230,SYN-0230-INV-03,2026-06-10,8580.24,429.01,36077.9,
SYN-0230,Synthetic Supplier 0230 LLC,900000000000230,SYN-0230-INV-04,2026-07-27,13143.63,657.18,36077.9,
SYN-0231,Synthetic Supplier 0231 LLC,900000000000231,SYN-0231-INV-01,2026-03-21,10771.71,538.59,50838.36,2026-07-07
SYN-0231,Synthetic Supplier 0231 LLC,900000000000231,SYN-0231-INV-02,2026-05-07,6541.26,327.06,50838.36,2026-07-07
SYN-0231,Synthetic Supplier 0231 LLC,900000000000231,SYN-0231-INV-03,2026-06-23,9299.66,464.98,50838.36,2026-07-07
SYN-0231,Synthetic Supplier 0231 LLC,900000000000231,SYN-0231-INV-04,2026-08-09,10584.13,529.21,50838.36,2026-07-07
SYN-0231,Synthetic Supplier 0231 LLC,900000000000231,SYN-0231-INV-05,2026-09-25,7010.51,350.53,50838.36,2026-07-07
SYN-0232,Synthetic Supplier 0232 LLC,900000000000232,SYN-0232-INV-01,2026-04-03,30725.56,1536.28,69432.43,2025-08-08
SYN-0232,Synthetic Supplier 0232 LLC,900000000000232,SYN-0232-INV-02,2026-05-20,46421.58,2321.08,69432.43,2025-08-08
SYN-0233,Synthetic Supplier 0233 LLC,900000000000233,SYN-0233-INV-01,2026-04-16,16587.63,829.38,42139.07,2026-09-09
SYN-0233,Synthetic Supplier 0233 LLC,900000000000233,SYN-0233-INV-02,2026-06-02,15888.92,794.45,42139.07,2026-09-09
SYN-0233,Synthetic Supplier 0233 LLC,900000000000233,SYN-0233-INV-03,2026-07-19,14344.64,717.23,42139.07,2026-09-09
SYN-0234,Synthetic Supplier 0234 LLC,900000000000234,SYN-0234-INV-01,2026-04-29,6947.89,347.39,32440.53,2025-01-10
SYN-0234,Synthetic Supplier 0234 LLC,900000000000234,SYN-0234-INV-02,2026-06-15,9456.15,472.81,32440.53,2025-01-10
SYN-0234,Synthetic Supplier 0234 LLC,900000000000234,SYN-0234-INV-03,2026-08-01,8424.16,421.21,32440.53,2025-01-10
SYN-0234,Synthetic Supplier 0234 LLC,900000000000234,SYN-0234-INV-04,2026-09-17,11216.83,560.84,32440.53,2025-01-10
SYN-0235,Synthetic Supplier 0235 LLC,900000000000235,SYN-0235-INV-01,2026-05-12,8379.39,418.97,31792.76,
SYN-0235,Synthetic Supplier 0235 LLC,900000000000235,SYN-0235-INV-02,2026-06-28,8207.79,410.39,31792.76,
SYN-0235,Synthetic Supplier 0235 LLC,900000000000235,SYN-0235-INV-03,2026-08-14,6641.69,332.08,31792.76,
SYN-0235,Synthetic Supplier 0235 LLC,900000000000235,SYN-0235-INV-04,2025-10-05,6312.36,315.62,31792.76,
SYN-0235,Synthetic Supplier 0235 LLC,900000000000235,SYN-0235-INV-05,2025-11-21,5784.06,289.2,31792.76,
SYN-0236,Synthetic Supplier 0236 LLC,900000000000236,SYN-0236-INV-01,2026-05-25,41098.07,2054.9,59318.48,2025-03-12
SYN-0236,Synthetic Supplier 0236 LLC,900000000000236,SYN-0236-INV-02,2026-07-11,24811.35,1240.57,59318.48,2025-03-12
SYN-0237,Synthetic Supplier 0237 LLC,900000000000237,SYN-0237-INV-01,2026-06-07,21459.05,1072.95,53494.37,2026-04-13
SYN-0237,Synthetic Supplier 0237 LLC,900000000000237,SYN-0237-INV-02,2026-07-24,20108.11,1005.41,53494.37,2026-04-13
SYN-0237,Synthetic Supplier 0237 LLC,900000000000237,SYN-0237-INV-03,2026-09-09,17871.03,893.55,53494.37,2026-04-13
SYN-0238,Synthetic Supplier 0238 LLC,900000000000238,SYN-0238-INV-01,2026-06-20,16083.71,804.19,89200.29,2025-05-14
SYN-0238,Synthetic Supplier 0238 LLC,900000000000238,SYN-0238-INV-02,2026-08-06,21991.18,1099.56,89200.29,2025-05-14
SYN-0238,Synthetic Supplier 0238 LLC,900000000000238,SYN-0238-INV-03,2026-09-22,18437.53,921.88,89200.29,2025-05-14
SYN-0238,Synthetic Supplier 0238 LLC,900000000000238,SYN-0238-INV-04,2025-11-13,21053.05,1052.65,89200.29,2025-05-14
SYN-0239,Synthetic Supplier 0239 LLC,900000000000239,SYN-0239-INV-01,2026-07-03,8039.37,401.97,48449.94,2026-06-15
SYN-0239,Synthetic Supplier 0239 LLC,900000000000239,SYN-0239-INV-02,2026-08-19,8955.38,447.77,48449.94,2026-06-15
SYN-0239,Synthetic Supplier 0239 LLC,900000000000239,SYN-0239-INV-03,2025-10-10,16118.85,805.94,48449.94,2026-06-15
SYN-0239,Synthetic Supplier 0239 LLC,900000000000239,SYN-0239-INV-04,2025-11-26,8357.62,417.88,48449.94,2026-06-15
SYN-0239,Synthetic Supplier 0239 LLC,900000000000239,SYN-0239-INV-05,2026-01-12,12362.04,618.1,48449.94,2026-06-15
SYN-0240,Synthetic Supplier 0240 LLC,900000000000240,SYN-0240-INV-01,2026-07-16,34548.54,1727.43,49793.98,
SYN-0240,Synthetic Supplier 0240 LLC,900000000000240,SYN-0240-INV-02,2026-09-01,20778.1,1038.91,49793.98,
SYN-0241,Synthetic Supplier 0241 LLC,900000000000241,SYN-0241-INV-01,2026-07-29,33348.58,1667.43,74414.01,2026-08-17
SYN-0241,Synthetic Supplier 0241 LLC,900000000000241,SYN-0241-INV-02,2026-09-14,24216.53,1210.83,74414.01,2026-08-17
SYN-0241,Synthetic Supplier 0241 LLC,900000000000241,SYN-0241-INV-03,2025-11-05,25117.11,1255.86,74414.01,2026-08-17
SYN-0242,Synthetic Supplier 0242 LLC,900000000000242,SYN-0242-INV-01,2026-08-11,10669.57,533.48,42960.55,2025-09-18
SYN-0242,Synthetic Supplier 0242 LLC,900000000000242,SYN-0242-INV-02,2025-10-02,10270.16,513.51,42960.55,2025-09-18
SYN-0242,Synthetic Supplier 0242 LLC,900000000000242,SYN-0242-INV-03,2025-11-18,11062.43,553.12,42960.55,2025-09-18
SYN-0242,Synthetic Supplier 0242 LLC,900000000000242,SYN-0242-INV-04,2026-01-04,15731.78,786.59,42960.55,2025-09-18
SYN-0243,Synthetic Supplier 0243 LLC,900000000000243,SYN-0243-INV-01,2026-08-24,9609.09,480.45,60700.66,2026-01-19
SYN-0243,Synthetic Supplier 0243 LLC,900000000000243,SYN-0243-INV-02,2025-10-15,13866.16,693.31,60700.66,2026-01-19
SYN-0243,Synthetic Supplier 0243 LLC,900000000000243,SYN-0243-INV-03,2025-12-01,12241.94,612.1,60700.66,2026-01-19
SYN-0243,Synthetic Supplier 0243 LLC,900000000000243,SYN-0243-INV-04,2026-01-17,17149.44,857.47,60700.66,2026-01-19
SYN-0243,Synthetic Supplier 0243 LLC,900000000000243,SYN-0243-INV-05,2026-03-05,14578.55,728.93,60700.66,2026-01-19
SYN-0244,Synthetic Supplier 0244 LLC,900000000000244,SYN-0244-INV-01,2026-09-06,30328.02,1516.4,41829.85,2025-02-20
SYN-0244,Synthetic Supplier 0244 LLC,900000000000244,SYN-0244-INV-02,2025-10-28,16149.59,807.48,41829.85,2025-02-20
SYN-0245,Synthetic Supplier 0245 LLC,900000000000245,SYN-0245-INV-01,2026-09-19,22275.59,1113.78,79571.27,
SYN-0245,Synthetic Supplier 0245 LLC,900000000000245,SYN-0245-INV-02,2025-11-10,24656.63,1232.83,79571.27,
SYN-0245,Synthetic Supplier 0245 LLC,900000000000245,SYN-0245-INV-03,2025-12-27,22260.19,1113.01,79571.27,
SYN-0246,Synthetic Supplier 0246 LLC,900000000000246,SYN-0246-INV-01,2025-10-07,11994.42,599.72,60779.85,2025-04-22
SYN-0246,Synthetic Supplier 0246 LLC,900000000000246,SYN-0246-INV-02,2025-11-23,18876.61,943.83,60779.85,2025-04-22
SYN-0246,Synthetic Supplier 0246 LLC,900000000000246,SYN-0246-INV-03,2026-01-09,13936.19,696.81,60779.85,2025-04-22
SYN-0246,Synthetic Supplier 0246 LLC,900000000000246,SYN-0246-INV-04,2026-02-25,22725.96,1136.3,60779.85,2025-04-22
SYN-0247,Synthetic Supplier 0247 LLC,900000000000247,SYN-0247-INV-01,2025-10-20,12587.47,629.37,70638.31,2026-05-23
SYN-0247,Synthetic Supplier 0247 LLC,900000000000247,SYN-0247-INV-02,2025-12-06,20569.65,1028.48,70638.31,2026-05-23
SYN-0247,Synthetic Supplier 0247 LLC,900000000000247,SYN-0247-INV-03,2026-01-22,14155.8,707.79,70638.31,2026-05-23
SYN-0247,Synthetic Supplier 0247 LLC,900000000000247,SYN-0247-INV-04,2026-03-10,10255.49,512.77,70638.31,2026-05-23
SYN-0247,Synthetic Supplier 0247 LLC,900000000000247,SYN-0247-INV-05,2026-04-26,20918.61,1045.93,70638.31,2026-05-23
SYN-0248,Synthetic Supplier 0248 LLC,900000000000248,SYN-0248-INV-01,2025-11-02,42986.62,2149.33,77659.5,2025-06-24
SYN-0248,Synthetic Supplier 0248 LLC,900000000000248,SYN-0248-INV-02,2025-12-19,43301.72,2165.09,77659.5,2025-06-24
SYN-0249,Synthetic Supplier 0249 LLC,900000000000249,SYN-0249-INV-01,2025-11-15,22935.31,1146.77,55377.29,2026-07-25
SYN-0249,Synthetic Supplier 0249 LLC,900000000000249,SYN-0249-INV-02,2026-01-01,21371.79,1068.59,55377.29,2026-07-25
SYN-0249,Synthetic Supplier 0249 LLC,900000000000249,SYN-0249-INV-03,2026-02-17,17223.22,861.16,55377.29,2026-07-25
SYN-0250,Synthetic Supplier 0250 LLC,900000000000250,SYN-0250-INV-01,2025-11-28,10458.07,522.9,34876.88,
SYN-0250,Synthetic Supplier 0250 LLC,900000000000250,SYN-0250-INV-02,2026-01-14,11886.03,594.3,34876.88,
SYN-0250,Synthetic Supplier 0250 LLC,900000000000250,SYN-0250-INV-03,2026-03-02,5343.61,267.18,34876.88,
SYN-0250,Synthetic Supplier 0250 LLC,900000000000250,SYN-0250-INV-04,2026-04-18,11064.37,553.22,34876.88,
SYN-0251,Synthetic Supplier 0251 LLC,900000000000251,SYN-0251-INV-01,2025-12-11,12781.7,639.09,44799.01,2026-09-02
SYN-0251,Synthetic Supplier 0251 LLC,900000000000251,SYN-0251-INV-02,2026-01-27,7981.34,399.07,44799.01,2026-09-02
SYN-0251,Synthetic Supplier 0251 LLC,900000000000251,SYN-0251-INV-03,2026-03-15,10085.21,504.26,44799.01,2026-09-02
SYN-0251,Synthetic Supplier 0251 LLC,900000000000251,SYN-0251-INV-04,2026-05-01,9478.21,473.91,44799.01,2026-09-02
SYN-0251,Synthetic Supplier 0251 LLC,900000000000251,SYN-0251-INV-05,2026-06-17,9450.22,472.51,44799.01,2026-09-02
SYN-0252,Synthetic Supplier 0252 LLC,900000000000252,SYN-0252-INV-01,2025-12-24,14496.29,724.81,48994.74,2025-01-03
SYN-0252,Synthetic Supplier 0252 LLC,900000000000252,SYN-0252-INV-02,2026-02-09,28107.83,1405.39,48994.74,2025-01-03
SYN-0253,Synthetic Supplier 0253 LLC,900000000000253,SYN-0253-INV-01,2026-01-06,11741.65,587.08,44500.92,2026-02-04
SYN-0253,Synthetic Supplier 0253 LLC,900000000000253,SYN-0253-INV-02,2026-02-22,21338.91,1066.95,44500.92,2026-02-04
SYN-0253,Synthetic Supplier 0253 LLC,900000000000253,SYN-0253-INV-03,2026-04-10,16364.91,818.25,44500.92,2026-02-04
SYN-0254,Synthetic Supplier 0254 LLC,900000000000254,SYN-0254-INV-01,2026-01-19,21845.2,1092.26,78968.48,2025-03-05
SYN-0254,Synthetic Supplier 0254 LLC,900000000000254,SYN-0254-INV-02,2026-03-07,25795.36,1289.77,78968.48,2025-03-05
SYN-0254,Synthetic Supplier 0254 LLC,900000000000254,SYN-0254-INV-03,2026-04-23,14142.44,707.12,78968.48,2025-03-05
SYN-0254,Synthetic Supplier 0254 LLC,900000000000254,SYN-0254-INV-04,2026-06-09,25959.74,1297.99,78968.48,2025-03-05
SYN-0255,Synthetic Supplier 0255 LLC,900000000000255,SYN-0255-INV-01,2026-02-01,9974.46,498.72,47052.41,
SYN-0255,Synthetic Supplier 0255 LLC,900000000000255,SYN-0255-INV-02,2026-03-20,10672.54,533.63,47052.41,
SYN-0255,Synthetic Supplier 0255 LLC,900000000000255,SYN-0255-INV-03,2026-05-06,10833.54,541.68,47052.41,
SYN-0255,Synthetic Supplier 0255 LLC,900000000000255,SYN-0255-INV-04,2026-06-22,11108.2,555.41,47052.41,
SYN-0255,Synthetic Supplier 0255 LLC,900000000000255,SYN-0255-INV-05,2026-08-08,9691.72,484.59,47052.41,
SYN-0256,Synthetic Supplier 0256 LLC,900000000000256,SYN-0256-INV-01,2026-02-14,27262.73,1363.14,53098.15,2025-05-07
SYN-0256,Synthetic Supplier 0256 LLC,900000000000256,SYN-0256-INV-02,2026-04-02,31735.21,1586.76,53098.15,2025-05-07
SYN-0257,Synthetic Supplier 0257 LLC,900000000000257,SYN-0257-INV-01,2026-02-27,14819.22,740.96,47382.14,2026-06-08
SYN-0257,Synthetic Supplier 0257 LLC,900000000000257,SYN-0257-INV-02,2026-04-15,13427.54,671.38,47382.14,2026-06-08
SYN-0257,Synthetic Supplier 0257 LLC,900000000000257,SYN-0257-INV-03,2026-06-01,24400.06,1220,47382.14,2026-06-08
SYN-0258,Synthetic Supplier 0258 LLC,900000000000258,SYN-0258-INV-01,2026-03-12,12103.4,605.17,56548.53,2025-07-09
SYN-0258,Synthetic Supplier 0258 LLC,900000000000258,SYN-0258-INV-02,2026-04-28,17463.77,873.19,56548.53,2025-07-09
SYN-0258,Synthetic Supplier 0258 LLC,900000000000258,SYN-0258-INV-03,2026-06-14,17253.83,862.69,56548.53,2025-07-09
SYN-0258,Synthetic Supplier 0258 LLC,900000000000258,SYN-0258-INV-04,2026-07-31,16010.7,800.54,56548.53,2025-07-09
SYN-0259,Synthetic Supplier 0259 LLC,900000000000259,SYN-0259-INV-01,2026-03-25,14906.43,745.32,85500.05,2026-08-10
SYN-0259,Synthetic Supplier 0259 LLC,900000000000259,SYN-0259-INV-02,2026-05-11,12776.66,638.83,85500.05,2026-08-10
SYN-0259,Synthetic Supplier 0259 LLC,900000000000259,SYN-0259-INV-03,2026-06-27,17274.02,863.7,85500.05,2026-08-10
SYN-0259,Synthetic Supplier 0259 LLC,900000000000259,SYN-0259-INV-04,2026-08-13,13663.91,683.2,85500.05,2026-08-10
SYN-0259,Synthetic Supplier 0259 LLC,900000000000259,SYN-0259-INV-05,2025-10-04,15726.84,786.34,85500.05,2026-08-10
SYN-0260,Synthetic Supplier 0260 LLC,900000000000260,SYN-0260-INV-01,2026-04-07,28438.56,1421.93,60574.69,
SYN-0260,Synthetic Supplier 0260 LLC,900000000000260,SYN-0260-INV-02,2026-05-24,38866.65,1943.33,60574.69,
SYN-0261,Synthetic Supplier 0261 LLC,900000000000261,SYN-0261-INV-01,2026-04-20,29509.61,1475.48,71365.41,2026-01-12
SYN-0261,Synthetic Supplier 0261 LLC,900000000000261,SYN-0261-INV-02,2026-06-06,22535.16,1126.76,71365.41,2026-01-12
SYN-0261,Synthetic Supplier 0261 LLC,900000000000261,SYN-0261-INV-03,2026-07-23,27250.13,1362.51,71365.41,2026-01-12
SYN-0262,Synthetic Supplier 0262 LLC,900000000000262,SYN-0262-INV-01,2026-05-03,16855.56,842.78,67820.21,2025-02-13
SYN-0262,Synthetic Supplier 0262 LLC,900000000000262,SYN-0262-INV-02,2026-06-19,16079.09,803.95,67820.21,2025-02-13
SYN-0262,Synthetic Supplier 0262 LLC,900000000000262,SYN-0262-INV-03,2026-08-05,21380.39,1069.02,67820.21,2025-02-13
SYN-0262,Synthetic Supplier 0262 LLC,900000000000262,SYN-0262-INV-04,2026-09-21,21040.74,1052.04,67820.21,2025-02-13
SYN-0263,Synthetic Supplier 0263 LLC,900000000000263,SYN-0263-INV-01,2026-05-16,10469.22,523.46,43643.99,2026-03-14
SYN-0263,Synthetic Supplier 0263 LLC,900000000000263,SYN-0263-INV-02,2026-07-02,7513.38,375.67,43643.99,2026-03-14
SYN-0263,Synthetic Supplier 0263 LLC,900000000000263,SYN-0263-INV-03,2026-08-18,10549.95,527.5,43643.99,2026-03-14
SYN-0263,Synthetic Supplier 0263 LLC,900000000000263,SYN-0263-INV-04,2025-10-09,12116.2,605.81,43643.99,2026-03-14
SYN-0263,Synthetic Supplier 0263 LLC,900000000000263,SYN-0263-INV-05,2025-11-25,7844.58,392.23,43643.99,2026-03-14
SYN-0264,Synthetic Supplier 0264 LLC,900000000000264,SYN-0264-INV-01,2026-05-29,41480.99,2074.05,75841.68,2025-04-15
SYN-0264,Synthetic Supplier 0264 LLC,900000000000264,SYN-0264-INV-02,2026-07-15,42787.54,2139.38,75841.68,2025-04-15
SYN-0265,Synthetic Supplier 0265 LLC,900000000000265,SYN-0265-INV-01,2026-06-11,25477.05,1273.85,75211.32,
SYN-0265,Synthetic Supplier 0265 LLC,900000000000265,SYN-0265-INV-02,2026-07-28,27854.77,1392.74,75211.32,
SYN-0265,Synthetic Supplier 0265 LLC,900000000000265,SYN-0265-INV-03,2026-09-13,30236.31,1511.82,75211.32,
SYN-0266,Synthetic Supplier 0266 LLC,900000000000266,SYN-0266-INV-01,2026-06-24,19043.63,952.18,75660.33,2025-06-17
SYN-0266,Synthetic Supplier 0266 LLC,900000000000266,SYN-0266-INV-02,2026-08-10,19064.76,953.24,75660.33,2025-06-17
SYN-0266,Synthetic Supplier 0266 LLC,900000000000266,SYN-0266-INV-03,2026-09-26,15235.35,761.77,75660.33,2025-06-17
SYN-0266,Synthetic Supplier 0266 LLC,900000000000266,SYN-0266-INV-04,2025-11-17,12447.86,622.39,75660.33,2025-06-17
SYN-0267,Synthetic Supplier 0267 LLC,900000000000267,SYN-0267-INV-01,2026-07-07,8708.78,435.44,41492.37,2026-07-18
SYN-0267,Synthetic Supplier 0267 LLC,900000000000267,SYN-0267-INV-02,2026-08-23,11190.59,559.53,41492.37,2026-07-18
SYN-0267,Synthetic Supplier 0267 LLC,900000000000267,SYN-0267-INV-03,2025-10-14,11889.37,594.47,41492.37,2026-07-18
SYN-0267,Synthetic Supplier 0267 LLC,900000000000267,SYN-0267-INV-04,2025-11-30,6484.1,324.2,41492.37,2026-07-18
SYN-0267,Synthetic Supplier 0267 LLC,900000000000267,SYN-0267-INV-05,2026-01-16,7829.79,391.49,41492.37,2026-07-18
SYN-0268,Synthetic Supplier 0268 LLC,900000000000268,SYN-0268-INV-01,2026-07-20,36843.99,1842.2,69186.97,2025-08-19
SYN-0268,Synthetic Supplier 0268 LLC,900000000000268,SYN-0268-INV-02,2026-09-05,40030.43,2001.52,69186.97,2025-08-19
SYN-0269,Synthetic Supplier 0269 LLC,900000000000269,SYN-0269-INV-01,2026-08-02,15936.01,796.8,35725.94,2026-09-20
SYN-0269,Synthetic Supplier 0269 LLC,900000000000269,SYN-0269-INV-02,2026-09-18,11264.57,563.23,35725.94,2026-09-20
SYN-0269,Synthetic Supplier 0269 LLC,900000000000269,SYN-0269-INV-03,2025-11-09,12494.9,624.74,35725.94,2026-09-20
SYN-0270,Synthetic Supplier 0270 LLC,900000000000270,SYN-0270-INV-01,2026-08-15,17173.33,858.67,56898.08,
SYN-0270,Synthetic Supplier 0270 LLC,900000000000270,SYN-0270-INV-02,2025-10-06,17713.7,885.69,56898.08,
SYN-0270,Synthetic Supplier 0270 LLC,900000000000270,SYN-0270-INV-03,2025-11-22,9732.5,486.62,56898.08,
SYN-0270,Synthetic Supplier 0270 LLC,900000000000270,SYN-0270-INV-04,2026-01-08,18600.56,930.03,56898.08,
SYN-0271,Synthetic Supplier 0271 LLC,900000000000271,SYN-0271-INV-01,2026-08-28,5746.38,287.32,36252.73,2026-02-22
SYN-0271,Synthetic Supplier 0271 LLC,900000000000271,SYN-0271-INV-02,2025-10-19,8623.6,431.18,36252.73,2026-02-22
SYN-0271,Synthetic Supplier 0271 LLC,900000000000271,SYN-0271-INV-03,2025-12-05,9810.27,490.51,36252.73,2026-02-22
SYN-0271,Synthetic Supplier 0271 LLC,900000000000271,SYN-0271-INV-04,2026-01-21,8585.48,429.27,36252.73,2026-02-22
SYN-0271,Synthetic Supplier 0271 LLC,900000000000271,SYN-0271-INV-05,2026-03-09,7515.09,375.75,36252.73,2026-02-22
SYN-0272,Synthetic Supplier 0272 LLC,900000000000272,SYN-0272-INV-01,2026-09-10,27734.74,1386.74,43788.85,2025-03-23
SYN-0272,Synthetic Supplier 0272 LLC,900000000000272,SYN-0272-INV-02,2025-11-01,20919.53,1045.98,43788.85,2025-03-23
SYN-0273,Synthetic Supplier 0273 LLC,900000000000273,SYN-0273-INV-01,2026-09-23,11776.47,588.82,49704.65,2026-04-24
SYN-0273,Synthetic Supplier 0273 LLC,900000000000273,SYN-0273-INV-02,2025-11-14,15026.82,751.34,49704.65,2026-04-24
SYN-0273,Synthetic Supplier 0273 LLC,900000000000273,SYN-0273-INV-03,2025-12-31,16418.15,820.91,49704.65,2026-04-24
SYN-0274,Synthetic Supplier 0274 LLC,900000000000274,SYN-0274-INV-01,2025-10-11,11149.42,557.47,51166.32,2025-05-25
SYN-0274,Synthetic Supplier 0274 LLC,900000000000274,SYN-0274-INV-02,2025-11-27,15504.49,775.22,51166.32,2025-05-25
SYN-0274,Synthetic Supplier 0274 LLC,900000000000274,SYN-0274-INV-03,2026-01-13,19035.3,951.76,51166.32,2025-05-25
SYN-0274,Synthetic Supplier 0274 LLC,900000000000274,SYN-0274-INV-04,2026-03-01,11162.26,558.11,51166.32,2025-05-25
SYN-0275,Synthetic Supplier 0275 LLC,900000000000275,SYN-0275-INV-01,2025-10-24,13496.69,674.83,51312.68,
SYN-0275,Synthetic Supplier 0275 LLC,900000000000275,SYN-0275-INV-02,2025-12-10,8764.08,438.2,51312.68,
SYN-0275,Synthetic Supplier 0275 LLC,900000000000275,SYN-0275-INV-03,2026-01-26,10951.88,547.59,51312.68,
SYN-0275,Synthetic Supplier 0275 LLC,900000000000275,SYN-0275-INV-04,2026-03-14,7555.12,377.76,51312.68,
SYN-0275,Synthetic Supplier 0275 LLC,900000000000275,SYN-0275-INV-05,2026-04-30,16246.33,812.32,51312.68,
SYN-0276,Synthetic Supplier 0276 LLC,900000000000276,SYN-0276-INV-01,2025-11-06,31131.2,1556.56,43732.95,2025-07-02
SYN-0276,Synthetic Supplier 0276 LLC,900000000000276,SYN-0276-INV-02,2025-12-23,17460.96,873.05,43732.95,2025-07-02
SYN-0277,Synthetic Supplier 0277 LLC,900000000000277,SYN-0277-INV-01,2025-11-19,34223.09,1711.15,75524.97,2026-08-03
SYN-0277,Synthetic Supplier 0277 LLC,900000000000277,SYN-0277-INV-02,2026-01-05,29453.3,1472.67,75524.97,2026-08-03
SYN-0277,Synthetic Supplier 0277 LLC,900000000000277,SYN-0277-INV-03,2026-02-21,20240.24,1012.01,75524.97,2026-08-03
SYN-0278,Synthetic Supplier 0278 LLC,900000000000278,SYN-0278-INV-01,2025-12-02,23039.15,1151.96,70620.16,2025-09-04
SYN-0278,Synthetic Supplier 0278 LLC,900000000000278,SYN-0278-INV-02,2026-01-18,17166.33,858.32,70620.16,2025-09-04
SYN-0278,Synthetic Supplier 0278 LLC,900000000000278,SYN-0278-INV-03,2026-03-06,16298.2,814.91,70620.16,2025-09-04
SYN-0278,Synthetic Supplier 0278 LLC,900000000000278,SYN-0278-INV-04,2026-04-22,21963.16,1098.16,70620.16,2025-09-04
SYN-0279,Synthetic Supplier 0279 LLC,900000000000279,SYN-0279-INV-01,2025-12-15,12856.35,642.82,42371.56,2026-01-05
SYN-0279,Synthetic Supplier 0279 LLC,900000000000279,SYN-0279-INV-02,2026-01-31,7436.76,371.84,42371.56,2026-01-05
SYN-0279,Synthetic Supplier 0279 LLC,900000000000279,SYN-0279-INV-03,2026-03-19,9143.65,457.18,42371.56,2026-01-05
SYN-0279,Synthetic Supplier 0279 LLC,900000000000279,SYN-0279-INV-04,2026-05-05,7638.83,381.94,42371.56,2026-01-05
SYN-0279,Synthetic Supplier 0279 LLC,900000000000279,SYN-0279-INV-05,2026-06-21,10003.93,500.2,42371.56,2026-01-05
SYN-0280,Synthetic Supplier 0280 LLC,900000000000280,SYN-0280-INV-01,2025-12-28,20642.25,1032.11,46021.84,
SYN-0280,Synthetic Supplier 0280 LLC,900000000000280,SYN-0280-INV-02,2026-02-13,19376.74,968.84,46021.84,
SYN-0281,Synthetic Supplier 0281 LLC,900000000000281,SYN-0281-INV-01,2026-01-10,28614.74,1430.74,69395.57,2026-03-07
SYN-0281,Synthetic Supplier 0281 LLC,900000000000281,SYN-0281-INV-02,2026-02-26,17994.76,899.74,69395.57,2026-03-07
SYN-0281,Synthetic Supplier 0281 LLC,900000000000281,SYN-0281-INV-03,2026-04-14,30496.69,1524.83,69395.57,2026-03-07
SYN-0282,Synthetic Supplier 0282 LLC,900000000000282,SYN-0282-INV-01,2026-01-23,11875.04,593.75,52066.5,2025-04-08
SYN-0282,Synthetic Supplier 0282 LLC,900000000000282,SYN-0282-INV-02,2026-03-11,12966.07,648.3,52066.5,2025-04-08
SYN-0282,Synthetic Supplier 0282 LLC,900000000000282,SYN-0282-INV-03,2026-04-27,14105.7,705.29,52066.5,2025-04-08
SYN-0282,Synthetic Supplier 0282 LLC,900000000000282,SYN-0282-INV-04,2026-06-13,18904.85,945.24,52066.5,2025-04-08
SYN-0283,Synthetic Supplier 0283 LLC,900000000000283,SYN-0283-INV-01,2026-02-05,11205.87,560.29,63349.66,2026-05-09
SYN-0283,Synthetic Supplier 0283 LLC,900000000000283,SYN-0283-INV-02,2026-03-24,19705.89,985.29,63349.66,2026-05-09
SYN-0283,Synthetic Supplier 0283 LLC,900000000000283,SYN-0283-INV-03,2026-05-10,14014.48,700.72,63349.66,2026-05-09
SYN-0283,Synthetic Supplier 0283 LLC,900000000000283,SYN-0283-INV-04,2026-06-26,11353.19,567.66,63349.66,2026-05-09
SYN-0283,Synthetic Supplier 0283 LLC,900000000000283,SYN-0283-INV-05,2026-08-12,14109.08,705.45,63349.66,2026-05-09
SYN-0284,Synthetic Supplier 0284 LLC,900000000000284,SYN-0284-INV-01,2026-02-18,36138.12,1806.91,64048.48,2025-06-10
SYN-0284,Synthetic Supplier 0284 LLC,900000000000284,SYN-0284-INV-02,2026-04-06,35026.86,1751.34,64048.48,2025-06-10
SYN-0285,Synthetic Supplier 0285 LLC,900000000000285,SYN-0285-INV-01,2026-03-03,19846.79,992.34,55974.79,
SYN-0285,Synthetic Supplier 0285 LLC,900000000000285,SYN-0285-INV-02,2026-04-19,13570.76,678.54,55974.79,
SYN-0285,Synthetic Supplier 0285 LLC,900000000000285,SYN-0285-INV-03,2026-06-05,28776.67,1438.83,55974.79,
SYN-0286,Synthetic Supplier 0286 LLC,900000000000286,SYN-0286-INV-01,2026-03-16,20718.45,1035.92,67982.74,2025-08-12
SYN-0286,Synthetic Supplier 0286 LLC,900000000000286,SYN-0286-INV-02,2026-05-02,18355.59,917.78,67982.74,2025-08-12
SYN-0286,Synthetic Supplier 0286 LLC,900000000000286,SYN-0286-INV-03,2026-06-18,12868.84,643.44,67982.74,2025-08-12
SYN-0286,Synthetic Supplier 0286 LLC,900000000000286,SYN-0286-INV-04,2026-08-04,23593.49,1179.67,67982.74,2025-08-12
SYN-0287,Synthetic Supplier 0287 LLC,900000000000287,SYN-0287-INV-01,2026-03-29,15290.86,764.54,83816.05,2026-09-13
SYN-0287,Synthetic Supplier 0287 LLC,900000000000287,SYN-0287-INV-02,2026-05-15,19012.95,950.65,83816.05,2026-09-13
SYN-0287,Synthetic Supplier 0287 LLC,900000000000287,SYN-0287-INV-03,2026-07-01,18609.82,930.49,83816.05,2026-09-13
SYN-0287,Synthetic Supplier 0287 LLC,900000000000287,SYN-0287-INV-04,2026-08-17,8845.59,442.28,83816.05,2026-09-13
SYN-0287,Synthetic Supplier 0287 LLC,900000000000287,SYN-0287-INV-05,2025-10-08,11124.3,556.21,83816.05,2026-09-13
SYN-0288,Synthetic Supplier 0288 LLC,900000000000288,SYN-0288-INV-01,2026-04-11,42195.8,2109.79,73418.72,2025-01-14
SYN-0288,Synthetic Supplier 0288 LLC,900000000000288,SYN-0288-INV-02,2026-05-28,39380.55,1969.03,73418.72,2025-01-14
SYN-0289,Synthetic Supplier 0289 LLC,900000000000289,SYN-0289-INV-01,2026-04-24,20858.55,1042.93,47030.46,2026-02-15
SYN-0289,Synthetic Supplier 0289 LLC,900000000000289,SYN-0289-INV-02,2026-06-10,14685.71,734.29,47030.46,2026-02-15
SYN-0289,Synthetic Supplier 0289 LLC,900000000000289,SYN-0289-INV-03,2026-07-27,16711.81,835.59,47030.46,2026-02-15
SYN-0290,Synthetic Supplier 0290 LLC,900000000000290,SYN-0290-INV-01,2026-05-07,14034.69,701.73,64676.18,
SYN-0290,Synthetic Supplier 0290 LLC,900000000000290,SYN-0290-INV-02,2026-06-23,19724.35,986.22,64676.18,
SYN-0290,Synthetic Supplier 0290 LLC,900000000000290,SYN-0290-INV-03,2026-08-09,19249.08,962.45,64676.18,
SYN-0290,Synthetic Supplier 0290 LLC,900000000000290,SYN-0290-INV-04,2026-09-25,18854.3,942.72,64676.18,
SYN-0291,Synthetic Supplier 0291 LLC,900000000000291,SYN-0291-INV-01,2026-05-20,23632.62,1181.63,79565.84,2026-04-17
SYN-0291,Synthetic Supplier 0291 LLC,900000000000291,SYN-0291-INV-02,2026-07-06,19775.47,988.77,79565.84,2026-04-17
SYN-0291,Synthetic Supplier 0291 LLC,900000000000291,SYN-0291-INV-03,2026-08-22,12427.51,621.38,79565.84,2026-04-17
SYN-0291,Synthetic Supplier 0291 LLC,900000000000291,SYN-0291-INV-04,2025-10-13,18743.88,937.19,79565.84,2026-04-17
SYN-0291,Synthetic Supplier 0291 LLC,900000000000291,SYN-0291-INV-05,2025-11-29,13827,691.35,79565.84,2026-04-17
SYN-0292,Synthetic Supplier 0292 LLC,900000000000292,SYN-0292-INV-01,2026-06-02,19954.98,997.75,41909.35,2025-05-18
SYN-0292,Synthetic Supplier 0292 LLC,900000000000292,SYN-0292-INV-02,2026-07-19,26610.97,1330.55,41909.35,2025-05-18
SYN-0293,Synthetic Supplier 0293 LLC,900000000000293,SYN-0293-INV-01,2026-06-15,31265.02,1563.25,78917.46,2026-06-19
SYN-0293,Synthetic Supplier 0293 LLC,900000000000293,SYN-0293-INV-02,2026-08-01,24004.91,1200.25,78917.46,2026-06-19
SYN-0293,Synthetic Supplier 0293 LLC,900000000000293,SYN-0293-INV-03,2026-09-17,32416.14,1620.81,78917.46,2026-06-19
SYN-0294,Synthetic Supplier 0294 LLC,900000000000294,SYN-0294-INV-01,2026-06-28,15780.61,789.03,79915.92,2025-07-20
SYN-0294,Synthetic Supplier 0294 LLC,900000000000294,SYN-0294-INV-02,2026-08-14,11485.13,574.26,79915.92,2025-07-20
SYN-0294,Synthetic Supplier 0294 LLC,900000000000294,SYN-0294-INV-03,2025-10-05,23427.75,1171.39,79915.92,2025-07-20
SYN-0294,Synthetic Supplier 0294 LLC,900000000000294,SYN-0294-INV-04,2025-11-21,18798.61,939.93,79915.92,2025-07-20
SYN-0295,Synthetic Supplier 0295 LLC,900000000000295,SYN-0295-INV-01,2026-07-11,11433.59,571.68,73181.2,
SYN-0295,Synthetic Supplier 0295 LLC,900000000000295,SYN-0295-INV-02,2026-08-27,15510.21,775.51,73181.2,
SYN-0295,Synthetic Supplier 0295 LLC,900000000000295,SYN-0295-INV-03,2025-10-18,13544.4,677.22,73181.2,
SYN-0295,Synthetic Supplier 0295 LLC,900000000000295,SYN-0295-INV-04,2025-12-04,20034.02,1001.7,73181.2,
SYN-0295,Synthetic Supplier 0295 LLC,900000000000295,SYN-0295-INV-05,2026-01-20,20790.22,1039.51,73181.2,
SYN-0296,Synthetic Supplier 0296 LLC,900000000000296,SYN-0296-INV-01,2026-07-24,26237.16,1311.86,40453.83,2025-09-22
SYN-0296,Synthetic Supplier 0296 LLC,900000000000296,SYN-0296-INV-02,2026-09-09,18711.54,935.58,40453.83,2025-09-22
SYN-0297,Synthetic Supplier 0297 LLC,900000000000297,SYN-0297-INV-01,2026-08-06,8978.55,448.93,34618.85,2026-01-23
SYN-0297,Synthetic Supplier 0297 LLC,900000000000297,SYN-0297-INV-02,2026-09-22,14187.13,709.36,34618.85,2026-01-23
SYN-0297,Synthetic Supplier 0297 LLC,900000000000297,SYN-0297-INV-03,2025-11-13,15299.71,764.99,34618.85,2026-01-23
SYN-0298,Synthetic Supplier 0298 LLC,900000000000298,SYN-0298-INV-01,2026-08-19,9984.79,499.24,46275.52,2025-02-24
SYN-0298,Synthetic Supplier 0298 LLC,900000000000298,SYN-0298-INV-02,2025-10-10,15257.41,762.87,46275.52,2025-02-24
SYN-0298,Synthetic Supplier 0298 LLC,900000000000298,SYN-0298-INV-03,2025-11-26,12795.46,639.77,46275.52,2025-02-24
SYN-0298,Synthetic Supplier 0298 LLC,900000000000298,SYN-0298-INV-04,2026-01-12,13379.59,668.98,46275.52,2025-02-24
SYN-0299,Synthetic Supplier 0299 LLC,900000000000299,SYN-0299-INV-01,2026-09-01,12492.65,624.63,58228.51,2026-03-25
SYN-0299,Synthetic Supplier 0299 LLC,900000000000299,SYN-0299-INV-02,2025-10-23,15490.88,774.54,58228.51,2026-03-25
SYN-0299,Synthetic Supplier 0299 LLC,900000000000299,SYN-0299-INV-03,2025-12-09,14235.55,711.78,58228.51,2026-03-25
SYN-0299,Synthetic Supplier 0299 LLC,900000000000299,SYN-0299-INV-04,2026-01-25,7902.04,395.1,58228.51,2026-03-25
SYN-0299,Synthetic Supplier 0299 LLC,900000000000299,SYN-0299-INV-05,2026-03-13,14577.23,728.86,58228.51,2026-03-25
SYN-0300,Synthetic Supplier 0300 LLC,900000000000300,SYN-0300-INV-01,2026-09-14,24325.48,1216.27,41128.66,
SYN-0300,Synthetic Supplier 0300 LLC,900000000000300,SYN-0300-INV-02,2025-11-05,21373.03,1068.65,41128.66,
SYN-0301,Synthetic Supplier 0301 LLC,900000000000301,SYN-0301-INV-01,2025-10-02,18351.88,917.59,51279.18,2026-05-02
SYN-0301,Synthetic Supplier 0301 LLC,900000000000301,SYN-0301-INV-02,2025-11-18,9326.8,466.34,51279.18,2026-05-02
SYN-0301,Synthetic Supplier 0301 LLC,900000000000301,SYN-0301-INV-03,2026-01-04,16911.91,845.6,51279.18,2026-05-02
SYN-0302,Synthetic Supplier 0302 LLC,900000000000302,SYN-0302-INV-01,2025-10-15,11485.94,574.3,39808.69,2025-06-03
SYN-0302,Synthetic Supplier 0302 LLC,900000000000302,SYN-0302-INV-02,2025-12-01,14027.92,701.4,39808.69,2025-06-03
SYN-0302,Synthetic Supplier 0302 LLC,900000000000302,SYN-0302-INV-03,2026-01-17,11642.4,582.12,39808.69,2025-06-03
SYN-0302,Synthetic Supplier 0302 LLC,900000000000302,SYN-0302-INV-04,2026-03-05,7075.62,353.78,39808.69,2025-06-03
SYN-0303,Synthetic Supplier 0303 LLC,900000000000303,SYN-0303-INV-01,2025-10-28,8050.15,402.51,41529.01,2026-07-04
SYN-0303,Synthetic Supplier 0303 LLC,900000000000303,SYN-0303-INV-02,2025-12-14,11223.42,561.17,41529.01,2026-07-04
SYN-0303,Synthetic Supplier 0303 LLC,900000000000303,SYN-0303-INV-03,2026-01-30,10432.45,521.62,41529.01,2026-07-04
SYN-0303,Synthetic Supplier 0303 LLC,900000000000303,SYN-0303-INV-04,2026-03-18,10697.11,534.86,41529.01,2026-07-04
SYN-0303,Synthetic Supplier 0303 LLC,900000000000303,SYN-0303-INV-05,2026-05-04,5740.21,287.01,41529.01,2026-07-04
SYN-0304,Synthetic Supplier 0304 LLC,900000000000304,SYN-0304-INV-01,2025-11-10,33085.65,1654.28,68887.06,2025-08-05
SYN-0304,Synthetic Supplier 0304 LLC,900000000000304,SYN-0304-INV-02,2025-12-27,43455.53,2172.78,68887.06,2025-08-05
SYN-0305,Synthetic Supplier 0305 LLC,900000000000305,SYN-0305-INV-01,2025-11-23,26760.05,1338,72913.24,
SYN-0305,Synthetic Supplier 0305 LLC,900000000000305,SYN-0305-INV-02,2026-01-09,18622.83,931.14,72913.24,
SYN-0305,Synthetic Supplier 0305 LLC,900000000000305,SYN-0305-INV-03,2026-02-25,35631.83,1781.59,72913.24,
SYN-0306,Synthetic Supplier 0306 LLC,900000000000306,SYN-0306-INV-01,2025-12-06,19500.74,975.04,72319.16,2025-01-07
SYN-0306,Synthetic Supplier 0306 LLC,900000000000306,SYN-0306-INV-02,2026-01-22,18175.96,908.8,72319.16,2025-01-07
SYN-0306,Synthetic Supplier 0306 LLC,900000000000306,SYN-0306-INV-03,2026-03-10,20897.48,1044.87,72319.16,2025-01-07
SYN-0306,Synthetic Supplier 0306 LLC,900000000000306,SYN-0306-INV-04,2026-04-26,21780.43,1089.02,72319.16,2025-01-07
SYN-0307,Synthetic Supplier 0307 LLC,900000000000307,SYN-0307-INV-01,2025-12-19,9749.34,487.47,42750.5,2026-02-08
SYN-0307,Synthetic Supplier 0307 LLC,900000000000307,SYN-0307-INV-02,2026-02-04,7202.15,360.11,42750.5,2026-02-08
SYN-0307,Synthetic Supplier 0307 LLC,900000000000307,SYN-0307-INV-03,2026-03-23,13078.89,653.94,42750.5,2026-02-08
SYN-0307,Synthetic Supplier 0307 LLC,900000000000307,SYN-0307-INV-04,2026-05-09,7626.02,381.3,42750.5,2026-02-08
SYN-0307,Synthetic Supplier 0307 LLC,900000000000307,SYN-0307-INV-05,2026-06-25,9844.17,492.21,42750.5,2026-02-08
SYN-0308,Synthetic Supplier 0308 LLC,900000000000308,SYN-0308-INV-01,2026-01-01,34519.6,1725.98,73663.61,2025-03-09
SYN-0308,Synthetic Supplier 0308 LLC,900000000000308,SYN-0308-INV-02,2026-02-17,29535.71,1476.79,73663.61,2025-03-09
SYN-0309,Synthetic Supplier 0309 LLC,900000000000309,SYN-0309-INV-01,2026-01-14,33037.64,1651.88,79234.01,2026-04-10
SYN-0309,Synthetic Supplier 0309 LLC,900000000000309,SYN-0309-INV-02,2026-03-02,25191.81,1259.59,79234.01,2026-04-10
SYN-0309,Synthetic Supplier 0309 LLC,900000000000309,SYN-0309-INV-03,2026-04-18,29808.33,1490.42,79234.01,2026-04-10
SYN-0310,Synthetic Supplier 0310 LLC,900000000000310,SYN-0310-INV-01,2026-01-27,14151.14,707.56,44060.57,
SYN-0310,Synthetic Supplier 0310 LLC,900000000000310,SYN-0310-INV-02,2026-03-15,15109.21,755.46,44060.57,
SYN-0310,Synthetic Supplier 0310 LLC,900000000000310,SYN-0310-INV-03,2026-05-01,11908.7,595.43,44060.57,
SYN-0310,Synthetic Supplier 0310 LLC,900000000000310,SYN-0310-INV-04,2026-06-17,7787.15,389.36,44060.57,
SYN-0311,Synthetic Supplier 0311 LLC,900000000000311,SYN-0311-INV-01,2026-02-09,14834.96,741.75,67255.57,2026-06-12
SYN-0311,Synthetic Supplier 0311 LLC,900000000000311,SYN-0311-INV-02,2026-03-28,14159.35,707.97,67255.57,2026-06-12
SYN-0311,Synthetic Supplier 0311 LLC,900000000000311,SYN-0311-INV-03,2026-05-14,12234.8,611.74,67255.57,2026-06-12
SYN-0311,Synthetic Supplier 0311 LLC,900000000000311,SYN-0311-INV-04,2026-06-30,12816.58,640.83,67255.57,2026-06-12
SYN-0311,Synthetic Supplier 0311 LLC,900000000000311,SYN-0311-INV-05,2026-08-16,20682.71,1034.14,67255.57,2026-06-12
SYN-0312,Synthetic Supplier 0312 LLC,900000000000312,SYN-0312-INV-01,2026-02-22,27829.45,1391.47,63250.51,2025-07-13
SYN-0312,Synthetic Supplier 0312 LLC,900000000000312,SYN-0312-INV-02,2026-04-10,42448.89,2122.44,63250.51,2025-07-13
SYN-0313,Synthetic Supplier 0313 LLC,900000000000313,SYN-0313-INV-01,2026-03-07,16289.72,814.49,75491.7,2026-08-14
SYN-0313,Synthetic Supplier 0313 LLC,900000000000313,SYN-0313-INV-02,2026-04-23,33908.7,1695.44,75491.7,2026-08-14
SYN-0313,Synthetic Supplier 0313 LLC,900000000000313,SYN-0313-INV-03,2026-06-09,33681.25,1684.06,75491.7,2026-08-14
SYN-0314,Synthetic Supplier 0314 LLC,900000000000314,SYN-0314-INV-01,2026-03-20,18532.31,926.62,55802.26,2025-09-15
SYN-0314,Synthetic Supplier 0314 LLC,900000000000314,SYN-0314-INV-02,2026-05-06,8996.66,449.83,55802.26,2025-09-15
SYN-0314,Synthetic Supplier 0314 LLC,900000000000314,SYN-0314-INV-03,2026-06-22,19460.49,973.02,55802.26,2025-09-15
SYN-0314,Synthetic Supplier 0314 LLC,900000000000314,SYN-0314-INV-04,2026-08-08,15013.07,750.65,55802.26,2025-09-15
SYN-0315,Synthetic Supplier 0315 LLC,900000000000315,SYN-0315-INV-01,2026-04-02,14305.06,715.25,72093.64,
SYN-0315,Synthetic Supplier 0315 LLC,900000000000315,SYN-0315-INV-02,2026-05-19,17975.88,898.79,72093.64,
SYN-0315,Synthetic Supplier 0315 LLC,900000000000315,SYN-0315-INV-03,2026-07-05,8966.75,448.34,72093.64,
SYN-0315,Synthetic Supplier 0315 LLC,900000000000315,SYN-0315-INV-04,2026-08-21,9126.72,456.34,72093.64,
SYN-0315,Synthetic Supplier 0315 LLC,900000000000315,SYN-0315-INV-05,2025-10-12,12315.72,615.79,72093.64,
SYN-0316,Synthetic Supplier 0316 LLC,900000000000316,SYN-0316-INV-01,2026-04-15,46369.16,2318.46,74064.67,2025-02-17
SYN-0316,Synthetic Supplier 0316 LLC,900000000000316,SYN-0316-INV-02,2026-06-01,35924.92,1796.25,74064.67,2025-02-17
SYN-0317,Synthetic Supplier 0317 LLC,900000000000317,SYN-0317-INV-01,2026-04-28,20645.42,1032.27,66700.92,2026-03-18
SYN-0317,Synthetic Supplier 0317 LLC,900000000000317,SYN-0317-INV-02,2026-06-14,30218.27,1510.91,66700.92,2026-03-18
SYN-0317,Synthetic Supplier 0317 LLC,900000000000317,SYN-0317-INV-03,2026-07-31,23248.45,1162.42,66700.92,2026-03-18
SYN-0318,Synthetic Supplier 0318 LLC,900000000000318,SYN-0318-INV-01,2026-05-11,15321.19,766.06,76502.33,2025-04-19
SYN-0318,Synthetic Supplier 0318 LLC,900000000000318,SYN-0318-INV-02,2026-06-27,22857.74,1142.89,76502.33,2025-04-19
SYN-0318,Synthetic Supplier 0318 LLC,900000000000318,SYN-0318-INV-03,2026-08-13,17337.57,866.88,76502.33,2025-04-19
SYN-0318,Synthetic Supplier 0318 LLC,900000000000318,SYN-0318-INV-04,2025-10-04,29486.09,1474.3,76502.33,2025-04-19
SYN-0319,Synthetic Supplier 0319 LLC,900000000000319,SYN-0319-INV-01,2026-05-24,11520.2,576.01,58923.18,2026-05-20
SYN-0319,Synthetic Supplier 0319 LLC,900000000000319,SYN-0319-INV-02,2026-07-10,9850.43,492.52,58923.18,2026-05-20
SYN-0319,Synthetic Supplier 0319 LLC,900000000000319,SYN-0319-INV-03,2026-08-26,11668.24,583.41,58923.18,2026-05-20
SYN-0319,Synthetic Supplier 0319 LLC,900000000000319,SYN-0319-INV-04,2025-10-17,11770.85,588.54,58923.18,2026-05-20
SYN-0319,Synthetic Supplier 0319 LLC,900000000000319,SYN-0319-INV-05,2025-12-03,20660.48,1033.02,58923.18,2026-05-20
SYN-0320,Synthetic Supplier 0320 LLC,900000000000320,SYN-0320-INV-01,2026-06-06,35232.04,1761.6,79649.79,
SYN-0320,Synthetic Supplier 0320 LLC,900000000000320,SYN-0320-INV-02,2026-07-23,53267.73,2663.39,79649.79,
SYN-0321,Synthetic Supplier 0321 LLC,900000000000321,SYN-0321-INV-01,2026-06-19,26493.86,1324.69,77541.99,2026-07-22
SYN-0321,Synthetic Supplier 0321 LLC,900000000000321,SYN-0321-INV-02,2026-08-05,34732.34,1736.62,77541.99,2026-07-22
SYN-0321,Synthetic Supplier 0321 LLC,900000000000321,SYN-0321-INV-03,2026-09-21,24931.58,1246.58,77541.99,2026-07-22
SYN-0322,Synthetic Supplier 0322 LLC,900000000000322,SYN-0322-INV-01,2026-07-02,12071.08,603.55,40468.6,2025-08-23
SYN-0322,Synthetic Supplier 0322 LLC,900000000000322,SYN-0322-INV-02,2026-08-18,7291.62,364.58,40468.6,2025-08-23
SYN-0322,Synthetic Supplier 0322 LLC,900000000000322,SYN-0322-INV-03,2025-10-09,9788.25,489.41,40468.6,2025-08-23
SYN-0322,Synthetic Supplier 0322 LLC,900000000000322,SYN-0322-INV-04,2025-11-25,6039.14,301.96,40468.6,2025-08-23
SYN-0323,Synthetic Supplier 0323 LLC,900000000000323,SYN-0323-INV-01,2026-07-15,11041.3,552.06,76269.33,2026-09-24
SYN-0323,Synthetic Supplier 0323 LLC,900000000000323,SYN-0323-INV-02,2026-08-31,10200.18,510.01,76269.33,2026-09-24
SYN-0323,Synthetic Supplier 0323 LLC,900000000000323,SYN-0323-INV-03,2025-10-22,21712.51,1085.63,76269.33,2026-09-24
SYN-0323,Synthetic Supplier 0323 LLC,900000000000323,SYN-0323-INV-04,2025-12-08,22354.94,1117.75,76269.33,2026-09-24
SYN-0323,Synthetic Supplier 0323 LLC,900000000000323,SYN-0323-INV-05,2026-01-24,19434.77,971.74,76269.33,2026-09-24
SYN-0324,Synthetic Supplier 0324 LLC,900000000000324,SYN-0324-INV-01,2026-07-28,49505.93,2475.3,76862.12,2025-01-25
SYN-0324,Synthetic Supplier 0324 LLC,900000000000324,SYN-0324-INV-02,2026-09-13,35896.42,1794.82,76862.12,2025-01-25
SYN-0325,Synthetic Supplier 0325 LLC,900000000000325,SYN-0325-INV-01,2026-08-10,20652.62,1032.63,46905.06,
SYN-0325,Synthetic Supplier 0325 LLC,900000000000325,SYN-0325-INV-02,2026-09-26,12809.47,640.47,46905.06,
SYN-0325,Synthetic Supplier 0325 LLC,900000000000325,SYN-0325-INV-03,2025-11-17,18654.65,932.73,46905.06,
SYN-0326,Synthetic Supplier 0326 LLC,900000000000326,SYN-0326-INV-01,2026-08-23,18515.93,925.8,53015.08,2025-03-02
SYN-0326,Synthetic Supplier 0326 LLC,900000000000326,SYN-0326-INV-02,2025-10-14,17061.9,853.09,53015.08,2025-03-02
SYN-0326,Synthetic Supplier 0326 LLC,900000000000326,SYN-0326-INV-03,2025-11-30,9541.89,477.09,53015.08,2025-03-02
SYN-0326,Synthetic Supplier 0326 LLC,900000000000326,SYN-0326-INV-04,2026-01-16,13785.94,689.3,53015.08,2025-03-02
SYN-0327,Synthetic Supplier 0327 LLC,900000000000327,SYN-0327-INV-01,2026-09-05,18315.6,915.78,71348.83,2026-04-03
SYN-0327,Synthetic Supplier 0327 LLC,900000000000327,SYN-0327-INV-02,2025-10-27,18637.55,931.88,71348.83,2026-04-03
SYN-0327,Synthetic Supplier 0327 LLC,900000000000327,SYN-0327-INV-03,2025-12-13,10428.45,521.42,71348.83,2026-04-03
SYN-0327,Synthetic Supplier 0327 LLC,900000000000327,SYN-0327-INV-04,2026-01-29,14686.35,734.32,71348.83,2026-04-03
SYN-0327,Synthetic Supplier 0327 LLC,900000000000327,SYN-0327-INV-05,2026-03-17,17208.52,860.43,71348.83,2026-04-03
SYN-0328,Synthetic Supplier 0328 LLC,900000000000328,SYN-0328-INV-01,2026-09-18,41505.67,2075.28,64405.64,2025-05-04
SYN-0328,Synthetic Supplier 0328 LLC,900000000000328,SYN-0328-INV-02,2025-11-09,30056.15,1502.81,64405.64,2025-05-04
SYN-0329,Synthetic Supplier 0329 LLC,900000000000329,SYN-0329-INV-01,2025-10-06,20527.57,1026.38,84176.72,2026-06-05
SYN-0329,Synthetic Supplier 0329 LLC,900000000000329,SYN-0329-INV-02,2025-11-22,20844.67,1042.23,84176.72,2026-06-05
SYN-0329,Synthetic Supplier 0329 LLC,900000000000329,SYN-0329-INV-03,2026-01-08,31824.92,1591.25,84176.72,2026-06-05
SYN-0330,Synthetic Supplier 0330 LLC,900000000000330,SYN-0330-INV-01,2025-10-19,13483.09,674.15,47988.72,
SYN-0330,Synthetic Supplier 0330 LLC,900000000000330,SYN-0330-INV-02,2025-12-05,13160.18,658.01,47988.72,
SYN-0330,Synthetic Supplier 0330 LLC,900000000000330,SYN-0330-INV-03,2026-01-21,17677.09,883.85,47988.72,
SYN-0330,Synthetic Supplier 0330 LLC,900000000000330,SYN-0330-INV-04,2026-03-09,9000.43,450.02,47988.72,
SYN-0331,Synthetic Supplier 0331 LLC,900000000000331,SYN-0331-INV-01,2025-11-01,17452.84,872.64,65176.64,2026-08-07
SYN-0331,Synthetic Supplier 0331 LLC,900000000000331,SYN-0331-INV-02,2025-12-18,7915.17,395.76,65176.64,2026-08-07
SYN-0331,Synthetic Supplier 0331 LLC,900000000000331,SYN-0331-INV-03,2026-02-03,16948.16,847.41,65176.64,2026-08-07
SYN-0331,Synthetic Supplier 0331 LLC,900000000000331,SYN-0331-INV-04,2026-03-22,13431.1,671.55,65176.64,2026-08-07
SYN-0331,Synthetic Supplier 0331 LLC,900000000000331,SYN-0331-INV-05,2026-05-08,16671.22,833.56,65176.64,2026-08-07
SYN-0332,Synthetic Supplier 0332 LLC,900000000000332,SYN-0332-INV-01,2025-11-14,19473.81,973.69,34085.68,2025-09-08
SYN-0332,Synthetic Supplier 0332 LLC,900000000000332,SYN-0332-INV-02,2025-12-31,18399.18,919.96,34085.68,2025-09-08
SYN-0333,Synthetic Supplier 0333 LLC,900000000000333,SYN-0333-INV-01,2025-11-27,20257.34,1012.87,53944.15,2026-01-09
SYN-0333,Synthetic Supplier 0333 LLC,900000000000333,SYN-0333-INV-02,2026-01-13,21889.01,1094.45,53944.15,2026-01-09
SYN-0333,Synthetic Supplier 0333 LLC,900000000000333,SYN-0333-INV-03,2026-03-01,17791.6,889.58,53944.15,2026-01-09
SYN-0334,Synthetic Supplier 0334 LLC,900000000000334,SYN-0334-INV-01,2025-12-10,11898.6,594.93,32662.78,2025-02-10
SYN-0334,Synthetic Supplier 0334 LLC,900000000000334,SYN-0334-INV-02,2026-01-26,6619.92,331,32662.78,2025-02-10
SYN-0334,Synthetic Supplier 0334 LLC,900000000000334,SYN-0334-INV-03,2026-03-14,8724.45,436.22,32662.78,2025-02-10
SYN-0334,Synthetic Supplier 0334 LLC,900000000000334,SYN-0334-INV-04,2026-04-30,9049.01,452.45,32662.78,2025-02-10
SYN-0335,Synthetic Supplier 0335 LLC,900000000000335,SYN-0335-INV-01,2025-12-23,17308.75,865.44,79799.65,
SYN-0335,Synthetic Supplier 0335 LLC,900000000000335,SYN-0335-INV-02,2026-02-08,22740.83,1137.04,79799.65,
SYN-0335,Synthetic Supplier 0335 LLC,900000000000335,SYN-0335-INV-03,2026-03-27,14702.3,735.12,79799.65,
SYN-0335,Synthetic Supplier 0335 LLC,900000000000335,SYN-0335-INV-04,2026-05-13,18040.67,902.03,79799.65,
SYN-0335,Synthetic Supplier 0335 LLC,900000000000335,SYN-0335-INV-05,2026-06-29,15873.73,793.69,79799.65,
SYN-0336,Synthetic Supplier 0336 LLC,900000000000336,SYN-0336-INV-01,2026-01-05,31320.47,1566.02,58008.73,2025-04-12
SYN-0336,Synthetic Supplier 0336 LLC,900000000000336,SYN-0336-INV-02,2026-02-21,19121.9,956.09,58008.73,2025-04-12
SYN-0337,Synthetic Supplier 0337 LLC,900000000000337,SYN-0337-INV-01,2026-01-18,33093.43,1654.67,65395.81,2026-05-13
SYN-0337,Synthetic Supplier 0337 LLC,900000000000337,SYN-0337-INV-02,2026-03-06,17276.55,863.83,65395.81,2026-05-13
SYN-0337,Synthetic Supplier 0337 LLC,900000000000337,SYN-0337-INV-03,2026-04-22,22292.03,1114.6,65395.81,2026-05-13
SYN-0338,Synthetic Supplier 0338 LLC,900000000000338,SYN-0338-INV-01,2026-01-31,16151.23,807.56,54442.39,2025-06-14
SYN-0338,Synthetic Supplier 0338 LLC,900000000000338,SYN-0338-INV-02,2026-03-19,17948.93,897.45,54442.39,2025-06-14
SYN-0338,Synthetic Supplier 0338 LLC,900000000000338,SYN-0338-INV-03,2026-05-05,9736.75,486.84,54442.39,2025-06-14
SYN-0338,Synthetic Supplier 0338 LLC,900000000000338,SYN-0338-INV-04,2026-06-21,16654.63,832.73,54442.39,2025-06-14
SYN-0339,Synthetic Supplier 0339 LLC,900000000000339,SYN-0339-INV-01,2026-02-13,12111.33,605.57,53731.47,2026-07-15
SYN-0339,Synthetic Supplier 0339 LLC,900000000000339,SYN-0339-INV-02,2026-04-01,12051.48,602.57,53731.47,2026-07-15
SYN-0339,Synthetic Supplier 0339 LLC,900000000000339,SYN-0339-INV-03,2026-05-18,10580.3,529.01,53731.47,2026-07-15
SYN-0339,Synthetic Supplier 0339 LLC,900000000000339,SYN-0339-INV-04,2026-07-04,12237.78,611.89,53731.47,2026-07-15
SYN-0339,Synthetic Supplier 0339 LLC,900000000000339,SYN-0339-INV-05,2026-08-20,12720.73,636.04,53731.47,2026-07-15
SYN-0340,Synthetic Supplier 0340 LLC,900000000000340,SYN-0340-INV-01,2026-02-26,29782.16,1489.11,41455.95,
SYN-0340,Synthetic Supplier 0340 LLC,900000000000340,SYN-0340-INV-02,2026-04-14,16280.01,814,41455.95,
SYN-0341,Synthetic Supplier 0341 LLC,900000000000341,SYN-0341-INV-01,2026-03-11,18869.53,943.48,55908.05,2026-09-17
SYN-0341,Synthetic Supplier 0341 LLC,900000000000341,SYN-0341-INV-02,2026-04-27,25228.77,1261.44,55908.05,2026-09-17
SYN-0341,Synthetic Supplier 0341 LLC,900000000000341,SYN-0341-INV-03,2026-06-13,18021.75,901.09,55908.05,2026-09-17
SYN-0342,Synthetic Supplier 0342 LLC,900000000000342,SYN-0342-INV-01,2026-03-24,18487.34,924.37,49472.52,2025-01-18
SYN-0342,Synthetic Supplier 0342 LLC,900000000000342,SYN-0342-INV-02,2026-05-10,10920.02,546,49472.52,2025-01-18
SYN-0342,Synthetic Supplier 0342 LLC,900000000000342,SYN-0342-INV-03,2026-06-26,13692.26,684.61,49472.52,2025-01-18
SYN-0342,Synthetic Supplier 0342 LLC,900000000000342,SYN-0342-INV-04,2026-08-12,11869.84,593.49,49472.52,2025-01-18
SYN-0343,Synthetic Supplier 0343 LLC,900000000000343,SYN-0343-INV-01,2026-04-06,10045.3,502.27,42491.77,2026-02-19
SYN-0343,Synthetic Supplier 0343 LLC,900000000000343,SYN-0343-INV-02,2026-05-23,6187.52,309.38,42491.77,2026-02-19
SYN-0343,Synthetic Supplier 0343 LLC,900000000000343,SYN-0343-INV-03,2026-07-09,6760.96,338.05,42491.77,2026-02-19
SYN-0343,Synthetic Supplier 0343 LLC,900000000000343,SYN-0343-INV-04,2026-08-25,6845.1,342.25,42491.77,2026-02-19
SYN-0343,Synthetic Supplier 0343 LLC,900000000000343,SYN-0343-INV-05,2025-10-16,7110.49,355.52,42491.77,2026-02-19
SYN-0344,Synthetic Supplier 0344 LLC,900000000000344,SYN-0344-INV-01,2026-04-19,28343.55,1417.18,49855.68,2025-03-20
SYN-0344,Synthetic Supplier 0344 LLC,900000000000344,SYN-0344-INV-02,2026-06-05,27051.65,1352.58,49855.68,2025-03-20
SYN-0345,Synthetic Supplier 0345 LLC,900000000000345,SYN-0345-INV-01,2026-05-02,30466.58,1523.33,80566.95,
SYN-0345,Synthetic Supplier 0345 LLC,900000000000345,SYN-0345-INV-02,2026-06-18,24318.41,1215.92,80566.95,
SYN-0345,Synthetic Supplier 0345 LLC,900000000000345,SYN-0345-INV-03,2026-08-04,34733.84,1736.69,80566.95,
SYN-0346,Synthetic Supplier 0346 LLC,900000000000346,SYN-0346-INV-01,2026-05-15,16970.69,848.53,42652.8,2025-05-22
SYN-0346,Synthetic Supplier 0346 LLC,900000000000346,SYN-0346-INV-02,2026-07-01,9284.01,464.2,42652.8,2025-05-22
SYN-0346,Synthetic Supplier 0346 LLC,900000000000346,SYN-0346-INV-03,2026-08-17,10072.12,503.61,42652.8,2025-05-22
SYN-0346,Synthetic Supplier 0346 LLC,900000000000346,SYN-0346-INV-04,2025-10-08,11065.18,553.26,42652.8,2025-05-22
SYN-0347,Synthetic Supplier 0347 LLC,900000000000347,SYN-0347-INV-01,2026-05-28,22913.21,1145.66,77692.5,2026-06-23
SYN-0347,Synthetic Supplier 0347 LLC,900000000000347,SYN-0347-INV-02,2026-07-14,13236.47,661.82,77692.5,2026-06-23
SYN-0347,Synthetic Supplier 0347 LLC,900000000000347,SYN-0347-INV-03,2026-08-30,15659.81,782.99,77692.5,2026-06-23
SYN-0347,Synthetic Supplier 0347 LLC,900000000000347,SYN-0347-INV-04,2025-10-21,13022.13,651.11,77692.5,2026-06-23
SYN-0347,Synthetic Supplier 0347 LLC,900000000000347,SYN-0347-INV-05,2025-12-07,21493.39,1074.67,77692.5,2026-06-23
SYN-0348,Synthetic Supplier 0348 LLC,900000000000348,SYN-0348-INV-01,2026-06-10,38330.05,1916.5,65386.9,2025-07-24
SYN-0348,Synthetic Supplier 0348 LLC,900000000000348,SYN-0348-INV-02,2026-07-27,34322.06,1716.1,65386.9,2025-07-24
SYN-0349,Synthetic Supplier 0349 LLC,900000000000349,SYN-0349-INV-01,2026-06-23,16234.22,811.71,53108.35,2026-08-25
SYN-0349,Synthetic Supplier 0349 LLC,900000000000349,SYN-0349-INV-02,2026-08-09,15126.89,756.34,53108.35,2026-08-25
SYN-0349,Synthetic Supplier 0349 LLC,900000000000349,SYN-0349-INV-03,2026-09-25,27648.17,1382.41,53108.35,2026-08-25
SYN-0350,Synthetic Supplier 0350 LLC,900000000000350,SYN-0350-INV-01,2026-07-06,19751.09,987.55,102718.37,
SYN-0350,Synthetic Supplier 0350 LLC,900000000000350,SYN-0350-INV-02,2026-08-22,22667.95,1133.4,102718.37,
SYN-0350,Synthetic Supplier 0350 LLC,900000000000350,SYN-0350-INV-03,2025-10-13,27736.75,1386.84,102718.37,
SYN-0350,Synthetic Supplier 0350 LLC,900000000000350,SYN-0350-INV-04,2025-11-29,19164.53,958.23,102718.37,
SYN-0351,Synthetic Supplier 0351 LLC,900000000000351,SYN-0351-INV-01,2026-07-19,10826.43,541.32,48285.59,2026-01-02
SYN-0351,Synthetic Supplier 0351 LLC,900000000000351,SYN-0351-INV-02,2026-09-04,9277.54,463.88,48285.59,2026-01-02
SYN-0351,Synthetic Supplier 0351 LLC,900000000000351,SYN-0351-INV-03,2025-10-26,14806.13,740.31,48285.59,2026-01-02
SYN-0351,Synthetic Supplier 0351 LLC,900000000000351,SYN-0351-INV-04,2025-12-12,9223.82,461.19,48285.59,2026-01-02
SYN-0351,Synthetic Supplier 0351 LLC,900000000000351,SYN-0351-INV-05,2026-01-28,9516.74,475.84,48285.59,2026-01-02
SYN-0352,Synthetic Supplier 0352 LLC,900000000000352,SYN-0352-INV-01,2026-08-01,35486.26,1774.31,74206.1,2025-02-03
SYN-0352,Synthetic Supplier 0352 LLC,900000000000352,SYN-0352-INV-02,2026-09-17,46964.96,2348.25,74206.1,2025-02-03
SYN-0353,Synthetic Supplier 0353 LLC,900000000000353,SYN-0353-INV-01,2026-08-14,16073.89,803.69,47410.16,2026-03-04
SYN-0353,Synthetic Supplier 0353 LLC,900000000000353,SYN-0353-INV-02,2025-10-05,18163.09,908.15,47410.16,2026-03-04
SYN-0353,Synthetic Supplier 0353 LLC,900000000000353,SYN-0353-INV-03,2025-11-21,18440.97,922.05,47410.16,2026-03-04
SYN-0354,Synthetic Supplier 0354 LLC,900000000000354,SYN-0354-INV-01,2026-08-27,22450.77,1122.54,61621.73,2025-04-05
SYN-0354,Synthetic Supplier 0354 LLC,900000000000354,SYN-0354-INV-02,2025-10-18,14930.63,746.53,61621.73,2025-04-05
SYN-0354,Synthetic Supplier 0354 LLC,900000000000354,SYN-0354-INV-03,2025-12-04,16174.12,808.71,61621.73,2025-04-05
SYN-0354,Synthetic Supplier 0354 LLC,900000000000354,SYN-0354-INV-04,2026-01-20,14913.07,745.65,61621.73,2025-04-05
SYN-0355,Synthetic Supplier 0355 LLC,900000000000355,SYN-0355-INV-01,2026-09-09,7208.73,360.44,36803.16,
SYN-0355,Synthetic Supplier 0355 LLC,900000000000355,SYN-0355-INV-02,2025-10-31,9653.94,482.7,36803.16,
SYN-0355,Synthetic Supplier 0355 LLC,900000000000355,SYN-0355-INV-03,2025-12-17,8369.82,418.49,36803.16,
SYN-0355,Synthetic Supplier 0355 LLC,900000000000355,SYN-0355-INV-04,2026-02-02,9809.36,490.47,36803.16,
SYN-0355,Synthetic Supplier 0355 LLC,900000000000355,SYN-0355-INV-05,2026-03-21,5850.56,292.53,36803.16,
SYN-0356,Synthetic Supplier 0356 LLC,900000000000356,SYN-0356-INV-01,2026-09-22,35258.69,1762.93,60200.93,2025-06-07
SYN-0356,Synthetic Supplier 0356 LLC,900000000000356,SYN-0356-INV-02,2025-11-13,31631.23,1581.56,60200.93,2025-06-07
SYN-0357,Synthetic Supplier 0357 LLC,900000000000357,SYN-0357-INV-01,2025-10-10,30123.89,1506.19,90937.84,2026-07-08
SYN-0357,Synthetic Supplier 0357 LLC,900000000000357,SYN-0357-INV-02,2025-11-26,18287.52,914.38,90937.84,2026-07-08
SYN-0357,Synthetic Supplier 0357 LLC,900000000000357,SYN-0357-INV-03,2026-01-12,30664.97,1533.25,90937.84,2026-07-08
SYN-0358,Synthetic Supplier 0358 LLC,900000000000358,SYN-0358-INV-01,2025-10-23,17082.98,854.15,51171.43,2025-08-09
SYN-0358,Synthetic Supplier 0358 LLC,900000000000358,SYN-0358-INV-02,2025-12-09,15351.44,767.57,51171.43,2025-08-09
SYN-0358,Synthetic Supplier 0358 LLC,900000000000358,SYN-0358-INV-03,2026-01-25,13246.51,662.33,51171.43,2025-08-09
SYN-0358,Synthetic Supplier 0358 LLC,900000000000358,SYN-0358-INV-04,2026-03-13,11176.22,558.81,51171.43,2025-08-09
SYN-0359,Synthetic Supplier 0359 LLC,900000000000359,SYN-0359-INV-01,2025-11-05,19463.61,973.18,72991.61,2026-09-10
SYN-0359,Synthetic Supplier 0359 LLC,900000000000359,SYN-0359-INV-02,2025-12-22,12966.37,648.32,72991.61,2026-09-10
SYN-0359,Synthetic Supplier 0359 LLC,900000000000359,SYN-0359-INV-03,2026-02-07,14254.38,712.72,72991.61,2026-09-10
SYN-0359,Synthetic Supplier 0359 LLC,900000000000359,SYN-0359-INV-04,2026-03-26,20052.49,1002.62,72991.61,2026-09-10
SYN-0359,Synthetic Supplier 0359 LLC,900000000000359,SYN-0359-INV-05,2026-05-12,14364.93,718.25,72991.61,2026-09-10
SYN-0360,Synthetic Supplier 0360 LLC,900000000000360,SYN-0360-INV-01,2025-11-18,30779.6,1538.98,47981.86,
SYN-0360,Synthetic Supplier 0360 LLC,900000000000360,SYN-0360-INV-02,2026-01-04,22533.58,1126.68,47981.86,
SYN-0361,Synthetic Supplier 0361 LLC,900000000000361,SYN-0361-INV-01,2025-12-01,23156.6,1157.83,62797.28,2026-02-12
SYN-0361,Synthetic Supplier 0361 LLC,900000000000361,SYN-0361-INV-02,2026-01-17,19436.04,971.8,62797.28,2026-02-12
SYN-0361,Synthetic Supplier 0361 LLC,900000000000361,SYN-0361-INV-03,2026-03-05,27182.11,1359.11,62797.28,2026-02-12
SYN-0362,Synthetic Supplier 0362 LLC,900000000000362,SYN-0362-INV-01,2025-12-14,11553.54,577.68,41028.79,2025-03-13
SYN-0362,Synthetic Supplier 0362 LLC,900000000000362,SYN-0362-INV-02,2026-01-30,11265.14,563.26,41028.79,2025-03-13
SYN-0362,Synthetic Supplier 0362 LLC,900000000000362,SYN-0362-INV-03,2026-03-18,11851.95,592.6,41028.79,2025-03-13
SYN-0362,Synthetic Supplier 0362 LLC,900000000000362,SYN-0362-INV-04,2026-05-04,10916.91,545.85,41028.79,2025-03-13
SYN-0363,Synthetic Supplier 0363 LLC,900000000000363,SYN-0363-INV-01,2025-12-27,12662.03,633.1,48074.26,2026-04-14
SYN-0363,Synthetic Supplier 0363 LLC,900000000000363,SYN-0363-INV-02,2026-02-12,7507.06,375.35,48074.26,2026-04-14
SYN-0363,Synthetic Supplier 0363 LLC,900000000000363,SYN-0363-INV-03,2026-03-31,9327.01,466.35,48074.26,2026-04-14
SYN-0363,Synthetic Supplier 0363 LLC,900000000000363,SYN-0363-INV-04,2026-05-17,10657.09,532.85,48074.26,2026-04-14
SYN-0363,Synthetic Supplier 0363 LLC,900000000000363,SYN-0363-INV-05,2026-07-03,13262.64,663.13,48074.26,2026-04-14
SYN-0364,Synthetic Supplier 0364 LLC,900000000000364,SYN-0364-INV-01,2026-01-09,31790.94,1589.55,78228.55,2025-05-15
SYN-0364,Synthetic Supplier 0364 LLC,900000000000364,SYN-0364-INV-02,2026-02-25,36233.88,1811.69,78228.55,2025-05-15
SYN-0365,Synthetic Supplier 0365 LLC,900000000000365,SYN-0365-INV-01,2026-01-22,17154.86,857.74,49749.81,
SYN-0365,Synthetic Supplier 0365 LLC,900000000000365,SYN-0365-INV-02,2026-03-10,24546.02,1227.3,49749.81,
SYN-0365,Synthetic Supplier 0365 LLC,900000000000365,SYN-0365-INV-03,2026-04-26,13576.69,678.83,49749.81,
SYN-0366,Synthetic Supplier 0366 LLC,900000000000366,SYN-0366-INV-01,2026-02-04,14393.26,719.66,41896.34,2025-07-17
SYN-0366,Synthetic Supplier 0366 LLC,900000000000366,SYN-0366-INV-02,2026-03-23,11224.63,561.23,41896.34,2025-07-17
SYN-0366,Synthetic Supplier 0366 LLC,900000000000366,SYN-0366-INV-03,2026-05-09,10702.97,535.15,41896.34,2025-07-17
SYN-0366,Synthetic Supplier 0366 LLC,900000000000366,SYN-0366-INV-04,2026-06-25,10230.64,511.53,41896.34,2025-07-17
SYN-0367,Synthetic Supplier 0367 LLC,900000000000367,SYN-0367-INV-01,2026-02-17,11166.91,558.35,45784.26,2026-08-18
SYN-0367,Synthetic Supplier 0367 LLC,900000000000367,SYN-0367-INV-02,2026-04-05,12937.16,646.86,45784.26,2026-08-18
SYN-0367,Synthetic Supplier 0367 LLC,900000000000367,SYN-0367-INV-03,2026-05-22,11210.35,560.52,45784.26,2026-08-18
SYN-0367,Synthetic Supplier 0367 LLC,900000000000367,SYN-0367-INV-04,2026-07-08,8890.65,444.53,45784.26,2026-08-18
SYN-0367,Synthetic Supplier 0367 LLC,900000000000367,SYN-0367-INV-05,2026-08-24,6666.33,333.32,45784.26,2026-08-18
SYN-0368,Synthetic Supplier 0368 LLC,900000000000368,SYN-0368-INV-01,2026-03-02,32087.88,1604.39,43146.69,2025-09-19
SYN-0368,Synthetic Supplier 0368 LLC,900000000000368,SYN-0368-INV-02,2026-04-18,15852.89,792.64,43146.69,2025-09-19
SYN-0369,Synthetic Supplier 0369 LLC,900000000000369,SYN-0369-INV-01,2026-03-15,16480.59,824.03,31792.35,2026-01-20
SYN-0369,Synthetic Supplier 0369 LLC,900000000000369,SYN-0369-INV-02,2026-05-01,8408.15,420.41,31792.35,2026-01-20
SYN-0369,Synthetic Supplier 0369 LLC,900000000000369,SYN-0369-INV-03,2026-06-17,10436.09,521.8,31792.35,2026-01-20
SYN-0370,Synthetic Supplier 0370 LLC,900000000000370,SYN-0370-INV-01,2026-03-28,16434.74,821.74,60463.18,
SYN-0370,Synthetic Supplier 0370 LLC,900000000000370,SYN-0370-INV-02,2026-05-14,15465.01,773.25,60463.18,
SYN-0370,Synthetic Supplier 0370 LLC,900000000000370,SYN-0370-INV-03,2026-06-30,12425.5,621.28,60463.18,
SYN-0370,Synthetic Supplier 0370 LLC,900000000000370,SYN-0370-INV-04,2026-08-16,22856.06,1142.8,60463.18,
SYN-0371,Synthetic Supplier 0371 LLC,900000000000371,SYN-0371-INV-01,2026-04-10,6760.22,338.01,60729.08,2026-03-22
SYN-0371,Synthetic Supplier 0371 LLC,900000000000371,SYN-0371-INV-02,2026-05-27,7175.45,358.77,60729.08,2026-03-22
SYN-0371,Synthetic Supplier 0371 LLC,900000000000371,SYN-0371-INV-03,2026-07-13,11895.11,594.76,60729.08,2026-03-22
SYN-0371,Synthetic Supplier 0371 LLC,900000000000371,SYN-0371-INV-04,2026-08-29,13013.24,650.66,60729.08,2026-03-22
SYN-0371,Synthetic Supplier 0371 LLC,900000000000371,SYN-0371-INV-05,2025-10-20,13963.86,698.19,60729.08,2026-03-22
SYN-0372,Synthetic Supplier 0372 LLC,900000000000372,SYN-0372-INV-01,2026-04-23,41996.46,2099.82,65803.93,2025-04-23
SYN-0372,Synthetic Supplier 0372 LLC,900000000000372,SYN-0372-INV-02,2026-06-09,31119.02,1555.95,65803.93,2025-04-23
SYN-0373,Synthetic Supplier 0373 LLC,900000000000373,SYN-0373-INV-01,2026-05-06,12711.06,635.55,36056.35,2026-05-24
SYN-0373,Synthetic Supplier 0373 LLC,900000000000373,SYN-0373-INV-02,2026-06-22,11588.53,579.43,36056.35,2026-05-24
SYN-0373,Synthetic Supplier 0373 LLC,900000000000373,SYN-0373-INV-03,2026-08-08,15763.02,788.15,36056.35,2026-05-24
SYN-0374,Synthetic Supplier 0374 LLC,900000000000374,SYN-0374-INV-01,2026-05-19,22053.28,1102.66,74064.82,2025-06-25
SYN-0374,Synthetic Supplier 0374 LLC,900000000000374,SYN-0374-INV-02,2026-07-05,13711.95,685.6,74064.82,2025-06-25
SYN-0374,Synthetic Supplier 0374 LLC,900000000000374,SYN-0374-INV-03,2026-08-21,19200.42,960.02,74064.82,2025-06-25
SYN-0374,Synthetic Supplier 0374 LLC,900000000000374,SYN-0374-INV-04,2025-10-12,27328.6,1366.43,74064.82,2025-06-25
SYN-0375,Synthetic Supplier 0375 LLC,900000000000375,SYN-0375-INV-01,2026-06-01,13890.54,694.53,51710.67,
SYN-0375,Synthetic Supplier 0375 LLC,900000000000375,SYN-0375-INV-02,2026-07-18,15381.75,769.09,51710.67,
SYN-0375,Synthetic Supplier 0375 LLC,900000000000375,SYN-0375-INV-03,2026-09-03,12356.4,617.82,51710.67,
SYN-0375,Synthetic Supplier 0375 LLC,900000000000375,SYN-0375-INV-04,2025-10-25,9053.46,452.67,51710.67,
SYN-0375,Synthetic Supplier 0375 LLC,900000000000375,SYN-0375-INV-05,2025-12-11,6774.15,338.71,51710.67,
SYN-0376,Synthetic Supplier 0376 LLC,900000000000376,SYN-0376-INV-01,2026-06-14,26836.15,1341.81,52085.81,2025-08-02
SYN-0376,Synthetic Supplier 0376 LLC,900000000000376,SYN-0376-INV-02,2026-07-31,31036.98,1551.85,52085.81,2025-08-02
SYN-0377,Synthetic Supplier 0377 LLC,900000000000377,SYN-0377-INV-01,2026-06-27,32202.54,1610.13,64113.89,2026-09-03
SYN-0377,Synthetic Supplier 0377 LLC,900000000000377,SYN-0377-INV-02,2026-08-13,22546.22,1127.31,64113.89,2026-09-03
SYN-0377,Synthetic Supplier 0377 LLC,900000000000377,SYN-0377-INV-03,2025-10-04,16488.89,824.44,64113.89,2026-09-03
SYN-0378,Synthetic Supplier 0378 LLC,900000000000378,SYN-0378-INV-01,2026-07-10,10996.2,549.81,40954.68,2025-01-04
SYN-0378,Synthetic Supplier 0378 LLC,900000000000378,SYN-0378-INV-02,2026-08-26,6961.53,348.08,40954.68,2025-01-04
SYN-0378,Synthetic Supplier 0378 LLC,900000000000378,SYN-0378-INV-03,2025-10-17,10452.33,522.62,40954.68,2025-01-04
SYN-0378,Synthetic Supplier 0378 LLC,900000000000378,SYN-0378-INV-04,2025-12-03,7202.71,360.14,40954.68,2025-01-04
SYN-0379,Synthetic Supplier 0379 LLC,900000000000379,SYN-0379-INV-01,2026-07-23,14589.13,729.46,79764.35,2026-02-05
SYN-0379,Synthetic Supplier 0379 LLC,900000000000379,SYN-0379-INV-02,2026-09-08,10913.8,545.69,79764.35,2026-02-05
SYN-0379,Synthetic Supplier 0379 LLC,900000000000379,SYN-0379-INV-03,2025-10-30,23620.93,1181.05,79764.35,2026-02-05
SYN-0379,Synthetic Supplier 0379 LLC,900000000000379,SYN-0379-INV-04,2025-12-16,21213.59,1060.68,79764.35,2026-02-05
SYN-0379,Synthetic Supplier 0379 LLC,900000000000379,SYN-0379-INV-05,2026-02-01,18289.6,914.48,79764.35,2026-02-05
SYN-0380,Synthetic Supplier 0380 LLC,900000000000380,SYN-0380-INV-01,2026-08-05,38210.32,1910.52,71216.34,
SYN-0380,Synthetic Supplier 0380 LLC,900000000000380,SYN-0380-INV-02,2026-09-21,40918.94,2045.95,71216.34,
SYN-0381,Synthetic Supplier 0381 LLC,900000000000381,SYN-0381-INV-01,2026-08-18,25441.55,1272.08,65151.01,2026-04-07
SYN-0381,Synthetic Supplier 0381 LLC,900000000000381,SYN-0381-INV-02,2025-10-09,22878.18,1143.91,65151.01,2026-04-07
SYN-0381,Synthetic Supplier 0381 LLC,900000000000381,SYN-0381-INV-03,2025-11-25,24070.28,1203.51,65151.01,2026-04-07
SYN-0382,Synthetic Supplier 0382 LLC,900000000000382,SYN-0382-INV-01,2026-08-31,11251.41,562.57,61737.51,2025-05-08
SYN-0382,Synthetic Supplier 0382 LLC,900000000000382,SYN-0382-INV-02,2025-10-22,22366.14,1118.31,61737.51,2025-05-08
SYN-0382,Synthetic Supplier 0382 LLC,900000000000382,SYN-0382-INV-03,2025-12-08,20041.25,1002.06,61737.51,2025-05-08
SYN-0382,Synthetic Supplier 0382 LLC,900000000000382,SYN-0382-INV-04,2026-01-24,14938.43,746.92,61737.51,2025-05-08
SYN-0383,Synthetic Supplier 0383 LLC,900000000000383,SYN-0383-INV-01,2026-09-13,6236.55,311.83,40864.65,2026-06-09
SYN-0383,Synthetic Supplier 0383 LLC,900000000000383,SYN-0383-INV-02,2025-11-04,9393.12,469.66,40864.65,2026-06-09
SYN-0383,Synthetic Supplier 0383 LLC,900000000000383,SYN-0383-INV-03,2025-12-21,6047.54,302.38,40864.65,2026-06-09
SYN-0383,Synthetic Supplier 0383 LLC,900000000000383,SYN-0383-INV-04,2026-02-06,12174.79,608.74,40864.65,2026-06-09
SYN-0383,Synthetic Supplier 0383 LLC,900000000000383,SYN-0383-INV-05,2026-03-25,11553.17,577.66,40864.65,2026-06-09
SYN-0384,Synthetic Supplier 0384 LLC,900000000000384,SYN-0384-INV-01,2026-09-26,39013.7,1950.68,55876.87,2025-07-10
SYN-0384,Synthetic Supplier 0384 LLC,900000000000384,SYN-0384-INV-02,2025-11-17,23071.72,1153.59,55876.87,2025-07-10
SYN-0385,Synthetic Supplier 0385 LLC,900000000000385,SYN-0385-INV-01,2025-10-14,12843.34,642.17,54536.39,
SYN-0385,Synthetic Supplier 0385 LLC,900000000000385,SYN-0385-INV-02,2025-11-30,14191.88,709.59,54536.39,
SYN-0385,Synthetic Supplier 0385 LLC,900000000000385,SYN-0385-INV-03,2026-01-16,20387.72,1019.39,54536.39,
SYN-0386,Synthetic Supplier 0386 LLC,900000000000386,SYN-0386-INV-01,2025-10-27,16649.65,832.48,53317.37,2025-09-12
SYN-0386,Synthetic Supplier 0386 LLC,900000000000386,SYN-0386-INV-02,2025-12-13,18494.44,924.72,53317.37,2025-09-12
SYN-0386,Synthetic Supplier 0386 LLC,900000000000386,SYN-0386-INV-03,2026-01-29,14255.42,712.77,53317.37,2025-09-12
SYN-0386,Synthetic Supplier 0386 LLC,900000000000386,SYN-0386-INV-04,2026-03-17,9842.01,492.1,53317.37,2025-09-12
SYN-0387,Synthetic Supplier 0387 LLC,900000000000387,SYN-0387-INV-01,2025-11-09,9700.31,485.02,54110.5,2026-01-13
SYN-0387,Synthetic Supplier 0387 LLC,900000000000387,SYN-0387-INV-02,2025-12-26,12498.5,624.92,54110.5,2026-01-13
SYN-0387,Synthetic Supplier 0387 LLC,900000000000387,SYN-0387-INV-03,2026-02-11,15048.82,752.44,54110.5,2026-01-13
SYN-0387,Synthetic Supplier 0387 LLC,900000000000387,SYN-0387-INV-04,2026-03-30,13699.34,684.97,54110.5,2026-01-13
SYN-0387,Synthetic Supplier 0387 LLC,900000000000387,SYN-0387-INV-05,2026-05-16,9175.82,458.79,54110.5,2026-01-13
SYN-0388,Synthetic Supplier 0388 LLC,900000000000388,SYN-0388-INV-01,2025-11-22,30959.12,1547.96,56704.95,2025-02-14
SYN-0388,Synthetic Supplier 0388 LLC,900000000000388,SYN-0388-INV-02,2026-01-08,32046.38,1602.32,56704.95,2025-02-14
SYN-0389,Synthetic Supplier 0389 LLC,900000000000389,SYN-0389-INV-01,2025-12-05,19024,951.2,61972.4,2026-03-15
SYN-0389,Synthetic Supplier 0389 LLC,900000000000389,SYN-0389-INV-02,2026-01-21,26999.82,1349.99,61972.4,2026-03-15
SYN-0389,Synthetic Supplier 0389 LLC,900000000000389,SYN-0389-INV-03,2026-03-09,22834.4,1141.72,61972.4,2026-03-15
SYN-0390,Synthetic Supplier 0390 LLC,900000000000390,SYN-0390-INV-01,2025-12-18,22268.04,1113.4,75955.87,
SYN-0390,Synthetic Supplier 0390 LLC,900000000000390,SYN-0390-INV-02,2026-02-03,14297.6,714.88,75955.87,
SYN-0390,Synthetic Supplier 0390 LLC,900000000000390,SYN-0390-INV-03,2026-03-22,29605.97,1480.3,75955.87,
SYN-0390,Synthetic Supplier 0390 LLC,900000000000390,SYN-0390-INV-04,2026-05-08,18223.8,911.19,75955.87,
SYN-0391,Synthetic Supplier 0391 LLC,900000000000391,SYN-0391-INV-01,2025-12-31,22967.02,1148.35,71817.04,2026-05-17
SYN-0391,Synthetic Supplier 0391 LLC,900000000000391,SYN-0391-INV-02,2026-02-16,13973.73,698.69,71817.04,2026-05-17
SYN-0391,Synthetic Supplier 0391 LLC,900000000000391,SYN-0391-INV-03,2026-04-04,12300.15,615.01,71817.04,2026-05-17
SYN-0391,Synthetic Supplier 0391 LLC,900000000000391,SYN-0391-INV-04,2026-05-21,19275.17,963.76,71817.04,2026-05-17
SYN-0391,Synthetic Supplier 0391 LLC,900000000000391,SYN-0391-INV-05,2026-07-07,11280.64,564.03,71817.04,2026-05-17
SYN-0392,Synthetic Supplier 0392 LLC,900000000000392,SYN-0392-INV-01,2026-01-13,50490.65,2524.53,98815.52,2025-06-18
SYN-0392,Synthetic Supplier 0392 LLC,900000000000392,SYN-0392-INV-02,2026-03-01,35435.89,1771.79,98815.52,2025-06-18
SYN-0393,Synthetic Supplier 0393 LLC,900000000000393,SYN-0393-INV-01,2026-01-26,19904.51,995.23,66576.76,2026-07-19
SYN-0393,Synthetic Supplier 0393 LLC,900000000000393,SYN-0393-INV-02,2026-03-14,21261.53,1063.08,66576.76,2026-07-19
SYN-0393,Synthetic Supplier 0393 LLC,900000000000393,SYN-0393-INV-03,2026-04-30,32808.14,1640.41,66576.76,2026-07-19
SYN-0394,Synthetic Supplier 0394 LLC,900000000000394,SYN-0394-INV-01,2026-02-08,19198.17,959.91,75984.15,2025-08-20
SYN-0394,Synthetic Supplier 0394 LLC,900000000000394,SYN-0394-INV-02,2026-03-27,13536.89,676.84,75984.15,2025-08-20
SYN-0394,Synthetic Supplier 0394 LLC,900000000000394,SYN-0394-INV-03,2026-05-13,26132.06,1306.6,75984.15,2025-08-20
SYN-0394,Synthetic Supplier 0394 LLC,900000000000394,SYN-0394-INV-04,2026-06-29,25559.71,1277.99,75984.15,2025-08-20
SYN-0395,Synthetic Supplier 0395 LLC,900000000000395,SYN-0395-INV-01,2026-02-21,9376.99,468.85,35439.58,
SYN-0395,Synthetic Supplier 0395 LLC,900000000000395,SYN-0395-INV-02,2026-04-09,9735.88,486.79,35439.58,
SYN-0395,Synthetic Supplier 0395 LLC,900000000000395,SYN-0395-INV-03,2026-05-26,6186.15,309.31,35439.58,
SYN-0395,Synthetic Supplier 0395 LLC,900000000000395,SYN-0395-INV-04,2026-07-12,8959.28,447.96,35439.58,
SYN-0395,Synthetic Supplier 0395 LLC,900000000000395,SYN-0395-INV-05,2026-08-28,5119.02,255.95,35439.58,
SYN-0396,Synthetic Supplier 0396 LLC,900000000000396,SYN-0396-INV-01,2026-03-06,29387.25,1469.36,55893.85,2025-01-22
SYN-0396,Synthetic Supplier 0396 LLC,900000000000396,SYN-0396-INV-02,2026-04-22,32717.03,1635.85,55893.85,2025-01-22
SYN-0397,Synthetic Supplier 0397 LLC,900000000000397,SYN-0397-INV-01,2026-03-19,23879.31,1193.97,62831.31,2026-02-23
SYN-0397,Synthetic Supplier 0397 LLC,900000000000397,SYN-0397-INV-02,2026-05-05,20247.38,1012.37,62831.31,2026-02-23
SYN-0397,Synthetic Supplier 0397 LLC,900000000000397,SYN-0397-INV-03,2026-06-21,25685.87,1284.29,62831.31,2026-02-23
SYN-0398,Synthetic Supplier 0398 LLC,900000000000398,SYN-0398-INV-01,2026-04-01,14536.63,726.83,44603.09,2025-03-24
SYN-0398,Synthetic Supplier 0398 LLC,900000000000398,SYN-0398-INV-02,2026-05-18,12409.94,620.5,44603.09,2025-03-24
SYN-0398,Synthetic Supplier 0398 LLC,900000000000398,SYN-0398-INV-03,2026-07-04,14227.13,711.36,44603.09,2025-03-24
SYN-0398,Synthetic Supplier 0398 LLC,900000000000398,SYN-0398-INV-04,2026-08-20,8385.29,419.26,44603.09,2025-03-24
SYN-0399,Synthetic Supplier 0399 LLC,900000000000399,SYN-0399-INV-01,2026-04-14,13171.41,658.57,96305.98,2026-04-25
SYN-0399,Synthetic Supplier 0399 LLC,900000000000399,SYN-0399-INV-02,2026-05-31,21711.46,1085.57,96305.98,2026-04-25
SYN-0399,Synthetic Supplier 0399 LLC,900000000000399,SYN-0399-INV-03,2026-07-17,20239.94,1012,96305.98,2026-04-25
SYN-0399,Synthetic Supplier 0399 LLC,900000000000399,SYN-0399-INV-04,2026-09-02,13632.99,681.65,96305.98,2026-04-25
SYN-0399,Synthetic Supplier 0399 LLC,900000000000399,SYN-0399-INV-05,2025-10-24,14988.53,749.43,96305.98,2026-04-25
SYN-0400,Synthetic Supplier 0400 LLC,900000000000400,SYN-0400-INV-01,2026-04-27,45022.48,2251.12,74191.27,
SYN-0400,Synthetic Supplier 0400 LLC,900000000000400,SYN-0400-INV-02,2026-06-13,37412.26,1870.61,74191.27,
SYN-0401,Synthetic Supplier 0401 LLC,900000000000401,SYN-0401-INV-01,2026-05-10,9000.00,450.00,255519.79,2026-06-02
SYN-0401,Synthetic Supplier 0401 LLC,900000000000401,SYN-0401-INV-02,2026-06-26,70500.50,3525.03,255519.79,2026-06-02
SYN-0401,Synthetic Supplier 0401 LLC,900000000000401,SYN-0401-INV-03,2026-08-12,70500.50,3525.03,255519.79,2026-06-02
SYN-0402,Synthetic Supplier 0402 LLC,900000000000402,SYN-0402-INV-01,2026-05-23,47000.33,2350.02,280727.75,2025-07-03
SYN-0402,Synthetic Supplier 0402 LLC,900000000000402,SYN-0402-INV-02,2026-07-09,47000.33,2350.02,280727.75,2025-07-03
SYN-0402,Synthetic Supplier 0402 LLC,900000000000402,SYN-0402-INV-03,2026-08-25,47000.34,2350.02,280727.75,2025-07-03
SYN-0402,Synthetic Supplier 0402 LLC,900000000000402,SYN-0402-INV-04,2025-10-16,9000.00,450.00,280727.75,2025-07-03
SYN-0403,Synthetic Supplier 0403 LLC,900000000000403,SYN-0403-INV-01,2026-06-05,35250.25,1762.51,271264.89,2026-08-04
SYN-0403,Synthetic Supplier 0403 LLC,900000000000403,SYN-0403-INV-02,2026-07-22,35250.25,1762.51,271264.89,2026-08-04
SYN-0403,Synthetic Supplier 0403 LLC,900000000000403,SYN-0403-INV-03,2026-09-07,35250.25,1762.51,271264.89,2026-08-04
SYN-0403,Synthetic Supplier 0403 LLC,900000000000403,SYN-0403-INV-04,2025-10-29,9000.00,450.00,271264.89,2026-08-04
SYN-0403,Synthetic Supplier 0403 LLC,900000000000403,SYN-0403-INV-05,2025-12-15,35250.25,1762.51,271264.89,2026-08-04
SYN-0404,Synthetic Supplier 0404 LLC,900000000000404,SYN-0404-INV-01,2026-06-18,9000.00,450.00,99363.3,2025-09-05
SYN-0404,Synthetic Supplier 0404 LLC,900000000000404,SYN-0404-INV-02,2026-08-04,141001.00,7050.05,99363.3,2025-09-05
SYN-0405,Synthetic Supplier 0405 LLC,900000000000405,SYN-0405-INV-01,2026-07-01,70500.50,3525.03,295103.1,
SYN-0405,Synthetic Supplier 0405 LLC,900000000000405,SYN-0405-INV-02,2026-08-17,70500.50,3525.03,295103.1,
SYN-0405,Synthetic Supplier 0405 LLC,900000000000405,SYN-0405-INV-03,2025-10-08,9000.00,450.00,295103.1,
SYN-0406,Synthetic Supplier 0406 LLC,900000000000406,SYN-0406-INV-01,2026-07-14,47000.33,2350.02,235883.03,2025-02-07
SYN-0406,Synthetic Supplier 0406 LLC,900000000000406,SYN-0406-INV-02,2026-08-30,47000.34,2350.02,235883.03,2025-02-07
SYN-0406,Synthetic Supplier 0406 LLC,900000000000406,SYN-0406-INV-03,2025-10-21,9000.00,450.00,235883.03,2025-02-07
SYN-0406,Synthetic Supplier 0406 LLC,900000000000406,SYN-0406-INV-04,2025-12-07,47000.33,2350.02,235883.03,2025-02-07
SYN-0407,Synthetic Supplier 0407 LLC,900000000000407,SYN-0407-INV-01,2026-07-27,35250.25,1762.51,296353.22,2026-03-08
SYN-0407,Synthetic Supplier 0407 LLC,900000000000407,SYN-0407-INV-02,2026-09-12,35250.25,1762.51,296353.22,2026-03-08
SYN-0407,Synthetic Supplier 0407 LLC,900000000000407,SYN-0407-INV-03,2025-11-03,9000.00,450.00,296353.22,2026-03-08
SYN-0407,Synthetic Supplier 0407 LLC,900000000000407,SYN-0407-INV-04,2025-12-20,35250.25,1762.51,296353.22,2026-03-08
SYN-0407,Synthetic Supplier 0407 LLC,900000000000407,SYN-0407-INV-05,2026-02-05,35250.25,1762.51,296353.22,2026-03-08
SYN-0408,Synthetic Supplier 0408 LLC,900000000000408,SYN-0408-INV-01,2026-08-09,9000.00,450.00,110849.16,2025-04-09
SYN-0408,Synthetic Supplier 0408 LLC,900000000000408,SYN-0408-INV-02,2026-09-25,141001.00,7050.05,110849.16,2025-04-09
SYN-0409,Synthetic Supplier 0409 LLC,900000000000409,SYN-0409-INV-01,2026-08-22,70500.50,3525.03,311927.06,2026-05-10
SYN-0409,Synthetic Supplier 0409 LLC,900000000000409,SYN-0409-INV-02,2025-10-13,9000.00,450.00,311927.06,2026-05-10
SYN-0409,Synthetic Supplier 0409 LLC,900000000000409,SYN-0409-INV-03,2025-11-29,70500.50,3525.03,311927.06,2026-05-10
SYN-0410,Synthetic Supplier 0410 LLC,900000000000410,SYN-0410-INV-01,2026-09-04,47000.34,2350.02,263283.55,
SYN-0410,Synthetic Supplier 0410 LLC,900000000000410,SYN-0410-INV-02,2025-10-26,9000.00,450.00,263283.55,
SYN-0410,Synthetic Supplier 0410 LLC,900000000000410,SYN-0410-INV-03,2025-12-12,47000.33,2350.02,263283.55,
SYN-0410,Synthetic Supplier 0410 LLC,900000000000410,SYN-0410-INV-04,2026-01-28,47000.33,2350.02,263283.55,
SYN-0411,Synthetic Supplier 0411 LLC,900000000000411,SYN-0411-INV-01,2026-09-17,35250.25,1762.51,191953.46,2026-07-12
SYN-0411,Synthetic Supplier 0411 LLC,900000000000411,SYN-0411-INV-02,2025-11-08,9000.00,450.00,191953.46,2026-07-12
SYN-0411,Synthetic Supplier 0411 LLC,900000000000411,SYN-0411-INV-03,2025-12-25,35250.25,1762.51,191953.46,2026-07-12
SYN-0411,Synthetic Supplier 0411 LLC,900000000000411,SYN-0411-INV-04,2026-02-10,35250.25,1762.51,191953.46,2026-07-12
SYN-0411,Synthetic Supplier 0411 LLC,900000000000411,SYN-0411-INV-05,2026-03-29,35250.25,1762.51,191953.46,2026-07-12
SYN-0412,Synthetic Supplier 0412 LLC,900000000000412,SYN-0412-INV-01,2025-10-05,9000.00,450.00,299094.77,2025-08-13
SYN-0412,Synthetic Supplier 0412 LLC,900000000000412,SYN-0412-INV-02,2025-11-21,141001.00,7050.05,299094.77,2025-08-13
SYN-0413,Synthetic Supplier 0413 LLC,900000000000413,SYN-0413-INV-01,2025-10-18,70219.23,3510.96,261064.31,2026-09-14
SYN-0413,Synthetic Supplier 0413 LLC,900000000000413,SYN-0413-INV-02,2025-12-04,82129.76,4106.49,261064.31,2026-09-14
SYN-0413,Synthetic Supplier 0413 LLC,900000000000413,SYN-0413-INV-03,2026-01-20,74663.45,3733.17,261064.31,2026-09-14
SYN-0414,Synthetic Supplier 0414 LLC,900000000000414,SYN-0414-INV-01,2025-10-31,30640.04,1532,117781.54,2025-01-15
SYN-0414,Synthetic Supplier 0414 LLC,900000000000414,SYN-0414-INV-02,2025-12-17,40639,2031.95,117781.54,2025-01-15
SYN-0414,Synthetic Supplier 0414 LLC,900000000000414,SYN-0414-INV-03,2026-02-02,34663.56,1733.18,117781.54,2025-01-15
SYN-0414,Synthetic Supplier 0414 LLC,900000000000414,SYN-0414-INV-04,2026-03-21,24925.77,1246.29,117781.54,2025-01-15
SYN-0415,Synthetic Supplier 0415 LLC,900000000000415,SYN-0415-INV-01,2025-11-13,27887.72,1394.39,155725.23,
SYN-0415,Synthetic Supplier 0415 LLC,900000000000415,SYN-0415-INV-02,2025-12-30,44184.36,2209.22,155725.23,
SYN-0415,Synthetic Supplier 0415 LLC,900000000000415,SYN-0415-INV-03,2026-02-15,25777.67,1288.88,155725.23,
SYN-0415,Synthetic Supplier 0415 LLC,900000000000415,SYN-0415-INV-04,2026-04-03,39238.97,1961.95,155725.23,
SYN-0415,Synthetic Supplier 0415 LLC,900000000000415,SYN-0415-INV-05,2026-05-20,35939.32,1796.97,155725.23,
SYN-0416,Synthetic Supplier 0416 LLC,900000000000416,SYN-0416-INV-01,2025-11-26,105683.2,5284.16,221653.3,2025-03-17
SYN-0416,Synthetic Supplier 0416 LLC,900000000000416,SYN-0416-INV-02,2026-01-12,140598.24,7029.91,221653.3,2025-03-17
SYN-0417,Synthetic Supplier 0417 LLC,900000000000417,SYN-0417-INV-01,2025-12-09,50618.31,2530.92,101382.84,2026-04-18
SYN-0417,Synthetic Supplier 0417 LLC,900000000000417,SYN-0417-INV-02,2026-01-25,24299.06,1214.95,101382.84,2026-04-18
SYN-0417,Synthetic Supplier 0417 LLC,900000000000417,SYN-0417-INV-03,2026-03-13,37730.23,1886.51,101382.84,2026-04-18
SYN-0418,Synthetic Supplier 0418 LLC,900000000000418,SYN-0418-INV-01,2025-12-22,42568.88,2128.44,176203.54,2025-05-19
SYN-0418,Synthetic Supplier 0418 LLC,900000000000418,SYN-0418-INV-02,2026-02-07,38959.33,1947.97,176203.54,2025-05-19
SYN-0418,Synthetic Supplier 0418 LLC,900000000000418,SYN-0418-INV-03,2026-03-26,66131.69,3306.58,176203.54,2025-05-19
SYN-0418,Synthetic Supplier 0418 LLC,900000000000418,SYN-0418-INV-04,2026-05-12,48121.81,2406.09,176203.54,2025-05-19
SYN-0419,Synthetic Supplier 0419 LLC,900000000000419,SYN-0419-INV-01,2026-01-04,85827.57,4291.38,299484.11,2026-06-20
SYN-0419,Synthetic Supplier 0419 LLC,900000000000419,SYN-0419-INV-02,2026-02-20,69027.57,3451.38,299484.11,2026-06-20
SYN-0419,Synthetic Supplier 0419 LLC,900000000000419,SYN-0419-INV-03,2026-04-08,65547.69,3277.38,299484.11,2026-06-20
SYN-0419,Synthetic Supplier 0419 LLC,900000000000419,SYN-0419-INV-04,2026-05-25,41752.09,2087.6,299484.11,2026-06-20
SYN-0419,Synthetic Supplier 0419 LLC,900000000000419,SYN-0419-INV-05,2026-07-11,70605.21,3530.26,299484.11,2026-06-20
SYN-0420,Synthetic Supplier 0420 LLC,900000000000420,SYN-0420-INV-01,2026-01-17,134452.71,6722.64,334955.8,
SYN-0420,Synthetic Supplier 0420 LLC,900000000000420,SYN-0420-INV-02,2026-03-05,156813.2,7840.66,334955.8,
SYN-0421,Synthetic Supplier 0421 LLC,900000000000421,SYN-0421-INV-01,2026-01-30,93467.46,4673.37,260863.81,2025-10-02
SYN-0421,Synthetic Supplier 0421 LLC,900000000000421,SYN-0421-INV-02,2026-03-18,119385.58,5969.28,260863.81,2025-10-02
SYN-0421,Synthetic Supplier 0421 LLC,900000000000421,SYN-0421-INV-03,2026-05-04,76995.64,3849.78,260863.81,2025-10-02
SYN-0422,Synthetic Supplier 0422 LLC,900000000000422,SYN-0422-INV-01,2026-02-12,27850.05,1392.5,99691.15,2025-10-09
SYN-0422,Synthetic Supplier 0422 LLC,900000000000422,SYN-0422-INV-02,2026-03-31,37214.2,1860.71,99691.15,2025-10-09
SYN-0422,Synthetic Supplier 0422 LLC,900000000000422,SYN-0422-INV-03,2026-05-17,22794.37,1139.72,99691.15,2025-10-09
SYN-0422,Synthetic Supplier 0422 LLC,900000000000422,SYN-0422-INV-04,2026-07-03,22909.31,1145.47,99691.15,2025-10-09
SYN-0423,Synthetic Supplier 0423 LLC,900000000000423,SYN-0423-INV-01,2026-02-25,29457.58,1472.88,113940.47,2025-10-16
SYN-0423,Synthetic Supplier 0423 LLC,900000000000423,SYN-0423-INV-02,2026-04-13,24781.2,1239.06,113940.47,2025-10-16
SYN-0423,Synthetic Supplier 0423 LLC,900000000000423,SYN-0423-INV-03,2026-05-30,19049.58,952.48,113940.47,2025-10-16
SYN-0423,Synthetic Supplier 0423 LLC,900000000000423,SYN-0423-INV-04,2026-07-16,25156.66,1257.83,113940.47,2025-10-16
SYN-0423,Synthetic Supplier 0423 LLC,900000000000423,SYN-0423-INV-05,2026-09-01,28155.5,1407.78,113940.47,2025-10-16
SYN-0424,Synthetic Supplier 0424 LLC,900000000000424,SYN-0424-INV-01,2026-03-10,162947.64,8147.38,260202.83,2025-10-23
SYN-0424,Synthetic Supplier 0424 LLC,900000000000424,SYN-0424-INV-02,2026-04-26,126166.62,6308.33,260202.83,2025-10-23
SYN-0425,Synthetic Supplier 0425 LLC,900000000000425,SYN-0425-INV-01,2026-03-23,96459.52,4822.98,269992.2,2025-10-30
SYN-0425,Synthetic Supplier 0425 LLC,900000000000425,SYN-0425-INV-02,2026-05-09,69935.66,3496.78,269992.2,2025-10-30
SYN-0425,Synthetic Supplier 0425 LLC,900000000000425,SYN-0425-INV-03,2026-06-25,133596.15,6679.81,269992.2,2025-10-30
SYN-0426,Synthetic Supplier 0426 LLC,900000000000426,SYN-0426-INV-01,2026-04-05,33009.56,1650.48,100952.69,2025-11-06
SYN-0426,Synthetic Supplier 0426 LLC,900000000000426,SYN-0426-INV-02,2026-05-22,19558.68,977.93,100952.69,2025-11-06
SYN-0426,Synthetic Supplier 0426 LLC,900000000000426,SYN-0426-INV-03,2026-07-08,36916.74,1845.84,100952.69,2025-11-06
SYN-0426,Synthetic Supplier 0426 LLC,900000000000426,SYN-0426-INV-04,2026-08-24,22684.67,1134.23,100952.69,2025-11-06
SYN-0427,Synthetic Supplier 0427 LLC,900000000000427,SYN-0427-INV-01,2026-04-18,21791.59,1089.58,167938.2,2025-11-13
SYN-0427,Synthetic Supplier 0427 LLC,900000000000427,SYN-0427-INV-02,2026-06-04,28909.52,1445.48,167938.2,2025-11-13
SYN-0427,Synthetic Supplier 0427 LLC,900000000000427,SYN-0427-INV-03,2026-07-21,27410.31,1370.52,167938.2,2025-11-13
SYN-0427,Synthetic Supplier 0427 LLC,900000000000427,SYN-0427-INV-04,2026-09-06,43679.47,2183.97,167938.2,2025-11-13
SYN-0427,Synthetic Supplier 0427 LLC,900000000000427,SYN-0427-INV-05,2025-10-28,24242.33,1212.12,167938.2,2025-11-13
SYN-0428,Synthetic Supplier 0428 LLC,900000000000428,SYN-0428-INV-01,2026-05-01,56993.13,2849.66,112830.85,2025-11-20
SYN-0428,Synthetic Supplier 0428 LLC,900000000000428,SYN-0428-INV-02,2026-06-17,68374.49,3418.72,112830.85,2025-11-20
SYN-0429,Synthetic Supplier 0429 LLC,900000000000429,SYN-0429-INV-01,2026-05-14,112978.15,5648.91,268280.62,2025-11-27
SYN-0429,Synthetic Supplier 0429 LLC,900000000000429,SYN-0429-INV-02,2026-06-30,67215.93,3360.8,268280.62,2025-11-27
SYN-0429,Synthetic Supplier 0429 LLC,900000000000429,SYN-0429-INV-03,2026-08-16,117895.5,5894.77,268280.62,2025-11-27
SYN-0430,Synthetic Supplier 0430 LLC,900000000000430,SYN-0430-INV-01,2026-05-27,70270.22,3513.51,247639.31,2025-12-04
SYN-0430,Synthetic Supplier 0430 LLC,900000000000430,SYN-0430-INV-02,2026-07-13,54621.37,2731.07,247639.31,2025-12-04
SYN-0430,Synthetic Supplier 0430 LLC,900000000000430,SYN-0430-INV-03,2026-08-29,85601.27,4280.06,247639.31,2025-12-04
SYN-0430,Synthetic Supplier 0430 LLC,900000000000430,SYN-0430-INV-04,2025-10-20,64661.92,3233.1,247639.31,2025-12-04
SYN-0431,Synthetic Supplier 0431 LLC,900000000000431,SYN-0431-INV-01,2026-06-09,72300.71,3615.04,248537.66,2025-12-11
SYN-0431,Synthetic Supplier 0431 LLC,900000000000431,SYN-0431-INV-02,2026-07-26,35321.4,1766.07,248537.66,2025-12-11
SYN-0431,Synthetic Supplier 0431 LLC,900000000000431,SYN-0431-INV-03,2026-09-11,62031.6,3101.58,248537.66,2025-12-11
SYN-0431,Synthetic Supplier 0431 LLC,900000000000431,SYN-0431-INV-04,2025-11-02,37665.32,1883.27,248537.66,2025-12-11
SYN-0431,Synthetic Supplier 0431 LLC,900000000000431,SYN-0431-INV-05,2025-12-19,68833.92,3441.7,248537.66,2025-12-11
SYN-0432,Synthetic Supplier 0432 LLC,900000000000432,SYN-0432-INV-01,2026-06-22,63005.41,3150.27,105827.98,2025-12-18
SYN-0432,Synthetic Supplier 0432 LLC,900000000000432,SYN-0432-INV-02,2026-08-08,54581.24,2729.06,105827.98,2025-12-18
SYN-0433,Synthetic Supplier 0433 LLC,900000000000433,SYN-0433-INV-01,2026-07-05,44910.34,2245.52,197836.56,2025-09-01
SYN-0433,Synthetic Supplier 0433 LLC,900000000000433,SYN-0433-INV-02,2026-08-21,90829.45,4541.47,197836.56,2025-09-01
SYN-0433,Synthetic Supplier 0433 LLC,900000000000433,SYN-0433-INV-03,2025-10-12,84078.61,4203.93,197836.56,2025-09-01
SYN-0434,Synthetic Supplier 0434 LLC,900000000000434,SYN-0434-INV-01,2026-07-18,49940.1,2497,217441.72,2025-08-31
SYN-0434,Synthetic Supplier 0434 LLC,900000000000434,SYN-0434-INV-02,2026-09-03,58645.88,2932.29,217441.72,2025-08-31
SYN-0434,Synthetic Supplier 0434 LLC,900000000000434,SYN-0434-INV-03,2025-10-25,47182.67,2359.13,217441.72,2025-08-31
SYN-0434,Synthetic Supplier 0434 LLC,900000000000434,SYN-0434-INV-04,2025-12-11,33311.11,1665.56,217441.72,2025-08-31
SYN-0435,Synthetic Supplier 0435 LLC,900000000000435,SYN-0435-INV-01,2026-07-31,48320.98,2416.05,169033.77,2025-08-30
SYN-0435,Synthetic Supplier 0435 LLC,900000000000435,SYN-0435-INV-02,2026-09-16,41247.21,2062.36,169033.77,2025-08-30
SYN-0435,Synthetic Supplier 0435 LLC,900000000000435,SYN-0435-INV-03,2025-11-07,45107.3,2255.36,169033.77,2025-08-30
SYN-0435,Synthetic Supplier 0435 LLC,900000000000435,SYN-0435-INV-04,2025-12-24,27304.97,1365.25,169033.77,2025-08-30
SYN-0435,Synthetic Supplier 0435 LLC,900000000000435,SYN-0435-INV-05,2026-02-09,25834.84,1291.74,169033.77,2025-08-30
SYN-0436,Synthetic Supplier 0436 LLC,900000000000436,SYN-0436-INV-01,2026-08-13,65260.88,3263.04,118696.54,2025-08-29
SYN-0436,Synthetic Supplier 0436 LLC,900000000000436,SYN-0436-INV-02,2025-10-04,66624.17,3331.21,118696.54,2025-08-29
SYN-0437,Synthetic Supplier 0437 LLC,900000000000437,SYN-0437-INV-01,2026-08-26,47758.31,2387.92,136294.65,2025-08-28
SYN-0437,Synthetic Supplier 0437 LLC,900000000000437,SYN-0437-INV-02,2025-10-17,34248.19,1712.41,136294.65,2025-08-28
SYN-0437,Synthetic Supplier 0437 LLC,900000000000437,SYN-0437-INV-03,2025-12-03,69431.99,3471.6,136294.65,2025-08-28
SYN-0438,Synthetic Supplier 0438 LLC,900000000000438,SYN-0438-INV-01,2026-09-08,24972.97,1248.65,129580.87,2025-08-27
SYN-0438,Synthetic Supplier 0438 LLC,900000000000438,SYN-0438-INV-02,2025-10-30,52056.53,2602.83,129580.87,2025-08-27
SYN-0438,Synthetic Supplier 0438 LLC,900000000000438,SYN-0438-INV-03,2025-12-16,35981.55,1799.08,129580.87,2025-08-27
SYN-0438,Synthetic Supplier 0438 LLC,900000000000438,SYN-0438-INV-04,2026-02-01,30967.7,1548.38,129580.87,2025-08-27
SYN-0439,Synthetic Supplier 0439 LLC,900000000000439,SYN-0439-INV-01,2026-09-21,58210.63,2910.53,264084.46,2025-08-26
SYN-0439,Synthetic Supplier 0439 LLC,900000000000439,SYN-0439-INV-02,2025-11-12,69789.48,3489.47,264084.46,2025-08-26
SYN-0439,Synthetic Supplier 0439 LLC,900000000000439,SYN-0439-INV-03,2025-12-29,56838.86,2841.94,264084.46,2025-08-26
SYN-0439,Synthetic Supplier 0439 LLC,900000000000439,SYN-0439-INV-04,2026-02-14,50200.39,2510.02,264084.46,2025-08-26
SYN-0439,Synthetic Supplier 0439 LLC,900000000000439,SYN-0439-INV-05,2026-04-02,58387.82,2919.39,264084.46,2025-08-26
SYN-0440,Synthetic Supplier 0440 LLC,900000000000440,SYN-0440-INV-01,2025-10-09,110469.93,5523.5,230510.73,2025-08-25
SYN-0440,Synthetic Supplier 0440 LLC,900000000000440,SYN-0440-INV-02,2025-11-25,145653.1,7282.66,230510.73,2025-08-25
SYN-0441,Synthetic Supplier 0441 LLC,900000000000441,SYN-0441-INV-01,2025-10-22,64444.27,3222.21,300684.06,2025-08-24
SYN-0441,Synthetic Supplier 0441 LLC,900000000000441,SYN-0441-INV-02,2025-12-08,118164.05,5908.2,300684.06,2025-08-24
SYN-0441,Synthetic Supplier 0441 LLC,900000000000441,SYN-0441-INV-03,2026-01-24,78856.08,3942.8,300684.06,2025-08-24
SYN-0442,Synthetic Supplier 0442 LLC,900000000000442,SYN-0442-INV-01,2025-11-04,131390.18,6569.51,313276.13,2025-08-23
SYN-0442,Synthetic Supplier 0442 LLC,900000000000442,SYN-0442-INV-02,2025-12-21,61863.1,3093.16,313276.13,2025-08-23
SYN-0442,Synthetic Supplier 0442 LLC,900000000000442,SYN-0442-INV-03,2026-02-06,83312.51,4165.63,313276.13,2025-08-23
SYN-0442,Synthetic Supplier 0442 LLC,900000000000442,SYN-0442-INV-04,2026-03-25,71518.8,3575.94,313276.13,2025-08-23
SYN-0443,Synthetic Supplier 0443 LLC,900000000000443,SYN-0443-INV-01,2025-11-17,38473.85,1923.69,255446.79,2025-08-22
SYN-0443,Synthetic Supplier 0443 LLC,900000000000443,SYN-0443-INV-02,2026-01-03,77288.91,3864.45,255446.79,2025-08-22
SYN-0443,Synthetic Supplier 0443 LLC,900000000000443,SYN-0443-INV-03,2026-02-19,41293.02,2064.65,255446.79,2025-08-22
SYN-0443,Synthetic Supplier 0443 LLC,900000000000443,SYN-0443-INV-04,2026-04-07,64466.07,3223.3,255446.79,2025-08-22
SYN-0443,Synthetic Supplier 0443 LLC,900000000000443,SYN-0443-INV-05,2026-05-24,62307.93,3115.4,255446.79,2025-08-22
SYN-0444,Synthetic Supplier 0444 LLC,900000000000444,SYN-0444-INV-01,2025-11-30,63839.96,3192,123662.57,2025-08-21
SYN-0444,Synthetic Supplier 0444 LLC,900000000000444,SYN-0444-INV-02,2026-01-16,73562.9,3678.15,123662.57,2025-08-21
SYN-0445,Synthetic Supplier 0445 LLC,900000000000445,SYN-0445-INV-01,2025-12-13,97231.75,4861.59,217645.05,
SYN-0445,Synthetic Supplier 0445 LLC,900000000000445,SYN-0445-INV-02,2026-01-29,64960.08,3248,217645.05,
SYN-0445,Synthetic Supplier 0445 LLC,900000000000445,SYN-0445-INV-03,2026-03-17,79636,3981.8,217645.05,
SYN-0446,Synthetic Supplier 0446 LLC,900000000000446,SYN-0446-INV-01,2025-12-26,24934.61,1246.73,105435.8,2025-06-22
SYN-0446,Synthetic Supplier 0446 LLC,900000000000446,SYN-0446-INV-02,2026-02-11,31453.72,1572.69,105435.8,2025-06-22
SYN-0446,Synthetic Supplier 0446 LLC,900000000000446,SYN-0446-INV-03,2026-03-30,26972.07,1348.6,105435.8,2025-06-22
SYN-0446,Synthetic Supplier 0446 LLC,900000000000446,SYN-0446-INV-04,2026-05-16,33790.49,1689.52,105435.8,2025-06-22
SYN-0447,Synthetic Supplier 0447 LLC,900000000000447,SYN-0447-INV-01,2026-01-08,30426.08,1521.3,120691.29,2026-07-23
SYN-0447,Synthetic Supplier 0447 LLC,900000000000447,SYN-0447-INV-02,2026-02-24,15595.34,779.77,120691.29,2026-07-23
SYN-0447,Synthetic Supplier 0447 LLC,900000000000447,SYN-0447-INV-03,2026-04-12,28604.32,1430.22,120691.29,2026-07-23
SYN-0447,Synthetic Supplier 0447 LLC,900000000000447,SYN-0447-INV-04,2026-05-29,30575.71,1528.79,120691.29,2026-07-23
SYN-0447,Synthetic Supplier 0447 LLC,900000000000447,SYN-0447-INV-05,2026-07-15,28899.97,1445,120691.29,2026-07-23
SYN-0448,Synthetic Supplier 0448 LLC,900000000000448,SYN-0448-INV-01,2026-01-21,84114.05,4205.7,228349.14,2025-08-24
SYN-0448,Synthetic Supplier 0448 LLC,900000000000448,SYN-0448-INV-02,2026-03-09,114450.43,5722.52,228349.14,2025-08-24
SYN-0449,Synthetic Supplier 0449 LLC,900000000000449,SYN-0449-INV-01,2026-02-03,126084.21,6304.21,279074.15,2026-09-25
SYN-0449,Synthetic Supplier 0449 LLC,900000000000449,SYN-0449-INV-02,2026-03-22,115613.65,5780.68,279074.15,2026-09-25
SYN-0449,Synthetic Supplier 0449 LLC,900000000000449,SYN-0449-INV-03,2026-05-08,68384.53,3419.23,279074.15,2026-09-25
SYN-0450,Synthetic Supplier 0450 LLC,900000000000450,SYN-0450-INV-01,2026-02-16,36265.61,1813.28,148695.32,
SYN-0450,Synthetic Supplier 0450 LLC,900000000000450,SYN-0450-INV-02,2026-04-04,48022.43,2401.12,148695.32,
SYN-0450,Synthetic Supplier 0450 LLC,900000000000450,SYN-0450-INV-03,2026-05-21,40527.58,2026.38,148695.32,
SYN-0450,Synthetic Supplier 0450 LLC,900000000000450,SYN-0450-INV-04,2026-07-07,40401.41,2020.07,148695.32,
SYN-0451,Synthetic Supplier 0451 LLC,900000000000451,SYN-0451-INV-01,2026-03-01,37956.33,1897.82,185589.87,2026-02-02
SYN-0451,Synthetic Supplier 0451 LLC,900000000000451,SYN-0451-INV-02,2026-04-17,44737.44,2236.87,185589.87,2026-02-02
SYN-0451,Synthetic Supplier 0451 LLC,900000000000451,SYN-0451-INV-03,2026-06-03,30753.78,1537.69,185589.87,2026-02-02
SYN-0451,Synthetic Supplier 0451 LLC,900000000000451,SYN-0451-INV-04,2026-07-20,52499.09,2624.95,185589.87,2026-02-02
SYN-0451,Synthetic Supplier 0451 LLC,900000000000451,SYN-0451-INV-05,2026-09-05,40264.33,2013.22,185589.87,2026-02-02
SYN-0452,Synthetic Supplier 0452 LLC,900000000000452,SYN-0452-INV-01,2026-03-14,111733.34,5586.67,193363.84,2025-03-03
SYN-0452,Synthetic Supplier 0452 LLC,900000000000452,SYN-0452-INV-02,2026-04-30,103115.36,5155.77,193363.84,2025-03-03
SYN-0453,Synthetic Supplier 0453 LLC,900000000000453,SYN-0453-INV-01,2026-03-27,87913.29,4395.66,225616.44,2026-04-04
SYN-0453,Synthetic Supplier 0453 LLC,900000000000453,SYN-0453-INV-02,2026-05-13,58631.78,2931.59,225616.44,2026-04-04
SYN-0453,Synthetic Supplier 0453 LLC,900000000000453,SYN-0453-INV-03,2026-06-29,104139.86,5206.99,225616.44,2026-04-04
SYN-0454,Synthetic Supplier 0454 LLC,900000000000454,SYN-0454-INV-01,2026-04-09,39464.86,1973.24,122535.27,2025-05-05
SYN-0454,Synthetic Supplier 0454 LLC,900000000000454,SYN-0454-INV-02,2026-05-26,32151.49,1607.57,122535.27,2025-05-05
SYN-0454,Synthetic Supplier 0454 LLC,900000000000454,SYN-0454-INV-03,2026-07-12,23166.89,1158.34,122535.27,2025-05-05
SYN-0454,Synthetic Supplier 0454 LLC,900000000000454,SYN-0454-INV-04,2026-08-28,41367.06,2068.35,122535.27,2025-05-05
SYN-0455,Synthetic Supplier 0455 LLC,900000000000455,SYN-0455-INV-01,2026-04-22,77619.11,3880.96,348269.65,
SYN-0455,Synthetic Supplier 0455 LLC,900000000000455,SYN-0455-INV-02,2026-06-08,40954.04,2047.7,348269.65,
SYN-0455,Synthetic Supplier 0455 LLC,900000000000455,SYN-0455-INV-03,2026-07-25,50145.77,2507.29,348269.65,
SYN-0455,Synthetic Supplier 0455 LLC,900000000000455,SYN-0455-INV-04,2026-09-10,90770.44,4538.52,348269.65,
SYN-0455,Synthetic Supplier 0455 LLC,900000000000455,SYN-0455-INV-05,2025-11-01,43353.82,2167.69,348269.65,
SYN-0456,Synthetic Supplier 0456 LLC,900000000000456,SYN-0456-INV-01,2026-05-05,89671.12,4483.56,204157.81,2025-07-07
SYN-0456,Synthetic Supplier 0456 LLC,900000000000456,SYN-0456-INV-02,2026-06-21,137170.89,6858.54,204157.81,2025-07-07
SYN-0457,Synthetic Supplier 0457 LLC,900000000000457,SYN-0457-INV-01,2026-05-18,101216.37,5060.82,286097.23,2026-08-08
SYN-0457,Synthetic Supplier 0457 LLC,900000000000457,SYN-0457-INV-02,2026-07-04,121571.74,6078.59,286097.23,2026-08-08
SYN-0457,Synthetic Supplier 0457 LLC,900000000000457,SYN-0457-INV-03,2026-08-20,95097.7,4754.89,286097.23,2026-08-08
SYN-0458,Synthetic Supplier 0458 LLC,900000000000458,SYN-0458-INV-01,2026-05-31,65241.12,3262.06,266511.94,2025-09-09
SYN-0458,Synthetic Supplier 0458 LLC,900000000000458,SYN-0458-INV-02,2026-07-17,94955.99,4747.8,266511.94,2025-09-09
SYN-0458,Synthetic Supplier 0458 LLC,900000000000458,SYN-0458-INV-03,2026-09-02,72285.08,3614.25,266511.94,2025-09-09
SYN-0458,Synthetic Supplier 0458 LLC,900000000000458,SYN-0458-INV-04,2025-10-24,63642.19,3182.11,266511.94,2025-09-09
SYN-0459,Synthetic Supplier 0459 LLC,900000000000459,SYN-0459-INV-01,2026-06-13,40662.63,2033.13,169615.54,2026-01-10
SYN-0459,Synthetic Supplier 0459 LLC,900000000000459,SYN-0459-INV-02,2026-07-30,35863.69,1793.18,169615.54,2026-01-10
SYN-0459,Synthetic Supplier 0459 LLC,900000000000459,SYN-0459-INV-03,2026-09-15,28701.96,1435.1,169615.54,2026-01-10
SYN-0459,Synthetic Supplier 0459 LLC,900000000000459,SYN-0459-INV-04,2025-11-06,33065.17,1653.26,169615.54,2026-01-10
SYN-0459,Synthetic Supplier 0459 LLC,900000000000459,SYN-0459-INV-05,2025-12-23,50168.27,2508.41,169615.54,2026-01-10
SYN-0460,Synthetic Supplier 0460 LLC,900000000000460,SYN-0460-INV-01,2026-06-26,186316.58,9315.83,257221.74,
SYN-0460,Synthetic Supplier 0460 LLC,900000000000460,SYN-0460-INV-02,2026-08-12,99485.35,4974.27,257221.74,
SYN-0461,Synthetic Supplier 0461 LLC,900000000000461,SYN-0461-INV-01,2026-07-09,92399.84,4619.99,263770.11,2026-03-12
SYN-0461,Synthetic Supplier 0461 LLC,900000000000461,SYN-0461-INV-02,2026-08-25,101284.54,5064.23,263770.11,2026-03-12
SYN-0461,Synthetic Supplier 0461 LLC,900000000000461,SYN-0461-INV-03,2025-10-16,99393.52,4969.68,263770.11,2026-03-12
SYN-0462,Synthetic Supplier 0462 LLC,900000000000462,SYN-0462-INV-01,2026-07-22,42359.02,2117.95,272508.45,2025-04-13
SYN-0462,Synthetic Supplier 0462 LLC,900000000000462,SYN-0462-INV-02,2026-09-07,68233.02,3411.65,272508.45,2025-04-13
SYN-0462,Synthetic Supplier 0462 LLC,900000000000462,SYN-0462-INV-03,2025-10-29,75101.03,3755.05,272508.45,2025-04-13
SYN-0462,Synthetic Supplier 0462 LLC,900000000000462,SYN-0462-INV-04,2025-12-15,51270.79,2563.54,272508.45,2025-04-13
SYN-0463,Synthetic Supplier 0463 LLC,900000000000463,SYN-0463-INV-01,2026-08-04,23996.43,1199.82,128098.42,2026-05-14
SYN-0463,Synthetic Supplier 0463 LLC,900000000000463,SYN-0463-INV-02,2026-09-20,23995.4,1199.77,128098.42,2026-05-14
SYN-0463,Synthetic Supplier 0463 LLC,900000000000463,SYN-0463-INV-03,2025-11-11,30685.77,1534.29,128098.42,2026-05-14
SYN-0463,Synthetic Supplier 0463 LLC,900000000000463,SYN-0463-INV-04,2025-12-28,34472.26,1723.61,128098.42,2026-05-14
SYN-0463,Synthetic Supplier 0463 LLC,900000000000463,SYN-0463-INV-05,2026-02-13,29181.72,1459.09,128098.42,2026-05-14
SYN-0464,Synthetic Supplier 0464 LLC,900000000000464,SYN-0464-INV-01,2026-08-17,75491.23,3774.56,127394.55,2025-06-15
SYN-0464,Synthetic Supplier 0464 LLC,900000000000464,SYN-0464-INV-02,2025-10-08,66058.26,3302.91,127394.55,2025-06-15
SYN-0465,Synthetic Supplier 0465 LLC,900000000000465,SYN-0465-INV-01,2026-08-30,99444.75,4972.24,221313.78,
SYN-0465,Synthetic Supplier 0465 LLC,900000000000465,SYN-0465-INV-02,2025-10-21,87133.16,4356.66,221313.78,
SYN-0465,Synthetic Supplier 0465 LLC,900000000000465,SYN-0465-INV-03,2025-12-07,59326.29,2966.31,221313.78,
SYN-0466,Synthetic Supplier 0466 LLC,900000000000466,SYN-0466-INV-01,2026-09-12,54121.13,2706.06,246881.98,2025-08-17
SYN-0466,Synthetic Supplier 0466 LLC,900000000000466,SYN-0466-INV-02,2025-11-03,71250.51,3562.53,246881.98,2025-08-17
SYN-0466,Synthetic Supplier 0466 LLC,900000000000466,SYN-0466-INV-03,2025-12-20,73664.53,3683.23,246881.98,2025-08-17
SYN-0466,Synthetic Supplier 0466 LLC,900000000000466,SYN-0466-INV-04,2026-02-05,75277.15,3763.86,246881.98,2025-08-17
SYN-0467,Synthetic Supplier 0467 LLC,900000000000467,SYN-0467-INV-01,2026-09-25,57255.71,2862.79,250071.5,2026-09-18
SYN-0467,Synthetic Supplier 0467 LLC,900000000000467,SYN-0467-INV-02,2025-11-16,37965.26,1898.26,250071.5,2026-09-18
SYN-0467,Synthetic Supplier 0467 LLC,900000000000467,SYN-0467-INV-03,2026-01-02,62713.14,3135.66,250071.5,2026-09-18
SYN-0467,Synthetic Supplier 0467 LLC,900000000000467,SYN-0467-INV-04,2026-02-18,49623.27,2481.16,250071.5,2026-09-18
SYN-0467,Synthetic Supplier 0467 LLC,900000000000467,SYN-0467-INV-05,2026-04-06,70299.84,3514.99,250071.5,2026-09-18
SYN-0468,Synthetic Supplier 0468 LLC,900000000000468,SYN-0468-INV-01,2025-10-13,44666.4,2233.32,115079.1,2025-01-19
SYN-0468,Synthetic Supplier 0468 LLC,900000000000468,SYN-0468-INV-02,2025-11-29,83199.28,4159.96,115079.1,2025-01-19
SYN-0469,Synthetic Supplier 0469 LLC,900000000000469,SYN-0469-INV-01,2025-10-26,88171.23,4408.56,355142.38,2026-02-20
SYN-0469,Synthetic Supplier 0469 LLC,900000000000469,SYN-0469-INV-02,2025-12-12,96481.25,4824.06,355142.38,2026-02-20
SYN-0469,Synthetic Supplier 0469 LLC,900000000000469,SYN-0469-INV-03,2026-01-28,124166.97,6208.35,355142.38,2026-02-20
SYN-0470,Synthetic Supplier 0470 LLC,900000000000470,SYN-0470-INV-01,2025-11-08,50309.85,2515.49,162618.39,
SYN-0470,Synthetic Supplier 0470 LLC,900000000000470,SYN-0470-INV-02,2025-12-25,36977.33,1848.87,162618.39,
SYN-0470,Synthetic Supplier 0470 LLC,900000000000470,SYN-0470-INV-03,2026-02-10,44347.42,2217.37,162618.39,
SYN-0470,Synthetic Supplier 0470 LLC,900000000000470,SYN-0470-INV-04,2026-03-29,49052.5,2452.62,162618.39,
SYN-0471,Synthetic Supplier 0471 LLC,900000000000471,SYN-0471-INV-01,2025-11-21,41892.87,2094.64,233788.86,2026-04-22
SYN-0471,Synthetic Supplier 0471 LLC,900000000000471,SYN-0471-INV-02,2026-01-07,35440.31,1772.02,233788.86,2026-04-22
SYN-0471,Synthetic Supplier 0471 LLC,900000000000471,SYN-0471-INV-03,2026-02-23,68503.5,3425.17,233788.86,2026-04-22
SYN-0471,Synthetic Supplier 0471 LLC,900000000000471,SYN-0471-INV-04,2026-04-11,66026.25,3301.31,233788.86,2026-04-22
SYN-0471,Synthetic Supplier 0471 LLC,900000000000471,SYN-0471-INV-05,2026-05-28,47902.47,2395.12,233788.86,2026-04-22
SYN-0472,Synthetic Supplier 0472 LLC,900000000000472,SYN-0472-INV-01,2025-12-04,84826.7,4241.33,116825.82,2025-05-23
SYN-0472,Synthetic Supplier 0472 LLC,900000000000472,SYN-0472-INV-02,2026-01-20,44979.78,2248.99,116825.82,2025-05-23
SYN-0473,Synthetic Supplier 0473 LLC,900000000000473,SYN-0473-INV-01,2025-12-17,115792.02,5789.6,296509.22,2026-06-24
SYN-0473,Synthetic Supplier 0473 LLC,900000000000473,SYN-0473-INV-02,2026-02-02,82860.39,4143.02,296509.22,2026-06-24
SYN-0473,Synthetic Supplier 0473 LLC,900000000000473,SYN-0473-INV-03,2026-03-21,130802.28,6540.11,296509.22,2026-06-24
SYN-0474,Synthetic Supplier 0474 LLC,900000000000474,SYN-0474-INV-01,2025-12-30,82806.62,4140.33,280744.87,2025-07-25
SYN-0474,Synthetic Supplier 0474 LLC,900000000000474,SYN-0474-INV-02,2026-02-15,63859.7,3192.98,280744.87,2025-07-25
SYN-0474,Synthetic Supplier 0474 LLC,900000000000474,SYN-0474-INV-03,2026-04-03,79187.36,3959.37,280744.87,2025-07-25
SYN-0474,Synthetic Supplier 0474 LLC,900000000000474,SYN-0474-INV-04,2026-05-20,86085.06,4304.25,280744.87,2025-07-25
SYN-0475,Synthetic Supplier 0475 LLC,900000000000475,SYN-0475-INV-01,2026-01-12,46991.2,2349.56,233492.27,
SYN-0475,Synthetic Supplier 0475 LLC,900000000000475,SYN-0475-INV-02,2026-02-28,41545.86,2077.29,233492.27,
SYN-0475,Synthetic Supplier 0475 LLC,900000000000475,SYN-0475-INV-03,2026-04-16,46103.75,2305.19,233492.27,
SYN-0475,Synthetic Supplier 0475 LLC,900000000000475,SYN-0475-INV-04,2026-06-02,53448.37,2672.42,233492.27,
SYN-0475,Synthetic Supplier 0475 LLC,900000000000475,SYN-0475-INV-05,2026-07-19,71346.66,3567.33,233492.27,
SYN-0476,Synthetic Supplier 0476 LLC,900000000000476,SYN-0476-INV-01,2026-01-25,99711.35,4985.57,164585.84,2025-09-02
SYN-0476,Synthetic Supplier 0476 LLC,900000000000476,SYN-0476-INV-02,2026-03-13,43406.77,2170.34,164585.84,2025-09-02
SYN-0477,Synthetic Supplier 0477 LLC,900000000000477,SYN-0477-INV-01,2026-02-07,139727.6,6986.38,249171.14,2026-01-03
SYN-0477,Synthetic Supplier 0477 LLC,900000000000477,SYN-0477-INV-02,2026-03-26,59653.27,2982.66,249171.14,2026-01-03
SYN-0477,Synthetic Supplier 0477 LLC,900000000000477,SYN-0477-INV-03,2026-05-12,77475.96,3873.8,249171.14,2026-01-03
SYN-0478,Synthetic Supplier 0478 LLC,900000000000478,SYN-0478-INV-01,2026-02-20,69831.61,3491.58,278427.9,2025-02-04
SYN-0478,Synthetic Supplier 0478 LLC,900000000000478,SYN-0478-INV-02,2026-04-08,112160.04,5608,278427.9,2025-02-04
SYN-0478,Synthetic Supplier 0478 LLC,900000000000478,SYN-0478-INV-03,2026-05-25,54454.43,2722.72,278427.9,2025-02-04
SYN-0478,Synthetic Supplier 0478 LLC,900000000000478,SYN-0478-INV-04,2026-07-11,72918.25,3645.91,278427.9,2025-02-04
SYN-0479,Synthetic Supplier 0479 LLC,900000000000479,SYN-0479-INV-01,2026-03-05,81310.79,4065.54,288559.68,2026-03-05
SYN-0479,Synthetic Supplier 0479 LLC,900000000000479,SYN-0479-INV-02,2026-04-21,61252.13,3062.61,288559.68,2026-03-05
SYN-0479,Synthetic Supplier 0479 LLC,900000000000479,SYN-0479-INV-03,2026-06-07,51273.85,2563.69,288559.68,2026-03-05
SYN-0479,Synthetic Supplier 0479 LLC,900000000000479,SYN-0479-INV-04,2026-07-24,80628.26,4031.41,288559.68,2026-03-05
SYN-0479,Synthetic Supplier 0479 LLC,900000000000479,SYN-0479-INV-05,2026-09-09,46156.85,2307.84,288559.68,2026-03-05
SYN-0480,Synthetic Supplier 0480 LLC,900000000000480,SYN-0480-INV-01,2026-03-18,121723.15,6086.16,213346.48,
SYN-0480,Synthetic Supplier 0480 LLC,900000000000480,SYN-0480-INV-02,2026-05-04,115328.49,5766.42,213346.48,
SYN-0481,Synthetic Supplier 0481 LLC,900000000000481,SYN-0481-INV-01,2026-03-31,71963.88,3598.19,208604.18,2026-05-07
SYN-0481,Synthetic Supplier 0481 LLC,900000000000481,SYN-0481-INV-02,2026-05-17,72211.64,3610.58,208604.18,2026-05-07
SYN-0481,Synthetic Supplier 0481 LLC,900000000000481,SYN-0481-INV-03,2026-07-03,87606.91,4380.35,208604.18,2026-05-07
SYN-0482,Synthetic Supplier 0482 LLC,900000000000482,SYN-0482-INV-01,2026-04-13,110179.07,5508.95,304955.8,2025-06-08
SYN-0482,Synthetic Supplier 0482 LLC,900000000000482,SYN-0482-INV-02,2026-05-30,105058.18,5252.91,304955.8,2025-06-08
SYN-0482,Synthetic Supplier 0482 LLC,900000000000482,SYN-0482-INV-03,2026-07-16,51137.65,2556.88,304955.8,2025-06-08
SYN-0482,Synthetic Supplier 0482 LLC,900000000000482,SYN-0482-INV-04,2026-09-01,72464.88,3623.24,304955.8,2025-06-08
SYN-0483,Synthetic Supplier 0483 LLC,900000000000483,SYN-0483-INV-01,2026-04-26,45444.45,2272.22,266762.57,2026-07-09
SYN-0483,Synthetic Supplier 0483 LLC,900000000000483,SYN-0483-INV-02,2026-06-12,43298.35,2164.92,266762.57,2026-07-09
SYN-0483,Synthetic Supplier 0483 LLC,900000000000483,SYN-0483-INV-03,2026-07-29,45077.01,2253.85,266762.57,2026-07-09
SYN-0483,Synthetic Supplier 0483 LLC,900000000000483,SYN-0483-INV-04,2026-09-14,39215.7,1960.79,266762.57,2026-07-09
SYN-0483,Synthetic Supplier 0483 LLC,900000000000483,SYN-0483-INV-05,2025-11-05,58931.94,2946.6,266762.57,2026-07-09
SYN-0484,Synthetic Supplier 0484 LLC,900000000000484,SYN-0484-INV-01,2026-05-09,39391.34,1969.57,107917.62,2025-08-10
SYN-0484,Synthetic Supplier 0484 LLC,900000000000484,SYN-0484-INV-02,2026-06-25,80517.13,4025.86,107917.62,2025-08-10
SYN-0485,Synthetic Supplier 0485 LLC,900000000000485,SYN-0485-INV-01,2026-05-22,84562.62,4228.13,193973.4,
SYN-0485,Synthetic Supplier 0485 LLC,900000000000485,SYN-0485-INV-02,2026-07-08,66065.84,3303.29,193973.4,
SYN-0485,Synthetic Supplier 0485 LLC,900000000000485,SYN-0485-INV-03,2026-08-24,64897.54,3244.88,193973.4,
SYN-0486,Synthetic Supplier 0486 LLC,900000000000486,SYN-0486-INV-01,2026-06-04,46945.1,2347.25,180806.62,2025-01-12
SYN-0486,Synthetic Supplier 0486 LLC,900000000000486,SYN-0486-INV-02,2026-07-21,37730.25,1886.51,180806.62,2025-01-12
SYN-0486,Synthetic Supplier 0486 LLC,900000000000486,SYN-0486-INV-03,2026-09-06,71363.6,3568.18,180806.62,2025-01-12
SYN-0486,Synthetic Supplier 0486 LLC,900000000000486,SYN-0486-INV-04,2025-10-28,44857.3,2242.86,180806.62,2025-01-12
SYN-0487,Synthetic Supplier 0487 LLC,900000000000487,SYN-0487-INV-01,2026-06-17,27346.1,1367.3,144613.89,2026-02-13
SYN-0487,Synthetic Supplier 0487 LLC,900000000000487,SYN-0487-INV-02,2026-08-03,46823.29,2341.16,144613.89,2026-02-13
SYN-0487,Synthetic Supplier 0487 LLC,900000000000487,SYN-0487-INV-03,2026-09-19,23408.05,1170.4,144613.89,2026-02-13
SYN-0487,Synthetic Supplier 0487 LLC,900000000000487,SYN-0487-INV-04,2025-11-10,39318.19,1965.91,144613.89,2026-02-13
SYN-0487,Synthetic Supplier 0487 LLC,900000000000487,SYN-0487-INV-05,2025-12-27,23786.46,1189.32,144613.89,2026-02-13
SYN-0488,Synthetic Supplier 0488 LLC,900000000000488,SYN-0488-INV-01,2026-06-30,70393.77,3519.69,104091.94,2025-03-14
SYN-0488,Synthetic Supplier 0488 LLC,900000000000488,SYN-0488-INV-02,2026-08-16,45263.94,2263.2,104091.94,2025-03-14
SYN-0489,Synthetic Supplier 0489 LLC,900000000000489,SYN-0489-INV-01,2026-07-13,37842.97,1892.15,109415.8,2026-04-15
SYN-0489,Synthetic Supplier 0489 LLC,900000000000489,SYN-0489-INV-02,2026-08-29,39774.6,1988.73,109415.8,2026-04-15
SYN-0489,Synthetic Supplier 0489 LLC,900000000000489,SYN-0489-INV-03,2025-10-20,43955.54,2197.78,109415.8,2026-04-15
SYN-0490,Synthetic Supplier 0490 LLC,900000000000490,SYN-0490-INV-01,2026-07-26,24771.12,1238.56,128542.25,
SYN-0490,Synthetic Supplier 0490 LLC,900000000000490,SYN-0490-INV-02,2026-09-11,19139.6,956.98,128542.25,
SYN-0490,Synthetic Supplier 0490 LLC,900000000000490,SYN-0490-INV-03,2025-11-02,38574.81,1928.74,128542.25,
SYN-0490,Synthetic Supplier 0490 LLC,900000000000490,SYN-0490-INV-04,2025-12-19,29290.33,1464.52,128542.25,
SYN-0491,Synthetic Supplier 0491 LLC,900000000000491,SYN-0491-INV-01,2026-08-08,59696.35,2984.82,236285.84,2026-06-17
SYN-0491,Synthetic Supplier 0491 LLC,900000000000491,SYN-0491-INV-02,2026-09-24,75658.23,3782.91,236285.84,2026-06-17
SYN-0491,Synthetic Supplier 0491 LLC,900000000000491,SYN-0491-INV-03,2025-11-15,57683.15,2884.16,236285.84,2026-06-17
SYN-0491,Synthetic Supplier 0491 LLC,900000000000491,SYN-0491-INV-04,2026-01-01,33824.77,1691.24,236285.84,2026-06-17
SYN-0491,Synthetic Supplier 0491 LLC,900000000000491,SYN-0491-INV-05,2026-02-17,35677.32,1783.87,236285.84,2026-06-17
SYN-0492,Synthetic Supplier 0492 LLC,900000000000492,SYN-0492-INV-01,2026-08-21,57844.99,2892.25,127361.88,2025-07-18
SYN-0492,Synthetic Supplier 0492 LLC,900000000000492,SYN-0492-INV-02,2025-10-12,83668.22,4183.41,127361.88,2025-07-18
SYN-0493,Synthetic Supplier 0493 LLC,900000000000493,SYN-0493-INV-01,2026-09-03,59943.65,2997.18,195748.49,2026-08-19
SYN-0493,Synthetic Supplier 0493 LLC,900000000000493,SYN-0493-INV-02,2025-10-25,75563.55,3778.18,195748.49,2026-08-19
SYN-0493,Synthetic Supplier 0493 LLC,900000000000493,SYN-0493-INV-03,2025-12-11,81991.12,4099.56,195748.49,2026-08-19
SYN-0494,Synthetic Supplier 0494 LLC,900000000000494,SYN-0494-INV-01,2026-09-16,92451.38,4622.57,299783.61,2025-09-20
SYN-0494,Synthetic Supplier 0494 LLC,900000000000494,SYN-0494-INV-02,2025-11-07,87827.88,4391.39,299783.61,2025-09-20
SYN-0494,Synthetic Supplier 0494 LLC,900000000000494,SYN-0494-INV-03,2025-12-24,91581.83,4579.09,299783.61,2025-09-20
SYN-0494,Synthetic Supplier 0494 LLC,900000000000494,SYN-0494-INV-04,2026-02-09,61231.81,3061.59,299783.61,2025-09-20
SYN-0495,Synthetic Supplier 0495 LLC,900000000000495,SYN-0495-INV-01,2025-10-04,57216.57,2860.83,201229.89,
SYN-0495,Synthetic Supplier 0495 LLC,900000000000495,SYN-0495-INV-02,2025-11-20,47747.08,2387.35,201229.89,
SYN-0495,Synthetic Supplier 0495 LLC,900000000000495,SYN-0495-INV-03,2026-01-06,29907.89,1495.39,201229.89,
SYN-0495,Synthetic Supplier 0495 LLC,900000000000495,SYN-0495-INV-04,2026-02-22,49301.07,2465.05,201229.89,
SYN-0495,Synthetic Supplier 0495 LLC,900000000000495,SYN-0495-INV-05,2026-04-10,39416.15,1970.81,201229.89,
SYN-0496,Synthetic Supplier 0496 LLC,900000000000496,SYN-0496-INV-01,2025-10-17,147792.72,7389.64,265057.31,2025-02-22
SYN-0496,Synthetic Supplier 0496 LLC,900000000000496,SYN-0496-INV-02,2025-12-03,146715.4,7335.77,265057.31,2025-02-22
SYN-0497,Synthetic Supplier 0497 LLC,900000000000497,SYN-0497-INV-01,2025-10-30,40716.69,2035.83,179734.29,2026-03-23
SYN-0497,Synthetic Supplier 0497 LLC,900000000000497,SYN-0497-INV-02,2025-12-16,68062.54,3403.13,179734.29,2026-03-23
SYN-0497,Synthetic Supplier 0497 LLC,900000000000497,SYN-0497-INV-03,2026-02-01,47511.46,2375.57,179734.29,2026-03-23
SYN-0498,Synthetic Supplier 0498 LLC,900000000000498,SYN-0498-INV-01,2025-11-12,35155.77,1757.79,109859.63,2025-04-24
SYN-0498,Synthetic Supplier 0498 LLC,900000000000498,SYN-0498-INV-02,2025-12-29,31762.62,1588.13,109859.63,2025-04-24
SYN-0498,Synthetic Supplier 0498 LLC,900000000000498,SYN-0498-INV-03,2026-02-14,33876.87,1693.84,109859.63,2025-04-24
SYN-0498,Synthetic Supplier 0498 LLC,900000000000498,SYN-0498-INV-04,2026-04-02,21270.99,1063.55,109859.63,2025-04-24
SYN-0499,Synthetic Supplier 0499 LLC,900000000000499,SYN-0499-INV-01,2025-11-25,60406,3020.3,272388.62,2026-05-25
SYN-0499,Synthetic Supplier 0499 LLC,900000000000499,SYN-0499-INV-02,2026-01-11,44099.71,2204.99,272388.62,2026-05-25
SYN-0499,Synthetic Supplier 0499 LLC,900000000000499,SYN-0499-INV-03,2026-02-27,57784.61,2889.23,272388.62,2026-05-25
SYN-0499,Synthetic Supplier 0499 LLC,900000000000499,SYN-0499-INV-04,2026-04-15,63766.69,3188.33,272388.62,2026-05-25
SYN-0499,Synthetic Supplier 0499 LLC,900000000000499,SYN-0499-INV-05,2026-06-01,76597.01,3829.85,272388.62,2026-05-25
SYN-0500,Synthetic Supplier 0500 LLC,900000000000500,SYN-0500-INV-01,2025-12-08,166918.82,8345.94,235276.58,
SYN-0500,Synthetic Supplier 0500 LLC,900000000000500,SYN-0500-INV-02,2026-01-24,94499.6,4724.98,235276.58,
SYN-0501,Synthetic Supplier 0501 LLC,900000000000501,SYN-0501-INV-01,2025-12-21,128625.66,6431.28,305547.82,2026-07-02
SYN-0501,Synthetic Supplier 0501 LLC,900000000000501,SYN-0501-INV-02,2026-02-06,91425.05,4571.25,305547.82,2026-07-02
SYN-0501,Synthetic Supplier 0501 LLC,900000000000501,SYN-0501-INV-03,2026-03-25,119446.86,5972.34,305547.82,2026-07-02
SYN-0502,Synthetic Supplier 0502 LLC,900000000000502,SYN-0502-INV-01,2026-01-03,61370.4,3068.52,241380.37,2025-08-03
SYN-0502,Synthetic Supplier 0502 LLC,900000000000502,SYN-0502-INV-02,2026-02-19,80422.45,4021.12,241380.37,2025-08-03
SYN-0502,Synthetic Supplier 0502 LLC,900000000000502,SYN-0502-INV-03,2026-04-07,79560.15,3978.01,241380.37,2025-08-03
SYN-0502,Synthetic Supplier 0502 LLC,900000000000502,SYN-0502-INV-04,2026-05-24,46847.41,2342.37,241380.37,2025-08-03
SYN-0503,Synthetic Supplier 0503 LLC,900000000000503,SYN-0503-INV-01,2026-01-16,60211.55,3010.58,299206.51,2026-09-04
SYN-0503,Synthetic Supplier 0503 LLC,900000000000503,SYN-0503-INV-02,2026-03-04,59370.56,2968.53,299206.51,2026-09-04
SYN-0503,Synthetic Supplier 0503 LLC,900000000000503,SYN-0503-INV-03,2026-04-20,100961.72,5048.09,299206.51,2026-09-04
SYN-0503,Synthetic Supplier 0503 LLC,900000000000503,SYN-0503-INV-04,2026-06-06,53259.61,2662.98,299206.51,2026-09-04
SYN-0503,Synthetic Supplier 0503 LLC,900000000000503,SYN-0503-INV-05,2026-07-23,58648.24,2932.41,299206.51,2026-09-04
SYN-0504,Synthetic Supplier 0504 LLC,900000000000504,SYN-0504-INV-01,2026-01-29,72321.35,3616.07,172415.2,2025-01-05
SYN-0504,Synthetic Supplier 0504 LLC,900000000000504,SYN-0504-INV-02,2026-03-17,77604.91,3880.25,172415.2,2025-01-05
SYN-0505,Synthetic Supplier 0505 LLC,900000000000505,SYN-0505-INV-01,2026-02-11,98598.43,4929.92,274089.03,
SYN-0505,Synthetic Supplier 0505 LLC,900000000000505,SYN-0505-INV-02,2026-03-30,103752.1,5187.61,274089.03,
SYN-0505,Synthetic Supplier 0505 LLC,900000000000505,SYN-0505-INV-03,2026-05-16,102192.84,5109.64,274089.03,
SYN-0506,Synthetic Supplier 0506 LLC,900000000000506,SYN-0506-INV-01,2026-02-24,49027.19,2451.36,135977.3,2025-03-07
SYN-0506,Synthetic Supplier 0506 LLC,900000000000506,SYN-0506-INV-02,2026-04-12,39610.73,1980.54,135977.3,2025-03-07
SYN-0506,Synthetic Supplier 0506 LLC,900000000000506,SYN-0506-INV-03,2026-05-29,22657.77,1132.89,135977.3,2025-03-07
SYN-0506,Synthetic Supplier 0506 LLC,900000000000506,SYN-0506-INV-04,2026-07-15,39790.2,1989.51,135977.3,2025-03-07
SYN-0507,Synthetic Supplier 0507 LLC,900000000000507,SYN-0507-INV-01,2026-03-09,21051.51,1052.58,125972.12,2026-04-08
SYN-0507,Synthetic Supplier 0507 LLC,900000000000507,SYN-0507-INV-02,2026-04-25,42627.47,2131.37,125972.12,2026-04-08
SYN-0507,Synthetic Supplier 0507 LLC,900000000000507,SYN-0507-INV-03,2026-06-11,29045.34,1452.27,125972.12,2026-04-08
SYN-0507,Synthetic Supplier 0507 LLC,900000000000507,SYN-0507-INV-04,2026-07-28,20609.23,1030.46,125972.12,2026-04-08
SYN-0507,Synthetic Supplier 0507 LLC,900000000000507,SYN-0507-INV-05,2026-09-13,26635.47,1331.77,125972.12,2026-04-08
SYN-0508,Synthetic Supplier 0508 LLC,900000000000508,SYN-0508-INV-01,2026-03-22,129507.37,6475.37,253119.35,2025-05-09
SYN-0508,Synthetic Supplier 0508 LLC,900000000000508,SYN-0508-INV-02,2026-05-08,151736.35,7586.82,253119.35,2025-05-09
SYN-0509,Synthetic Supplier 0509 LLC,900000000000509,SYN-0509-INV-01,2026-04-04,54473.49,2723.67,205304.16,2026-06-10
SYN-0509,Synthetic Supplier 0509 LLC,900000000000509,SYN-0509-INV-02,2026-05-21,53750.38,2687.52,205304.16,2026-06-10
SYN-0509,Synthetic Supplier 0509 LLC,900000000000509,SYN-0509-INV-03,2026-07-07,119891.87,5994.59,205304.16,2026-06-10
SYN-0510,Synthetic Supplier 0510 LLC,900000000000510,SYN-0510-INV-01,2026-04-17,53132.49,2656.62,144431.44,
SYN-0510,Synthetic Supplier 0510 LLC,900000000000510,SYN-0510-INV-02,2026-06-03,28425.29,1421.26,144431.44,
SYN-0510,Synthetic Supplier 0510 LLC,900000000000510,SYN-0510-INV-03,2026-07-20,49452.14,2472.61,144431.44,
SYN-0510,Synthetic Supplier 0510 LLC,900000000000510,SYN-0510-INV-04,2026-09-05,29469.45,1473.47,144431.44,
SYN-0511,Synthetic Supplier 0511 LLC,900000000000511,SYN-0511-INV-01,2026-04-30,72222.21,3611.11,316556.75,2026-08-12
SYN-0511,Synthetic Supplier 0511 LLC,900000000000511,SYN-0511-INV-02,2026-06-16,71384.56,3569.23,316556.75,2026-08-12
SYN-0511,Synthetic Supplier 0511 LLC,900000000000511,SYN-0511-INV-03,2026-08-02,43160.01,2158,316556.75,2026-08-12
SYN-0511,Synthetic Supplier 0511 LLC,900000000000511,SYN-0511-INV-04,2026-09-18,54940.87,2747.04,316556.75,2026-08-12
SYN-0511,Synthetic Supplier 0511 LLC,900000000000511,SYN-0511-INV-05,2025-11-09,33559.09,1677.95,316556.75,2026-08-12
SYN-0512,Synthetic Supplier 0512 LLC,900000000000512,SYN-0512-INV-01,2026-05-13,187304.85,9365.24,283138.14,2025-09-13
SYN-0512,Synthetic Supplier 0512 LLC,900000000000512,SYN-0512-INV-02,2026-06-29,127293.08,6364.65,283138.14,2025-09-13
SYN-0513,Synthetic Supplier 0513 LLC,900000000000513,SYN-0513-INV-01,2026-05-26,93192.28,4659.61,267238.02,2026-01-14
SYN-0513,Synthetic Supplier 0513 LLC,900000000000513,SYN-0513-INV-02,2026-07-12,130197.84,6509.89,267238.02,2026-01-14
SYN-0513,Synthetic Supplier 0513 LLC,900000000000513,SYN-0513-INV-03,2026-08-28,73541.01,3677.05,267238.02,2026-01-14
SYN-0514,Synthetic Supplier 0514 LLC,900000000000514,SYN-0514-INV-01,2026-06-08,50942.16,2547.11,201888.86,2025-02-15
SYN-0514,Synthetic Supplier 0514 LLC,900000000000514,SYN-0514-INV-02,2026-07-25,70234.99,3511.75,201888.86,2025-02-15
SYN-0514,Synthetic Supplier 0514 LLC,900000000000514,SYN-0514-INV-03,2026-09-10,58275,2913.75,201888.86,2025-02-15
SYN-0514,Synthetic Supplier 0514 LLC,900000000000514,SYN-0514-INV-04,2025-11-01,44868.81,2243.44,201888.86,2025-02-15
SYN-0515,Synthetic Supplier 0515 LLC,900000000000515,SYN-0515-INV-01,2026-06-21,43167.12,2158.36,180977.84,
SYN-0515,Synthetic Supplier 0515 LLC,900000000000515,SYN-0515-INV-02,2026-08-07,45593.22,2279.66,180977.84,
SYN-0515,Synthetic Supplier 0515 LLC,900000000000515,SYN-0515-INV-03,2026-09-23,46117.42,2305.87,180977.84,
SYN-0515,Synthetic Supplier 0515 LLC,900000000000515,SYN-0515-INV-04,2025-11-14,41377.4,2068.87,180977.84,
SYN-0515,Synthetic Supplier 0515 LLC,900000000000515,SYN-0515-INV-05,2025-12-31,24831.33,1241.57,180977.84,
SYN-0516,Synthetic Supplier 0516 LLC,900000000000516,SYN-0516-INV-01,2026-07-04,122959.54,6147.98,264215.94,2025-04-17
SYN-0516,Synthetic Supplier 0516 LLC,900000000000516,SYN-0516-INV-02,2026-08-20,170613.73,8530.69,264215.94,2025-04-17
SYN-0517,Synthetic Supplier 0517 LLC,900000000000517,SYN-0517-INV-01,2026-07-17,54367.57,2718.38,125374.9,2026-05-18
SYN-0517,Synthetic Supplier 0517 LLC,900000000000517,SYN-0517-INV-02,2026-09-02,55193.14,2759.66,125374.9,2026-05-18
SYN-0517,Synthetic Supplier 0517 LLC,900000000000517,SYN-0517-INV-03,2025-10-24,29744.73,1487.24,125374.9,2026-05-18
SYN-0518,Synthetic Supplier 0518 LLC,900000000000518,SYN-0518-INV-01,2026-07-30,59042.69,2952.13,230762.67,2025-06-19
SYN-0518,Synthetic Supplier 0518 LLC,900000000000518,SYN-0518-INV-02,2026-09-15,38891.37,1944.57,230762.67,2025-06-19
SYN-0518,Synthetic Supplier 0518 LLC,900000000000518,SYN-0518-INV-03,2025-11-06,54704.37,2735.22,230762.67,2025-06-19
SYN-0518,Synthetic Supplier 0518 LLC,900000000000518,SYN-0518-INV-04,2025-12-23,48024.75,2401.24,230762.67,2025-06-19
SYN-0519,Synthetic Supplier 0519 LLC,900000000000519,SYN-0519-INV-01,2026-08-12,27087.51,1354.38,99147.66,2026-07-20
SYN-0519,Synthetic Supplier 0519 LLC,900000000000519,SYN-0519-INV-02,2025-10-03,15772.02,788.6,99147.66,2026-07-20
SYN-0519,Synthetic Supplier 0519 LLC,900000000000519,SYN-0519-INV-03,2025-11-19,29688.36,1484.42,99147.66,2026-07-20
SYN-0519,Synthetic Supplier 0519 LLC,900000000000519,SYN-0519-INV-04,2026-01-05,12873.09,643.65,99147.66,2026-07-20
SYN-0519,Synthetic Supplier 0519 LLC,900000000000519,SYN-0519-INV-05,2026-02-21,24743.08,1237.15,99147.66,2026-07-20
SYN-0520,Synthetic Supplier 0520 LLC,900000000000520,SYN-0520-INV-01,2026-08-25,112571.71,5628.59,155139.8,
SYN-0520,Synthetic Supplier 0520 LLC,900000000000520,SYN-0520-INV-02,2025-10-16,59805.85,2990.29,155139.8,
SYN-0521,Synthetic Supplier 0521 LLC,900000000000521,SYN-0521-INV-01,2026-09-07,93249.55,4662.48,261969.95,2026-09-22
SYN-0521,Synthetic Supplier 0521 LLC,900000000000521,SYN-0521-INV-02,2025-10-29,100836.94,5041.85,261969.95,2026-09-22
SYN-0521,Synthetic Supplier 0521 LLC,900000000000521,SYN-0521-INV-03,2025-12-15,96991.23,4849.56,261969.95,2026-09-22
SYN-0522,Synthetic Supplier 0522 LLC,900000000000522,SYN-0522-INV-01,2026-09-20,62230.4,3111.52,180843.25,2025-01-23
SYN-0522,Synthetic Supplier 0522 LLC,900000000000522,SYN-0522-INV-02,2025-11-11,49434.49,2471.72,180843.25,2025-01-23
SYN-0522,Synthetic Supplier 0522 LLC,900000000000522,SYN-0522-INV-03,2025-12-28,61172.83,3058.64,180843.25,2025-01-23
SYN-0522,Synthetic Supplier 0522 LLC,900000000000522,SYN-0522-INV-04,2026-02-13,28099.23,1404.96,180843.25,2025-01-23
SYN-0523,Synthetic Supplier 0523 LLC,900000000000523,SYN-0523-INV-01,2025-10-08,33826.33,1691.32,145814.49,2026-02-24
SYN-0523,Synthetic Supplier 0523 LLC,900000000000523,SYN-0523-INV-02,2025-11-24,47948.98,2397.45,145814.49,2026-02-24
SYN-0523,Synthetic Supplier 0523 LLC,900000000000523,SYN-0523-INV-03,2026-01-10,23551.86,1177.59,145814.49,2026-02-24
SYN-0523,Synthetic Supplier 0523 LLC,900000000000523,SYN-0523-INV-04,2026-02-26,22673.07,1133.65,145814.49,2026-02-24
SYN-0523,Synthetic Supplier 0523 LLC,900000000000523,SYN-0523-INV-05,2026-04-14,34015.85,1700.79,145814.49,2026-02-24
SYN-0524,Synthetic Supplier 0524 LLC,900000000000524,SYN-0524-INV-01,2025-10-21,151441.51,7572.08,236888.85,2025-03-25
SYN-0524,Synthetic Supplier 0524 LLC,900000000000524,SYN-0524-INV-02,2025-12-07,111768.32,5588.42,236888.85,2025-03-25
SYN-0525,Synthetic Supplier 0525 LLC,900000000000525,SYN-0525-INV-01,2025-11-03,74517.29,3725.86,195934,
SYN-0525,Synthetic Supplier 0525 LLC,900000000000525,SYN-0525-INV-02,2025-12-20,39725.96,1986.3,195934,
SYN-0525,Synthetic Supplier 0525 LLC,900000000000525,SYN-0525-INV-03,2026-02-05,56134.15,2806.71,195934,
SYN-0526,Synthetic Supplier 0526 LLC,900000000000526,SYN-0526-INV-01,2025-11-16,60508.27,3025.41,240636.93,2025-05-02
SYN-0526,Synthetic Supplier 0526 LLC,900000000000526,SYN-0526-INV-02,2026-01-02,72763.32,3638.17,240636.93,2025-05-02
SYN-0526,Synthetic Supplier 0526 LLC,900000000000526,SYN-0526-INV-03,2026-02-18,48970.48,2448.52,240636.93,2025-05-02
SYN-0526,Synthetic Supplier 0526 LLC,900000000000526,SYN-0526-INV-04,2026-04-06,85132.29,4256.61,240636.93,2025-05-02
SYN-0527,Synthetic Supplier 0527 LLC,900000000000527,SYN-0527-INV-01,2025-11-29,16787.37,839.37,105975.77,2026-06-03
SYN-0527,Synthetic Supplier 0527 LLC,900000000000527,SYN-0527-INV-02,2026-01-15,27099.15,1354.96,105975.77,2026-06-03
SYN-0527,Synthetic Supplier 0527 LLC,900000000000527,SYN-0527-INV-03,2026-03-03,28703.46,1435.17,105975.77,2026-06-03
SYN-0527,Synthetic Supplier 0527 LLC,900000000000527,SYN-0527-INV-04,2026-04-19,16300.35,815.02,105975.77,2026-06-03
SYN-0527,Synthetic Supplier 0527 LLC,900000000000527,SYN-0527-INV-05,2026-06-05,28860.52,1443.03,105975.77,2026-06-03
SYN-0528,Synthetic Supplier 0528 LLC,900000000000528,SYN-0528-INV-01,2025-12-12,127648.25,6382.41,232306.9,2025-07-04
SYN-0528,Synthetic Supplier 0528 LLC,900000000000528,SYN-0528-INV-02,2026-01-28,130470.53,6523.53,232306.9,2025-07-04
SYN-0529,Synthetic Supplier 0529 LLC,900000000000529,SYN-0529-INV-01,2025-12-25,60767.35,3038.37,182520.4,2026-08-05
SYN-0529,Synthetic Supplier 0529 LLC,900000000000529,SYN-0529-INV-02,2026-02-10,56959.13,2847.96,182520.4,2026-08-05
SYN-0529,Synthetic Supplier 0529 LLC,900000000000529,SYN-0529-INV-03,2026-03-29,85073.96,4253.7,182520.4,2026-08-05
SYN-0530,Synthetic Supplier 0530 LLC,900000000000530,SYN-0530-INV-01,2026-01-07,45969.39,2298.47,159356.5,
SYN-0530,Synthetic Supplier 0530 LLC,900000000000530,SYN-0530-INV-02,2026-02-23,41666.46,2083.32,159356.5,
SYN-0530,Synthetic Supplier 0530 LLC,900000000000530,SYN-0530-INV-03,2026-04-11,37416.75,1870.84,159356.5,
SYN-0530,Synthetic Supplier 0530 LLC,900000000000530,SYN-0530-INV-04,2026-05-28,52010.19,2600.51,159356.5,
SYN-0531,Synthetic Supplier 0531 LLC,900000000000531,SYN-0531-INV-01,2026-01-20,34478.52,1723.93,201791.07,2026-01-07
SYN-0531,Synthetic Supplier 0531 LLC,900000000000531,SYN-0531-INV-02,2026-03-08,31582.04,1579.1,201791.07,2026-01-07
SYN-0531,Synthetic Supplier 0531 LLC,900000000000531,SYN-0531-INV-03,2026-04-24,57648.43,2882.42,201791.07,2026-01-07
SYN-0531,Synthetic Supplier 0531 LLC,900000000000531,SYN-0531-INV-04,2026-06-10,54503.23,2725.16,201791.07,2026-01-07
SYN-0531,Synthetic Supplier 0531 LLC,900000000000531,SYN-0531-INV-05,2026-07-27,46000.08,2300,201791.07,2026-01-07
SYN-0532,Synthetic Supplier 0532 LLC,900000000000532,SYN-0532-INV-01,2026-02-02,66747.39,3337.37,191609.76,2025-02-08
SYN-0532,Synthetic Supplier 0532 LLC,900000000000532,SYN-0532-INV-02,2026-03-21,99869.79,4993.49,191609.76,2025-02-08
SYN-0533,Synthetic Supplier 0533 LLC,900000000000533,SYN-0533-INV-01,2026-02-15,61923.25,3096.16,197622.65,2026-03-09
SYN-0533,Synthetic Supplier 0533 LLC,900000000000533,SYN-0533-INV-02,2026-04-03,81874.36,4093.72,197622.65,2026-03-09
SYN-0533,Synthetic Supplier 0533 LLC,900000000000533,SYN-0533-INV-03,2026-05-20,75783.11,3789.16,197622.65,2026-03-09
SYN-0534,Synthetic Supplier 0534 LLC,900000000000534,SYN-0534-INV-01,2026-02-28,47294.01,2364.7,141144.29,2025-04-10
SYN-0534,Synthetic Supplier 0534 LLC,900000000000534,SYN-0534-INV-02,2026-04-16,52651.87,2632.59,141144.29,2025-04-10
SYN-0534,Synthetic Supplier 0534 LLC,900000000000534,SYN-0534-INV-03,2026-06-02,25827.08,1291.35,141144.29,2025-04-10
SYN-0534,Synthetic Supplier 0534 LLC,900000000000534,SYN-0534-INV-04,2026-07-19,31054.03,1552.7,141144.29,2025-04-10
SYN-0535,Synthetic Supplier 0535 LLC,900000000000535,SYN-0535-INV-01,2026-03-13,36423.6,1821.18,129658.06,
SYN-0535,Synthetic Supplier 0535 LLC,900000000000535,SYN-0535-INV-02,2026-04-29,33325.01,1666.25,129658.06,
SYN-0535,Synthetic Supplier 0535 LLC,900000000000535,SYN-0535-INV-03,2026-06-15,30014.71,1500.74,129658.06,
SYN-0535,Synthetic Supplier 0535 LLC,900000000000535,SYN-0535-INV-04,2026-08-01,24245.06,1212.25,129658.06,
SYN-0535,Synthetic Supplier 0535 LLC,900000000000535,SYN-0535-INV-05,2026-09-17,20056.13,1002.81,129658.06,
SYN-0536,Synthetic Supplier 0536 LLC,900000000000536,SYN-0536-INV-01,2026-03-26,135613.93,6780.7,299628.15,2025-06-12
SYN-0536,Synthetic Supplier 0536 LLC,900000000000536,SYN-0536-INV-02,2026-05-12,197306.24,9865.31,299628.15,2025-06-12
SYN-0537,Synthetic Supplier 0537 LLC,900000000000537,SYN-0537-INV-01,2026-04-08,43456.93,2172.85,113958.6,2026-07-13
SYN-0537,Synthetic Supplier 0537 LLC,900000000000537,SYN-0537-INV-02,2026-05-25,46139.11,2306.96,113958.6,2026-07-13
SYN-0537,Synthetic Supplier 0537 LLC,900000000000537,SYN-0537-INV-03,2026-07-11,37024.63,1851.23,113958.6,2026-07-13
SYN-0538,Synthetic Supplier 0538 LLC,900000000000538,SYN-0538-INV-01,2026-04-21,52201.57,2610.08,240519.28,2025-08-14
SYN-0538,Synthetic Supplier 0538 LLC,900000000000538,SYN-0538-INV-02,2026-06-07,79647.33,3982.37,240519.28,2025-08-14
SYN-0538,Synthetic Supplier 0538 LLC,900000000000538,SYN-0538-INV-03,2026-07-24,90232.87,4511.64,240519.28,2025-08-14
SYN-0538,Synthetic Supplier 0538 LLC,900000000000538,SYN-0538-INV-04,2026-09-09,45161.88,2258.09,240519.28,2025-08-14
SYN-0539,Synthetic Supplier 0539 LLC,900000000000539,SYN-0539-INV-01,2026-05-04,28467.16,1423.36,201621.28,2026-09-15
SYN-0539,Synthetic Supplier 0539 LLC,900000000000539,SYN-0539-INV-02,2026-06-20,43353.08,2167.65,201621.28,2026-09-15
SYN-0539,Synthetic Supplier 0539 LLC,900000000000539,SYN-0539-INV-03,2026-08-06,37273.61,1863.68,201621.28,2026-09-15
SYN-0539,Synthetic Supplier 0539 LLC,900000000000539,SYN-0539-INV-04,2026-09-22,37332.77,1866.64,201621.28,2026-09-15
SYN-0539,Synthetic Supplier 0539 LLC,900000000000539,SYN-0539-INV-05,2025-11-13,28896.23,1444.81,201621.28,2026-09-15
SYN-0540,Synthetic Supplier 0540 LLC,900000000000540,SYN-0540-INV-01,2026-05-17,185070.45,9253.52,279509.98,
SYN-0540,Synthetic Supplier 0540 LLC,900000000000540,SYN-0540-INV-02,2026-07-03,125496.2,6274.81,279509.98,
SYN-0541,Synthetic Supplier 0541 LLC,900000000000541,SYN-0541-INV-01,2026-05-30,71722.19,3586.11,278635.06,2026-02-17
SYN-0541,Synthetic Supplier 0541 LLC,900000000000541,SYN-0541-INV-02,2026-07-16,130763.34,6538.17,278635.06,2026-02-17
SYN-0541,Synthetic Supplier 0541 LLC,900000000000541,SYN-0541-INV-03,2026-09-01,107108.98,5355.45,278635.06,2026-02-17
SYN-0542,Synthetic Supplier 0542 LLC,900000000000542,SYN-0542-INV-01,2026-06-12,96235.68,4811.78,300054.09,2025-03-18
SYN-0542,Synthetic Supplier 0542 LLC,900000000000542,SYN-0542-INV-02,2026-07-29,55824.89,2791.24,300054.09,2025-03-18
SYN-0542,Synthetic Supplier 0542 LLC,900000000000542,SYN-0542-INV-03,2026-09-14,68513.37,3425.67,300054.09,2025-03-18
SYN-0542,Synthetic Supplier 0542 LLC,900000000000542,SYN-0542-INV-04,2025-11-05,112819.49,5640.97,300054.09,2025-03-18
SYN-0543,Synthetic Supplier 0543 LLC,900000000000543,SYN-0543-INV-01,2026-06-25,84787.04,4239.35,309511.69,2026-04-19
SYN-0543,Synthetic Supplier 0543 LLC,900000000000543,SYN-0543-INV-02,2026-08-11,63454.52,3172.73,309511.69,2026-04-19
SYN-0543,Synthetic Supplier 0543 LLC,900000000000543,SYN-0543-INV-03,2025-10-02,43927.58,2196.38,309511.69,2026-04-19
SYN-0543,Synthetic Supplier 0543 LLC,900000000000543,SYN-0543-INV-04,2025-11-18,90326.39,4516.32,309511.69,2026-04-19
SYN-0543,Synthetic Supplier 0543 LLC,900000000000543,SYN-0543-INV-05,2026-01-04,61406.36,3070.32,309511.69,2026-04-19
SYN-0544,Synthetic Supplier 0544 LLC,900000000000544,SYN-0544-INV-01,2026-07-08,68760.38,3438.02,122783.87,2025-05-20
SYN-0544,Synthetic Supplier 0544 LLC,900000000000544,SYN-0544-INV-02,2026-08-24,67666.14,3383.31,122783.87,2025-05-20
SYN-0545,Synthetic Supplier 0545 LLC,900000000000545,SYN-0545-INV-01,2026-07-21,66523.23,3326.16,148561.53,
SYN-0545,Synthetic Supplier 0545 LLC,900000000000545,SYN-0545-INV-02,2026-09-06,58949.52,2947.48,148561.53,
SYN-0545,Synthetic Supplier 0545 LLC,900000000000545,SYN-0545-INV-03,2025-10-28,39595.62,1979.78,148561.53,
SYN-0546,Synthetic Supplier 0546 LLC,900000000000546,SYN-0546-INV-01,2026-08-03,58414.49,2920.72,402231,2025-07-22
SYN-0546,Synthetic Supplier 0546 LLC,900000000000546,SYN-0546-INV-02,2026-09-19,131538.83,6576.94,402231,2025-07-22
SYN-0546,Synthetic Supplier 0546 LLC,900000000000546,SYN-0546-INV-03,2025-11-10,78324.19,3916.21,402231,2025-07-22
SYN-0546,Synthetic Supplier 0546 LLC,900000000000546,SYN-0546-INV-04,2025-12-27,81488.58,4074.43,402231,2025-07-22
SYN-0547,Synthetic Supplier 0547 LLC,900000000000547,SYN-0547-INV-01,2026-08-16,48024.53,2401.23,211536.01,2026-08-23
SYN-0547,Synthetic Supplier 0547 LLC,900000000000547,SYN-0547-INV-02,2025-10-07,36148.17,1807.41,211536.01,2026-08-23
SYN-0547,Synthetic Supplier 0547 LLC,900000000000547,SYN-0547-INV-03,2025-11-23,65096.87,3254.84,211536.01,2026-08-23
SYN-0547,Synthetic Supplier 0547 LLC,900000000000547,SYN-0547-INV-04,2026-01-09,31491.06,1574.55,211536.01,2026-08-23
SYN-0547,Synthetic Supplier 0547 LLC,900000000000547,SYN-0547-INV-05,2026-02-25,54279.38,2713.97,211536.01,2026-08-23
SYN-0548,Synthetic Supplier 0548 LLC,900000000000548,SYN-0548-INV-01,2026-08-29,126009.91,6300.5,258528.06,2025-09-24
SYN-0548,Synthetic Supplier 0548 LLC,900000000000548,SYN-0548-INV-02,2025-10-20,161243.49,8062.17,258528.06,2025-09-24
SYN-0549,Synthetic Supplier 0549 LLC,900000000000549,SYN-0549-INV-01,2026-09-11,74856.83,3742.84,213757.7,2026-01-25
SYN-0549,Synthetic Supplier 0549 LLC,900000000000549,SYN-0549-INV-02,2025-11-02,79125.21,3956.26,213757.7,2026-01-25
SYN-0549,Synthetic Supplier 0549 LLC,900000000000549,SYN-0549-INV-03,2025-12-19,83526.52,4176.33,213757.7,2026-01-25
SYN-0550,Synthetic Supplier 0550 LLC,900000000000550,SYN-0550-INV-01,2026-09-24,40534.98,2026.75,238377.1,
SYN-0550,Synthetic Supplier 0550 LLC,900000000000550,SYN-0550-INV-02,2025-11-15,77928.61,3896.43,238377.1,
SYN-0550,Synthetic Supplier 0550 LLC,900000000000550,SYN-0550-INV-03,2026-01-01,72715.49,3635.77,238377.1,
SYN-0550,Synthetic Supplier 0550 LLC,900000000000550,SYN-0550-INV-04,2026-02-17,73684.36,3684.22,238377.1,
SYN-0551,Synthetic Supplier 0551 LLC,900000000000551,SYN-0551-INV-01,2025-10-12,58543.57,2927.18,225485.95,2026-03-02
SYN-0551,Synthetic Supplier 0551 LLC,900000000000551,SYN-0551-INV-02,2025-11-28,37587.02,1879.35,225485.95,2026-03-02
SYN-0551,Synthetic Supplier 0551 LLC,900000000000551,SYN-0551-INV-03,2026-01-14,32394,1619.7,225485.95,2026-03-02
SYN-0551,Synthetic Supplier 0551 LLC,900000000000551,SYN-0551-INV-04,2026-03-02,71552.89,3577.64,225485.95,2026-03-02
SYN-0551,Synthetic Supplier 0551 LLC,900000000000551,SYN-0551-INV-05,2026-04-18,50462.48,2523.12,225485.95,2026-03-02
SYN-0552,Synthetic Supplier 0552 LLC,900000000000552,SYN-0552-INV-01,2025-10-25,156587.74,7829.39,291668.85,2025-04-03
SYN-0552,Synthetic Supplier 0552 LLC,900000000000552,SYN-0552-INV-02,2025-12-11,167488.76,8374.44,291668.85,2025-04-03
SYN-0553,Synthetic Supplier 0553 LLC,900000000000553,SYN-0553-INV-01,2025-11-07,100434.43,5021.72,290356.26,2026-05-04
SYN-0553,Synthetic Supplier 0553 LLC,900000000000553,SYN-0553-INV-02,2025-12-24,71217.08,3560.85,290356.26,2026-05-04
SYN-0553,Synthetic Supplier 0553 LLC,900000000000553,SYN-0553-INV-03,2026-02-09,80832.19,4041.61,290356.26,2026-05-04
SYN-0554,Synthetic Supplier 0554 LLC,900000000000554,SYN-0554-INV-01,2025-11-20,32504.29,1625.21,160027.32,2025-06-05
SYN-0554,Synthetic Supplier 0554 LLC,900000000000554,SYN-0554-INV-02,2026-01-06,59496,2974.8,160027.32,2025-06-05
SYN-0554,Synthetic Supplier 0554 LLC,900000000000554,SYN-0554-INV-03,2026-02-22,42634.22,2131.71,160027.32,2025-06-05
SYN-0554,Synthetic Supplier 0554 LLC,900000000000554,SYN-0554-INV-04,2026-04-10,43173.62,2158.68,160027.32,2025-06-05
SYN-0555,Synthetic Supplier 0555 LLC,900000000000555,SYN-0555-INV-01,2025-12-03,30422.32,1521.12,137425.28,
SYN-0555,Synthetic Supplier 0555 LLC,900000000000555,SYN-0555-INV-02,2026-01-19,34068.79,1703.44,137425.28,
SYN-0555,Synthetic Supplier 0555 LLC,900000000000555,SYN-0555-INV-03,2026-03-07,41018.43,2050.92,137425.28,
SYN-0555,Synthetic Supplier 0555 LLC,900000000000555,SYN-0555-INV-04,2026-04-23,24285.28,1214.26,137425.28,
SYN-0555,Synthetic Supplier 0555 LLC,900000000000555,SYN-0555-INV-05,2026-06-09,22899.93,1145,137425.28,
SYN-0556,Synthetic Supplier 0556 LLC,900000000000556,SYN-0556-INV-01,2025-12-16,73667.41,3683.37,206458.25,2025-08-07
SYN-0556,Synthetic Supplier 0556 LLC,900000000000556,SYN-0556-INV-02,2026-02-01,155730.64,7786.53,206458.25,2025-08-07
SYN-0557,Synthetic Supplier 0557 LLC,900000000000557,SYN-0557-INV-01,2025-12-29,92366.02,4618.3,243109.41,2026-09-08
SYN-0557,Synthetic Supplier 0557 LLC,900000000000557,SYN-0557-INV-02,2026-02-14,98087.88,4904.39,243109.41,2026-09-08
SYN-0557,Synthetic Supplier 0557 LLC,900000000000557,SYN-0557-INV-03,2026-04-02,79667.67,3983.38,243109.41,2026-09-08
SYN-0558,Synthetic Supplier 0558 LLC,900000000000558,SYN-0558-INV-01,2026-01-11,53471.68,2673.58,258726.36,2025-01-09
SYN-0558,Synthetic Supplier 0558 LLC,900000000000558,SYN-0558-INV-02,2026-02-27,64866.83,3243.34,258726.36,2025-01-09
SYN-0558,Synthetic Supplier 0558 LLC,900000000000558,SYN-0558-INV-03,2026-04-15,72095.85,3604.79,258726.36,2025-01-09
SYN-0558,Synthetic Supplier 0558 LLC,900000000000558,SYN-0558-INV-04,2026-06-01,97039.38,4851.97,258726.36,2025-01-09
SYN-0559,Synthetic Supplier 0559 LLC,900000000000559,SYN-0559-INV-01,2026-01-24,54927.52,2746.38,237702.47,2026-02-10
SYN-0559,Synthetic Supplier 0559 LLC,900000000000559,SYN-0559-INV-02,2026-03-12,58547.26,2927.36,237702.47,2026-02-10
SYN-0559,Synthetic Supplier 0559 LLC,900000000000559,SYN-0559-INV-03,2026-04-28,39151.72,1957.59,237702.47,2026-02-10
SYN-0559,Synthetic Supplier 0559 LLC,900000000000559,SYN-0559-INV-04,2026-06-14,62561.73,3128.09,237702.47,2026-02-10
SYN-0559,Synthetic Supplier 0559 LLC,900000000000559,SYN-0559-INV-05,2026-07-31,48925.64,2446.28,237702.47,2026-02-10
SYN-0560,Synthetic Supplier 0560 LLC,900000000000560,SYN-0560-INV-01,2026-02-06,97409.54,4870.48,205202.72,
SYN-0560,Synthetic Supplier 0560 LLC,900000000000560,SYN-0560-INV-02,2026-03-25,81027.61,4051.38,205202.72,
SYN-0561,Synthetic Supplier 0561 LLC,900000000000561,SYN-0561-INV-01,2026-02-19,47108.02,2355.4,117241.87,2026-04-12
SYN-0561,Synthetic Supplier 0561 LLC,900000000000561,SYN-0561-INV-02,2026-04-07,37165.36,1858.27,117241.87,2026-04-12
SYN-0561,Synthetic Supplier 0561 LLC,900000000000561,SYN-0561-INV-03,2026-05-24,45995.36,2299.77,117241.87,2026-04-12
SYN-0562,Synthetic Supplier 0562 LLC,900000000000562,SYN-0562-INV-01,2026-03-04,83485.24,4174.26,287656.12,2025-05-13
SYN-0562,Synthetic Supplier 0562 LLC,900000000000562,SYN-0562-INV-02,2026-04-20,80539.15,4026.96,287656.12,2025-05-13
SYN-0562,Synthetic Supplier 0562 LLC,900000000000562,SYN-0562-INV-03,2026-06-06,82772.99,4138.65,287656.12,2025-05-13
SYN-0562,Synthetic Supplier 0562 LLC,900000000000562,SYN-0562-INV-04,2026-07-23,72820.52,3641.03,287656.12,2025-05-13
SYN-0563,Synthetic Supplier 0563 LLC,900000000000563,SYN-0563-INV-01,2026-03-17,34194.03,1709.7,170536.46,2026-06-14
SYN-0563,Synthetic Supplier 0563 LLC,900000000000563,SYN-0563-INV-02,2026-05-03,49750.27,2487.51,170536.46,2026-06-14
SYN-0563,Synthetic Supplier 0563 LLC,900000000000563,SYN-0563-INV-03,2026-06-19,32066.54,1603.33,170536.46,2026-06-14
SYN-0563,Synthetic Supplier 0563 LLC,900000000000563,SYN-0563-INV-04,2026-08-05,45271.47,2263.57,170536.46,2026-06-14
SYN-0563,Synthetic Supplier 0563 LLC,900000000000563,SYN-0563-INV-05,2026-09-21,28202.64,1410.13,170536.46,2026-06-14
SYN-0564,Synthetic Supplier 0564 LLC,900000000000564,SYN-0564-INV-01,2026-03-30,129136.45,6456.82,225089.35,2025-07-15
SYN-0564,Synthetic Supplier 0564 LLC,900000000000564,SYN-0564-INV-02,2026-05-16,120962.83,6048.14,225089.35,2025-07-15
SYN-0565,Synthetic Supplier 0565 LLC,900000000000565,SYN-0565-INV-01,2026-04-12,81898.4,4094.92,229171.28,
SYN-0565,Synthetic Supplier 0565 LLC,900000000000565,SYN-0565-INV-02,2026-05-29,96719.4,4835.97,229171.28,
SYN-0565,Synthetic Supplier 0565 LLC,900000000000565,SYN-0565-INV-03,2026-07-15,76016.96,3800.85,229171.28,
SYN-0566,Synthetic Supplier 0566 LLC,900000000000566,SYN-0566-INV-01,2026-04-25,64580.98,3229.05,240332.64,2025-09-17
SYN-0566,Synthetic Supplier 0566 LLC,900000000000566,SYN-0566-INV-02,2026-06-11,78108.09,3905.4,240332.64,2025-09-17
SYN-0566,Synthetic Supplier 0566 LLC,900000000000566,SYN-0566-INV-03,2026-07-28,77633.27,3881.66,240332.64,2025-09-17
SYN-0566,Synthetic Supplier 0566 LLC,900000000000566,SYN-0566-INV-04,2026-09-13,46713.93,2335.7,240332.64,2025-09-17
SYN-0567,Synthetic Supplier 0567 LLC,900000000000567,SYN-0567-INV-01,2026-05-08,42443.14,2122.16,180742.93,2026-01-18
SYN-0567,Synthetic Supplier 0567 LLC,900000000000567,SYN-0567-INV-02,2026-06-24,35938.71,1796.94,180742.93,2026-01-18
SYN-0567,Synthetic Supplier 0567 LLC,900000000000567,SYN-0567-INV-03,2026-08-10,17771.9,888.6,180742.93,2026-01-18
SYN-0567,Synthetic Supplier 0567 LLC,900000000000567,SYN-0567-INV-04,2026-09-26,29052.91,1452.65,180742.93,2026-01-18
SYN-0567,Synthetic Supplier 0567 LLC,900000000000567,SYN-0567-INV-05,2025-11-17,31961.11,1598.06,180742.93,2026-01-18
SYN-0568,Synthetic Supplier 0568 LLC,900000000000568,SYN-0568-INV-01,2026-05-21,170414.94,8520.75,234014.39,2025-02-19
SYN-0568,Synthetic Supplier 0568 LLC,900000000000568,SYN-0568-INV-02,2026-07-07,89601.04,4480.05,234014.39,2025-02-19
SYN-0569,Synthetic Supplier 0569 LLC,900000000000569,SYN-0569-INV-01,2026-06-03,58014.91,2900.75,163613.35,2026-03-20
SYN-0569,Synthetic Supplier 0569 LLC,900000000000569,SYN-0569-INV-02,2026-07-20,58374.63,2918.73,163613.35,2026-03-20
SYN-0569,Synthetic Supplier 0569 LLC,900000000000569,SYN-0569-INV-03,2026-09-05,65403.07,3270.15,163613.35,2026-03-20
SYN-0570,Synthetic Supplier 0570 LLC,900000000000570,SYN-0570-INV-01,2026-06-16,80615.16,4030.76,258456.2,
SYN-0570,Synthetic Supplier 0570 LLC,900000000000570,SYN-0570-INV-02,2026-08-02,45654.9,2282.75,258456.2,
SYN-0570,Synthetic Supplier 0570 LLC,900000000000570,SYN-0570-INV-03,2026-09-18,82846.5,4142.33,258456.2,
SYN-0570,Synthetic Supplier 0570 LLC,900000000000570,SYN-0570-INV-04,2025-11-09,78056.99,3902.85,258456.2,
SYN-0571,Synthetic Supplier 0571 LLC,900000000000571,SYN-0571-INV-01,2026-06-29,41479.62,2073.98,296530.04,2026-05-22
SYN-0571,Synthetic Supplier 0571 LLC,900000000000571,SYN-0571-INV-02,2026-08-15,66897.44,3344.87,296530.04,2026-05-22
SYN-0571,Synthetic Supplier 0571 LLC,900000000000571,SYN-0571-INV-03,2025-10-06,75258.49,3762.92,296530.04,2026-05-22
SYN-0571,Synthetic Supplier 0571 LLC,900000000000571,SYN-0571-INV-04,2025-11-22,74151.81,3707.59,296530.04,2026-05-22
SYN-0571,Synthetic Supplier 0571 LLC,900000000000571,SYN-0571-INV-05,2026-01-08,71690.46,3584.52,296530.04,2026-05-22
SYN-0572,Synthetic Supplier 0572 LLC,900000000000572,SYN-0572-INV-01,2026-07-12,73051.38,3652.57,124607.72,2025-06-23
SYN-0572,Synthetic Supplier 0572 LLC,900000000000572,SYN-0572-INV-02,2026-08-28,65401.64,3270.08,124607.72,2025-06-23
SYN-0573,Synthetic Supplier 0573 LLC,900000000000573,SYN-0573-INV-01,2026-07-25,75414.66,3770.73,189962.29,2026-07-24
SYN-0573,Synthetic Supplier 0573 LLC,900000000000573,SYN-0573-INV-02,2026-09-10,83518.02,4175.9,189962.29,2026-07-24
SYN-0573,Synthetic Supplier 0573 LLC,900000000000573,SYN-0573-INV-03,2025-11-01,52136.53,2606.83,189962.29,2026-07-24
SYN-0574,Synthetic Supplier 0574 LLC,900000000000574,SYN-0574-INV-01,2026-08-07,39190.15,1959.51,165304.65,2025-08-25
SYN-0574,Synthetic Supplier 0574 LLC,900000000000574,SYN-0574-INV-02,2026-09-23,24814.3,1240.71,165304.65,2025-08-25
SYN-0574,Synthetic Supplier 0574 LLC,900000000000574,SYN-0574-INV-03,2025-11-14,52058.57,2602.93,165304.65,2025-08-25
SYN-0574,Synthetic Supplier 0574 LLC,900000000000574,SYN-0574-INV-04,2025-12-31,27680.16,1384.01,165304.65,2025-08-25
SYN-0575,Synthetic Supplier 0575 LLC,900000000000575,SYN-0575-INV-01,2026-08-20,66059.97,3303,253929.74,
SYN-0575,Synthetic Supplier 0575 LLC,900000000000575,SYN-0575-INV-02,2025-10-11,47725.66,2386.28,253929.74,
SYN-0575,Synthetic Supplier 0575 LLC,900000000000575,SYN-0575-INV-03,2025-11-27,41943.49,2097.17,253929.74,
SYN-0575,Synthetic Supplier 0575 LLC,900000000000575,SYN-0575-INV-04,2026-01-13,63601.82,3180.09,253929.74,
SYN-0575,Synthetic Supplier 0575 LLC,900000000000575,SYN-0575-INV-05,2026-03-01,62813.21,3140.66,253929.74,
SYN-0576,Synthetic Supplier 0576 LLC,900000000000576,SYN-0576-INV-01,2026-09-02,177793.37,8889.67,305272.1,2025-01-02
SYN-0576,Synthetic Supplier 0576 LLC,900000000000576,SYN-0576-INV-02,2025-10-24,161397.85,8069.89,305272.1,2025-01-02
SYN-0577,Synthetic Supplier 0577 LLC,900000000000577,SYN-0577-INV-01,2026-09-15,85861.65,4293.08,199262.67,2026-02-03
SYN-0577,Synthetic Supplier 0577 LLC,900000000000577,SYN-0577-INV-02,2025-11-06,54023.81,2701.19,199262.67,2026-02-03
SYN-0577,Synthetic Supplier 0577 LLC,900000000000577,SYN-0577-INV-03,2025-12-23,81517.51,4075.88,199262.67,2026-02-03
SYN-0578,Synthetic Supplier 0578 LLC,900000000000578,SYN-0578-INV-01,2025-10-03,104792.08,5239.6,287125.01,2025-03-04
SYN-0578,Synthetic Supplier 0578 LLC,900000000000578,SYN-0578-INV-02,2025-11-19,66769.71,3338.49,287125.01,2025-03-04
SYN-0578,Synthetic Supplier 0578 LLC,900000000000578,SYN-0578-INV-03,2026-01-05,59009.06,2950.45,287125.01,2025-03-04
SYN-0578,Synthetic Supplier 0578 LLC,900000000000578,SYN-0578-INV-04,2026-02-21,88456.94,4422.85,287125.01,2025-03-04
SYN-0579,Synthetic Supplier 0579 LLC,900000000000579,SYN-0579-INV-01,2025-10-16,48386.26,2419.31,224799.74,2026-04-05
SYN-0579,Synthetic Supplier 0579 LLC,900000000000579,SYN-0579-INV-02,2025-12-02,32949.89,1647.49,224799.74,2026-04-05
SYN-0579,Synthetic Supplier 0579 LLC,900000000000579,SYN-0579-INV-03,2026-01-18,48145.39,2407.27,224799.74,2026-04-05
SYN-0579,Synthetic Supplier 0579 LLC,900000000000579,SYN-0579-INV-04,2026-03-06,60150.1,3007.5,224799.74,2026-04-05
SYN-0579,Synthetic Supplier 0579 LLC,900000000000579,SYN-0579-INV-05,2026-04-22,60145.87,3007.29,224799.74,2026-04-05
SYN-0580,Synthetic Supplier 0580 LLC,900000000000580,SYN-0580-INV-01,2025-10-29,113816.06,5690.8,196383.49,
SYN-0580,Synthetic Supplier 0580 LLC,900000000000580,SYN-0580-INV-02,2025-12-15,104387.82,5219.39,196383.49,
SYN-0581,Synthetic Supplier 0581 LLC,900000000000581,SYN-0581-INV-01,2025-11-11,64564.98,3228.25,165582.65,2026-06-07
SYN-0581,Synthetic Supplier 0581 LLC,900000000000581,SYN-0581-INV-02,2025-12-28,50528.49,2526.42,165582.65,2026-06-07
SYN-0581,Synthetic Supplier 0581 LLC,900000000000581,SYN-0581-INV-03,2026-02-13,28891.45,1444.57,165582.65,2026-06-07
SYN-0582,Synthetic Supplier 0582 LLC,900000000000582,SYN-0582-INV-01,2025-11-24,41433.54,2071.68,143529.02,2025-07-08
SYN-0582,Synthetic Supplier 0582 LLC,900000000000582,SYN-0582-INV-02,2026-01-10,47402.4,2370.12,143529.02,2025-07-08
SYN-0582,Synthetic Supplier 0582 LLC,900000000000582,SYN-0582-INV-03,2026-02-26,30958.91,1547.95,143529.02,2025-07-08
SYN-0582,Synthetic Supplier 0582 LLC,900000000000582,SYN-0582-INV-04,2026-04-14,39681.83,1984.09,143529.02,2025-07-08
SYN-0583,Synthetic Supplier 0583 LLC,900000000000583,SYN-0583-INV-01,2025-12-07,30054,1502.7,181644.49,2026-08-09
SYN-0583,Synthetic Supplier 0583 LLC,900000000000583,SYN-0583-INV-02,2026-01-23,46827.87,2341.39,181644.49,2026-08-09
SYN-0583,Synthetic Supplier 0583 LLC,900000000000583,SYN-0583-INV-03,2026-03-11,48388.9,2419.44,181644.49,2026-08-09
SYN-0583,Synthetic Supplier 0583 LLC,900000000000583,SYN-0583-INV-04,2026-04-27,41860.6,2093.03,181644.49,2026-08-09
SYN-0583,Synthetic Supplier 0583 LLC,900000000000583,SYN-0583-INV-05,2026-06-13,34695.84,1734.79,181644.49,2026-08-09
SYN-0584,Synthetic Supplier 0584 LLC,900000000000584,SYN-0584-INV-01,2025-12-20,101298.19,5064.91,145935.72,2025-09-10
SYN-0584,Synthetic Supplier 0584 LLC,900000000000584,SYN-0584-INV-02,2026-02-05,60852.61,3042.63,145935.72,2025-09-10
SYN-0585,Synthetic Supplier 0585 LLC,900000000000585,SYN-0585-INV-01,2026-01-02,104917.8,5245.89,227922.47,
SYN-0585,Synthetic Supplier 0585 LLC,900000000000585,SYN-0585-INV-02,2026-02-18,74475.44,3723.77,227922.47,
SYN-0585,Synthetic Supplier 0585 LLC,900000000000585,SYN-0585-INV-03,2026-04-06,73853.94,3692.7,227922.47,
SYN-0586,Synthetic Supplier 0586 LLC,900000000000586,SYN-0586-INV-01,2026-01-15,21839.75,1091.99,102861.12,2025-02-12
SYN-0586,Synthetic Supplier 0586 LLC,900000000000586,SYN-0586-INV-02,2026-03-03,33710.06,1685.5,102861.12,2025-02-12
SYN-0586,Synthetic Supplier 0586 LLC,900000000000586,SYN-0586-INV-03,2026-04-19,35032.63,1751.63,102861.12,2025-02-12
SYN-0586,Synthetic Supplier 0586 LLC,900000000000586,SYN-0586-INV-04,2026-06-05,23707.69,1185.38,102861.12,2025-02-12
SYN-0587,Synthetic Supplier 0587 LLC,900000000000587,SYN-0587-INV-01,2026-01-28,52762.73,2638.14,172348.35,2026-03-13
SYN-0587,Synthetic Supplier 0587 LLC,900000000000587,SYN-0587-INV-02,2026-03-16,52700.14,2635.01,172348.35,2026-03-13
SYN-0587,Synthetic Supplier 0587 LLC,900000000000587,SYN-0587-INV-03,2026-05-02,31542.66,1577.13,172348.35,2026-03-13
SYN-0587,Synthetic Supplier 0587 LLC,900000000000587,SYN-0587-INV-04,2026-06-18,27315.91,1365.8,172348.35,2026-03-13
SYN-0587,Synthetic Supplier 0587 LLC,900000000000587,SYN-0587-INV-05,2026-08-04,27176.72,1358.84,172348.35,2026-03-13
SYN-0588,Synthetic Supplier 0588 LLC,900000000000588,SYN-0588-INV-01,2026-02-10,78181.89,3909.09,198886.13,2025-04-14
SYN-0588,Synthetic Supplier 0588 LLC,900000000000588,SYN-0588-INV-02,2026-03-29,94762.56,4738.13,198886.13,2025-04-14
SYN-0589,Synthetic Supplier 0589 LLC,900000000000589,SYN-0589-INV-01,2026-02-23,121853.71,6092.69,272096.7,2026-05-15
SYN-0589,Synthetic Supplier 0589 LLC,900000000000589,SYN-0589-INV-02,2026-04-11,92385.4,4619.27,272096.7,2026-05-15
SYN-0589,Synthetic Supplier 0589 LLC,900000000000589,SYN-0589-INV-03,2026-05-28,88090.56,4404.53,272096.7,2026-05-15
SYN-0590,Synthetic Supplier 0590 LLC,900000000000590,SYN-0590-INV-01,2026-03-08,111941.44,5597.07,308431.81,
SYN-0590,Synthetic Supplier 0590 LLC,900000000000590,SYN-0590-INV-02,2026-04-24,50968.14,2548.41,308431.81,
SYN-0590,Synthetic Supplier 0590 LLC,900000000000590,SYN-0590-INV-03,2026-06-10,114288.76,5714.44,308431.81,
SYN-0590,Synthetic Supplier 0590 LLC,900000000000590,SYN-0590-INV-04,2026-07-27,65503.67,3275.18,308431.81,
SYN-0591,Synthetic Supplier 0591 LLC,900000000000591,SYN-0591-INV-01,2026-03-21,56262.1,2813.11,274505.45,2026-07-17
SYN-0591,Synthetic Supplier 0591 LLC,900000000000591,SYN-0591-INV-02,2026-05-07,43322.65,2166.13,274505.45,2026-07-17
SYN-0591,Synthetic Supplier 0591 LLC,900000000000591,SYN-0591-INV-03,2026-06-23,43773.7,2188.68,274505.45,2026-07-17
SYN-0591,Synthetic Supplier 0591 LLC,900000000000591,SYN-0591-INV-04,2026-08-09,82012.65,4100.63,274505.45,2026-07-17
SYN-0591,Synthetic Supplier 0591 LLC,900000000000591,SYN-0591-INV-05,2026-09-25,79634.95,3981.75,274505.45,2026-07-17
SYN-0592,Synthetic Supplier 0592 LLC,900000000000592,SYN-0592-INV-01,2026-04-03,63996.96,3199.85,116982.74,2025-08-18
SYN-0592,Synthetic Supplier 0592 LLC,900000000000592,SYN-0592-INV-02,2026-05-20,65983.87,3299.19,116982.74,2025-08-18
SYN-0593,Synthetic Supplier 0593 LLC,900000000000593,SYN-0593-INV-01,2026-04-16,48697.79,2434.89,154670.46,2026-09-19
SYN-0593,Synthetic Supplier 0593 LLC,900000000000593,SYN-0593-INV-02,2026-06-02,57576.32,2878.82,154670.46,2026-09-19
SYN-0593,Synthetic Supplier 0593 LLC,900000000000593,SYN-0593-INV-03,2026-07-19,65581.96,3279.1,154670.46,2026-09-19
SYN-0594,Synthetic Supplier 0594 LLC,900000000000594,SYN-0594-INV-01,2026-04-29,20920.98,1046.05,113354.99,2025-01-20
SYN-0594,Synthetic Supplier 0594 LLC,900000000000594,SYN-0594-INV-02,2026-06-15,26370.58,1318.53,113354.99,2025-01-20
SYN-0594,Synthetic Supplier 0594 LLC,900000000000594,SYN-0594-INV-03,2026-08-01,38165.81,1908.29,113354.99,2025-01-20
SYN-0594,Synthetic Supplier 0594 LLC,900000000000594,SYN-0594-INV-04,2026-09-17,40492.62,2024.63,113354.99,2025-01-20
SYN-0595,Synthetic Supplier 0595 LLC,900000000000595,SYN-0595-INV-01,2026-05-12,56304.22,2815.21,275348.72,
SYN-0595,Synthetic Supplier 0595 LLC,900000000000595,SYN-0595-INV-02,2026-06-28,29909.36,1495.47,275348.72,
SYN-0595,Synthetic Supplier 0595 LLC,900000000000595,SYN-0595-INV-03,2026-08-14,59664.77,2983.24,275348.72,
SYN-0595,Synthetic Supplier 0595 LLC,900000000000595,SYN-0595-INV-04,2025-10-05,52696.49,2634.82,275348.72,
SYN-0595,Synthetic Supplier 0595 LLC,900000000000595,SYN-0595-INV-05,2025-11-21,40858.84,2042.94,275348.72,
SYN-0596,Synthetic Supplier 0596 LLC,900000000000596,SYN-0596-INV-01,2026-05-25,149609.54,7480.48,267865.24,2025-03-22
SYN-0596,Synthetic Supplier 0596 LLC,900000000000596,SYN-0596-INV-02,2026-07-11,148018.51,7400.93,267865.24,2025-03-22
SYN-0597,Synthetic Supplier 0597 LLC,900000000000597,SYN-0597-INV-01,2026-06-07,84301.65,4215.08,213746.46,2026-04-23
SYN-0597,Synthetic Supplier 0597 LLC,900000000000597,SYN-0597-INV-02,2026-07-24,87222.84,4361.14,213746.46,2026-04-23
SYN-0597,Synthetic Supplier 0597 LLC,900000000000597,SYN-0597-INV-03,2026-09-09,65971.58,3298.58,213746.46,2026-04-23
SYN-0598,Synthetic Supplier 0598 LLC,900000000000598,SYN-0598-INV-01,2026-06-20,28665.59,1433.28,101044.18,2025-05-24
SYN-0598,Synthetic Supplier 0598 LLC,900000000000598,SYN-0598-INV-02,2026-08-06,21816,1090.8,101044.18,2025-05-24
SYN-0598,Synthetic Supplier 0598 LLC,900000000000598,SYN-0598-INV-03,2026-09-22,25062.25,1253.11,101044.18,2025-05-24
SYN-0598,Synthetic Supplier 0598 LLC,900000000000598,SYN-0598-INV-04,2025-11-13,36727.47,1836.37,101044.18,2025-05-24
SYN-0599,Synthetic Supplier 0599 LLC,900000000000599,SYN-0599-INV-01,2026-07-03,32557.81,1627.89,243785.84,2026-06-25
SYN-0599,Synthetic Supplier 0599 LLC,900000000000599,SYN-0599-INV-02,2026-08-19,55508.54,2775.43,243785.84,2026-06-25
SYN-0599,Synthetic Supplier 0599 LLC,900000000000599,SYN-0599-INV-03,2025-10-10,74015.21,3700.76,243785.84,2026-06-25
SYN-0599,Synthetic Supplier 0599 LLC,900000000000599,SYN-0599-INV-04,2025-11-26,53104.13,2655.21,243785.84,2026-06-25
SYN-0599,Synthetic Supplier 0599 LLC,900000000000599,SYN-0599-INV-05,2026-01-12,55687.46,2784.37,243785.84,2026-06-25
SYN-0600,Synthetic Supplier 0600 LLC,900000000000600,SYN-0600-INV-01,2026-07-16,174907.88,8745.39,230664.65,
SYN-0600,Synthetic Supplier 0600 LLC,900000000000600,SYN-0600-INV-02,2026-09-01,81386.17,4069.31,230664.65,
SYN-0601,Synthetic Supplier 0601 LLC,900000000000601,SYN-0601-INV-01,2026-07-29,122270.39,6113.52,303924.19,2026-08-02
SYN-0601,Synthetic Supplier 0601 LLC,900000000000601,SYN-0601-INV-02,2026-09-14,86983.96,4349.2,303924.19,2026-08-02
SYN-0601,Synthetic Supplier 0601 LLC,900000000000601,SYN-0601-INV-03,2025-11-05,128439.19,6421.96,303924.19,2026-08-02
SYN-0602,Synthetic Supplier 0602 LLC,900000000000602,SYN-0602-INV-01,2026-08-11,94834.45,4741.72,348442.67,2025-09-03
SYN-0602,Synthetic Supplier 0602 LLC,900000000000602,SYN-0602-INV-02,2025-10-02,62673.88,3133.69,348442.67,2025-09-03
SYN-0602,Synthetic Supplier 0602 LLC,900000000000602,SYN-0602-INV-03,2025-11-18,89663.37,4483.17,348442.67,2025-09-03
SYN-0602,Synthetic Supplier 0602 LLC,900000000000602,SYN-0602-INV-04,2026-01-04,55821.93,2791.1,348442.67,2025-09-03
SYN-0603,Synthetic Supplier 0603 LLC,900000000000603,SYN-0603-INV-01,2026-08-24,34525.85,1726.29,211107.45,2026-01-04
SYN-0603,Synthetic Supplier 0603 LLC,900000000000603,SYN-0603-INV-02,2025-10-15,41538.73,2076.94,211107.45,2026-01-04
SYN-0603,Synthetic Supplier 0603 LLC,900000000000603,SYN-0603-INV-03,2025-12-01,51531.17,2576.56,211107.45,2026-01-04
SYN-0603,Synthetic Supplier 0603 LLC,900000000000603,SYN-0603-INV-04,2026-01-17,57088.95,2854.45,211107.45,2026-01-04
SYN-0603,Synthetic Supplier 0603 LLC,900000000000603,SYN-0603-INV-05,2026-03-05,49879.14,2493.96,211107.45,2026-01-04
SYN-0604,Synthetic Supplier 0604 LLC,900000000000604,SYN-0604-INV-01,2026-09-06,66849.98,3342.5,128169.48,2025-02-05
SYN-0604,Synthetic Supplier 0604 LLC,900000000000604,SYN-0604-INV-02,2025-10-28,75560.56,3778.03,128169.48,2025-02-05
SYN-0605,Synthetic Supplier 0605 LLC,900000000000605,SYN-0605-INV-01,2026-09-19,77481.05,3874.05,194323.12,
SYN-0605,Synthetic Supplier 0605 LLC,900000000000605,SYN-0605-INV-02,2025-11-10,60690.48,3034.52,194323.12,
SYN-0605,Synthetic Supplier 0605 LLC,900000000000605,SYN-0605-INV-03,2025-12-27,77743.04,3887.15,194323.12,
SYN-0606,Synthetic Supplier 0606 LLC,900000000000606,SYN-0606-INV-01,2025-10-07,44125.65,2206.28,132945.33,2025-04-07
SYN-0606,Synthetic Supplier 0606 LLC,900000000000606,SYN-0606-INV-02,2025-11-23,42539.85,2126.99,132945.33,2025-04-07
SYN-0606,Synthetic Supplier 0606 LLC,900000000000606,SYN-0606-INV-03,2026-01-09,22210.52,1110.53,132945.33,2025-04-07
SYN-0606,Synthetic Supplier 0606 LLC,900000000000606,SYN-0606-INV-04,2026-02-25,38841.01,1942.05,132945.33,2025-04-07
SYN-0607,Synthetic Supplier 0607 LLC,900000000000607,SYN-0607-INV-01,2025-10-20,66580.47,3329.02,280731.47,2026-05-08
SYN-0607,Synthetic Supplier 0607 LLC,900000000000607,SYN-0607-INV-02,2025-12-06,68650.05,3432.5,280731.47,2026-05-08
SYN-0607,Synthetic Supplier 0607 LLC,900000000000607,SYN-0607-INV-03,2026-01-22,41501.06,2075.05,280731.47,2026-05-08
SYN-0607,Synthetic Supplier 0607 LLC,900000000000607,SYN-0607-INV-04,2026-03-10,71342.15,3567.11,280731.47,2026-05-08
SYN-0607,Synthetic Supplier 0607 LLC,900000000000607,SYN-0607-INV-05,2026-04-26,63850.12,3192.51,280731.47,2026-05-08
SYN-0608,Synthetic Supplier 0608 LLC,900000000000608,SYN-0608-INV-01,2025-11-02,136976.28,6848.81,216035.12,2025-06-09
SYN-0608,Synthetic Supplier 0608 LLC,900000000000608,SYN-0608-INV-02,2025-12-19,103062.74,5153.14,216035.12,2025-06-09
SYN-0609,Synthetic Supplier 0609 LLC,900000000000609,SYN-0609-INV-01,2025-11-15,43962.7,2198.14,140443.97,2026-07-10
SYN-0609,Synthetic Supplier 0609 LLC,900000000000609,SYN-0609-INV-02,2026-01-01,40363.05,2018.15,140443.97,2026-07-10
SYN-0609,Synthetic Supplier 0609 LLC,900000000000609,SYN-0609-INV-03,2026-02-17,37799.44,1889.97,140443.97,2026-07-10
SYN-0610,Synthetic Supplier 0610 LLC,900000000000610,SYN-0610-INV-01,2025-11-28,71626.16,3581.31,267316.44,
SYN-0610,Synthetic Supplier 0610 LLC,900000000000610,SYN-0610-INV-02,2026-01-14,75994.06,3799.7,267316.44,
SYN-0610,Synthetic Supplier 0610 LLC,900000000000610,SYN-0610-INV-03,2026-03-02,74128.81,3706.44,267316.44,
SYN-0610,Synthetic Supplier 0610 LLC,900000000000610,SYN-0610-INV-04,2026-04-18,75269.24,3763.46,267316.44,
SYN-0611,Synthetic Supplier 0611 LLC,900000000000611,SYN-0611-INV-01,2025-12-11,39386.71,1969.34,139309.61,2026-09-12
SYN-0611,Synthetic Supplier 0611 LLC,900000000000611,SYN-0611-INV-02,2026-01-27,34882.53,1744.13,139309.61,2026-09-12
SYN-0611,Synthetic Supplier 0611 LLC,900000000000611,SYN-0611-INV-03,2026-03-15,28209.91,1410.5,139309.61,2026-09-12
SYN-0611,Synthetic Supplier 0611 LLC,900000000000611,SYN-0611-INV-04,2026-05-01,18854.11,942.71,139309.61,2026-09-12
SYN-0611,Synthetic Supplier 0611 LLC,900000000000611,SYN-0611-INV-05,2026-06-17,33455.21,1672.76,139309.61,2026-09-12
SYN-0612,Synthetic Supplier 0612 LLC,900000000000612,SYN-0612-INV-01,2025-12-24,66371.68,3318.58,99978.27,2025-01-13
SYN-0612,Synthetic Supplier 0612 LLC,900000000000612,SYN-0612-INV-02,2026-02-09,44715.28,2235.76,99978.27,2025-01-13
SYN-0613,Synthetic Supplier 0613 LLC,900000000000613,SYN-0613-INV-01,2026-01-06,110648.16,5532.41,246384.75,2026-02-14
SYN-0613,Synthetic Supplier 0613 LLC,900000000000613,SYN-0613-INV-02,2026-02-22,66924.85,3346.24,246384.75,2026-02-14
SYN-0613,Synthetic Supplier 0613 LLC,900000000000613,SYN-0613-INV-03,2026-04-10,96187.83,4809.39,246384.75,2026-02-14
SYN-0614,Synthetic Supplier 0614 LLC,900000000000614,SYN-0614-INV-01,2026-01-19,25205.64,1260.28,143876.26,2025-03-15
SYN-0614,Synthetic Supplier 0614 LLC,900000000000614,SYN-0614-INV-02,2026-03-07,50383.62,2519.18,143876.26,2025-03-15
SYN-0614,Synthetic Supplier 0614 LLC,900000000000614,SYN-0614-INV-03,2026-04-23,26959.76,1347.99,143876.26,2025-03-15
SYN-0614,Synthetic Supplier 0614 LLC,900000000000614,SYN-0614-INV-04,2026-06-09,57313.49,2865.67,143876.26,2025-03-15
SYN-0615,Synthetic Supplier 0615 LLC,900000000000615,SYN-0615-INV-01,2026-02-01,25454.13,1272.71,145235.19,
SYN-0615,Synthetic Supplier 0615 LLC,900000000000615,SYN-0615-INV-02,2026-03-20,29185.58,1459.28,145235.19,
SYN-0615,Synthetic Supplier 0615 LLC,900000000000615,SYN-0615-INV-03,2026-05-06,33812.76,1690.64,145235.19,
SYN-0615,Synthetic Supplier 0615 LLC,900000000000615,SYN-0615-INV-04,2026-06-22,38450.13,1922.51,145235.19,
SYN-0615,Synthetic Supplier 0615 LLC,900000000000615,SYN-0615-INV-05,2026-08-08,34469.83,1723.49,145235.19,
SYN-0616,Synthetic Supplier 0616 LLC,900000000000616,SYN-0616-INV-01,2026-02-14,51491.19,2574.56,139587.57,2025-05-17
SYN-0616,Synthetic Supplier 0616 LLC,900000000000616,SYN-0616-INV-02,2026-04-02,69889.3,3494.47,139587.57,2025-05-17
SYN-0617,Synthetic Supplier 0617 LLC,900000000000617,SYN-0617-INV-01,2026-02-27,44958.83,2247.94,137257.98,2026-06-18
SYN-0617,Synthetic Supplier 0617 LLC,900000000000617,SYN-0617-INV-02,2026-04-15,51296.37,2564.82,137257.98,2026-06-18
SYN-0617,Synthetic Supplier 0617 LLC,900000000000617,SYN-0617-INV-03,2026-06-01,56253.68,2812.68,137257.98,2026-06-18
SYN-0618,Synthetic Supplier 0618 LLC,900000000000618,SYN-0618-INV-01,2026-03-12,70924.77,3546.24,279266.72,2025-07-19
SYN-0618,Synthetic Supplier 0618 LLC,900000000000618,SYN-0618-INV-02,2026-04-28,76610.97,3830.55,279266.72,2025-07-19
SYN-0618,Synthetic Supplier 0618 LLC,900000000000618,SYN-0618-INV-03,2026-06-14,95765.27,4788.26,279266.72,2025-07-19
SYN-0618,Synthetic Supplier 0618 LLC,900000000000618,SYN-0618-INV-04,2026-07-31,66995.35,3349.77,279266.72,2025-07-19
SYN-0619,Synthetic Supplier 0619 LLC,900000000000619,SYN-0619-INV-01,2026-03-25,22118.56,1105.93,112976.44,2026-08-20
SYN-0619,Synthetic Supplier 0619 LLC,900000000000619,SYN-0619-INV-02,2026-05-11,28899.01,1444.95,112976.44,2026-08-20
SYN-0619,Synthetic Supplier 0619 LLC,900000000000619,SYN-0619-INV-03,2026-06-27,15243.91,762.2,112976.44,2026-08-20
SYN-0619,Synthetic Supplier 0619 LLC,900000000000619,SYN-0619-INV-04,2026-08-13,26244.16,1312.21,112976.44,2026-08-20
SYN-0619,Synthetic Supplier 0619 LLC,900000000000619,SYN-0619-INV-05,2025-10-04,33023.74,1651.19,112976.44,2026-08-20
SYN-0620,Synthetic Supplier 0620 LLC,900000000000620,SYN-0620-INV-01,2026-04-07,77431.09,3871.55,110374.64,
SYN-0620,Synthetic Supplier 0620 LLC,900000000000620,SYN-0620-INV-02,2026-05-24,45207.4,2260.37,110374.64,
SYN-0621,Synthetic Supplier 0621 LLC,900000000000621,SYN-0621-INV-01,2026-04-20,118026.79,5901.34,312844.88,2026-01-22
SYN-0621,Synthetic Supplier 0621 LLC,900000000000621,SYN-0621-INV-02,2026-06-06,104301.22,5215.06,312844.88,2026-01-22
SYN-0621,Synthetic Supplier 0621 LLC,900000000000621,SYN-0621-INV-03,2026-07-23,125277.41,6263.87,312844.88,2026-01-22
SYN-0622,Synthetic Supplier 0622 LLC,900000000000622,SYN-0622-INV-01,2026-05-03,69649.42,3482.47,199645.36,2025-02-23
SYN-0622,Synthetic Supplier 0622 LLC,900000000000622,SYN-0622-INV-02,2026-06-19,60810.97,3040.55,199645.36,2025-02-23
SYN-0622,Synthetic Supplier 0622 LLC,900000000000622,SYN-0622-INV-03,2026-08-05,45990.96,2299.55,199645.36,2025-02-23
SYN-0622,Synthetic Supplier 0622 LLC,900000000000622,SYN-0622-INV-04,2026-09-21,45376.83,2268.84,199645.36,2025-02-23
SYN-0623,Synthetic Supplier 0623 LLC,900000000000623,SYN-0623-INV-01,2026-05-16,29785.13,1489.26,163702.98,2026-03-24
SYN-0623,Synthetic Supplier 0623 LLC,900000000000623,SYN-0623-INV-02,2026-07-02,30799.17,1539.96,163702.98,2026-03-24
SYN-0623,Synthetic Supplier 0623 LLC,900000000000623,SYN-0623-INV-03,2026-08-18,25417.24,1270.86,163702.98,2026-03-24
SYN-0623,Synthetic Supplier 0623 LLC,900000000000623,SYN-0623-INV-04,2025-10-09,28534.54,1426.73,163702.98,2026-03-24
SYN-0623,Synthetic Supplier 0623 LLC,900000000000623,SYN-0623-INV-05,2025-11-25,27814.33,1390.72,163702.98,2026-03-24
SYN-0624,Synthetic Supplier 0624 LLC,900000000000624,SYN-0624-INV-01,2026-05-29,137391.32,6869.57,283312.63,2025-04-25
SYN-0624,Synthetic Supplier 0624 LLC,900000000000624,SYN-0624-INV-02,2026-07-15,177400.49,8870.02,283312.63,2025-04-25
SYN-0625,Synthetic Supplier 0625 LLC,900000000000625,SYN-0625-INV-01,2026-06-11,112120.08,5606,296424.54,
SYN-0625,Synthetic Supplier 0625 LLC,900000000000625,SYN-0625-INV-02,2026-07-28,66140.59,3307.03,296424.54,
SYN-0625,Synthetic Supplier 0625 LLC,900000000000625,SYN-0625-INV-03,2026-09-13,151099.93,7555,296424.54,
SYN-0626,Synthetic Supplier 0626 LLC,900000000000626,SYN-0626-INV-01,2026-06-24,34195.05,1709.75,97643.85,2025-06-02
SYN-0626,Synthetic Supplier 0626 LLC,900000000000626,SYN-0626-INV-02,2026-08-10,22563.65,1128.18,97643.85,2025-06-02
SYN-0626,Synthetic Supplier 0626 LLC,900000000000626,SYN-0626-INV-03,2026-09-26,21892.38,1094.62,97643.85,2025-06-02
SYN-0626,Synthetic Supplier 0626 LLC,900000000000626,SYN-0626-INV-04,2025-11-17,29842.08,1492.1,97643.85,2025-06-02
SYN-0627,Synthetic Supplier 0627 LLC,900000000000627,SYN-0627-INV-01,2026-07-07,41949.86,2097.49,236782.28,2026-07-03
SYN-0627,Synthetic Supplier 0627 LLC,900000000000627,SYN-0627-INV-02,2026-08-23,54620.14,2731.01,236782.28,2026-07-03
SYN-0627,Synthetic Supplier 0627 LLC,900000000000627,SYN-0627-INV-03,2025-10-14,80702.54,4035.13,236782.28,2026-07-03
SYN-0627,Synthetic Supplier 0627 LLC,900000000000627,SYN-0627-INV-04,2025-11-30,42527.19,2126.36,236782.28,2026-07-03
SYN-0627,Synthetic Supplier 0627 LLC,900000000000627,SYN-0627-INV-05,2026-01-16,43291.69,2164.58,236782.28,2026-07-03
SYN-0628,Synthetic Supplier 0628 LLC,900000000000628,SYN-0628-INV-01,2026-07-20,162591.58,8129.58,257089.75,2025-08-04
SYN-0628,Synthetic Supplier 0628 LLC,900000000000628,SYN-0628-INV-02,2026-09-05,123063.7,6153.18,257089.75,2025-08-04
SYN-0629,Synthetic Supplier 0629 LLC,900000000000629,SYN-0629-INV-01,2026-08-02,163510.6,8175.53,288975.64,2026-09-05
SYN-0629,Synthetic Supplier 0629 LLC,900000000000629,SYN-0629-INV-02,2026-09-18,81150.01,4057.5,288975.64,2026-09-05
SYN-0629,Synthetic Supplier 0629 LLC,900000000000629,SYN-0629-INV-03,2025-11-09,76423.43,3821.17,288975.64,2026-09-05
SYN-0630,Synthetic Supplier 0630 LLC,900000000000630,SYN-0630-INV-01,2026-08-15,46088.51,2304.43,174525.53,
SYN-0630,Synthetic Supplier 0630 LLC,900000000000630,SYN-0630-INV-02,2025-10-06,35845.62,1792.28,174525.53,
SYN-0630,Synthetic Supplier 0630 LLC,900000000000630,SYN-0630-INV-03,2025-11-22,22571.91,1128.6,174525.53,
SYN-0630,Synthetic Supplier 0630 LLC,900000000000630,SYN-0630-INV-04,2026-01-08,47255.29,2362.76,174525.53,
SYN-0631,Synthetic Supplier 0631 LLC,900000000000631,SYN-0631-INV-01,2026-08-28,33808.82,1690.44,128162.45,2026-02-07
SYN-0631,Synthetic Supplier 0631 LLC,900000000000631,SYN-0631-INV-02,2025-10-19,23900.42,1195.02,128162.45,2026-02-07
SYN-0631,Synthetic Supplier 0631 LLC,900000000000631,SYN-0631-INV-03,2025-12-05,25320.24,1266.01,128162.45,2026-02-07
SYN-0631,Synthetic Supplier 0631 LLC,900000000000631,SYN-0631-INV-04,2026-01-21,38167.51,1908.38,128162.45,2026-02-07
SYN-0631,Synthetic Supplier 0631 LLC,900000000000631,SYN-0631-INV-05,2026-03-09,21205.72,1060.29,128162.45,2026-02-07
SYN-0632,Synthetic Supplier 0632 LLC,900000000000632,SYN-0632-INV-01,2026-09-10,62910.71,3145.54,107774.77,2025-03-08
SYN-0632,Synthetic Supplier 0632 LLC,900000000000632,SYN-0632-INV-02,2025-11-01,56839.03,2841.95,107774.77,2025-03-08
SYN-0633,Synthetic Supplier 0633 LLC,900000000000633,SYN-0633-INV-01,2026-09-23,66537.93,3326.9,183418.8,2026-04-09
SYN-0633,Synthetic Supplier 0633 LLC,900000000000633,SYN-0633-INV-02,2025-11-14,65583.16,3279.16,183418.8,2026-04-09
SYN-0633,Synthetic Supplier 0633 LLC,900000000000633,SYN-0633-INV-03,2025-12-31,71677.57,3583.88,183418.8,2026-04-09
SYN-0634,Synthetic Supplier 0634 LLC,900000000000634,SYN-0634-INV-01,2025-10-11,46998.12,2349.91,137241.7,2025-05-10
SYN-0634,Synthetic Supplier 0634 LLC,900000000000634,SYN-0634-INV-02,2025-11-27,25433.05,1271.65,137241.7,2025-05-10
SYN-0634,Synthetic Supplier 0634 LLC,900000000000634,SYN-0634-INV-03,2026-01-13,44753.99,2237.7,137241.7,2025-05-10
SYN-0634,Synthetic Supplier 0634 LLC,900000000000634,SYN-0634-INV-04,2026-03-01,35305.62,1765.28,137241.7,2025-05-10
SYN-0635,Synthetic Supplier 0635 LLC,900000000000635,SYN-0635-INV-01,2025-10-24,29162.92,1458.15,112430.43,
SYN-0635,Synthetic Supplier 0635 LLC,900000000000635,SYN-0635-INV-02,2025-12-10,16380.04,819,112430.43,
SYN-0635,Synthetic Supplier 0635 LLC,900000000000635,SYN-0635-INV-03,2026-01-26,23151.78,1157.59,112430.43,
SYN-0635,Synthetic Supplier 0635 LLC,900000000000635,SYN-0635-INV-04,2026-03-14,33949.41,1697.47,112430.43,
SYN-0635,Synthetic Supplier 0635 LLC,900000000000635,SYN-0635-INV-05,2026-04-30,22278.54,1113.93,112430.43,
SYN-0636,Synthetic Supplier 0636 LLC,900000000000636,SYN-0636-INV-01,2025-11-06,144957.91,7247.9,239985.9,2025-07-12
SYN-0636,Synthetic Supplier 0636 LLC,900000000000636,SYN-0636-INV-02,2025-12-23,121693.09,6084.65,239985.9,2025-07-12
SYN-0637,Synthetic Supplier 0637 LLC,900000000000637,SYN-0637-INV-01,2025-11-19,28904,1445.2,131003.89,2026-08-13
SYN-0637,Synthetic Supplier 0637 LLC,900000000000637,SYN-0637-INV-02,2026-01-05,34714.66,1735.73,131003.89,2026-08-13
SYN-0637,Synthetic Supplier 0637 LLC,900000000000637,SYN-0637-INV-03,2026-02-21,50297.77,2514.89,131003.89,2026-08-13
SYN-0638,Synthetic Supplier 0638 LLC,900000000000638,SYN-0638-INV-01,2025-12-02,102359.6,5117.98,287880.92,2025-09-14
SYN-0638,Synthetic Supplier 0638 LLC,900000000000638,SYN-0638-INV-02,2026-01-18,65060.12,3253.01,287880.92,2025-09-14
SYN-0638,Synthetic Supplier 0638 LLC,900000000000638,SYN-0638-INV-03,2026-03-06,52280.83,2614.04,287880.92,2025-09-14
SYN-0638,Synthetic Supplier 0638 LLC,900000000000638,SYN-0638-INV-04,2026-04-22,100167.14,5008.36,287880.92,2025-09-14
SYN-0639,Synthetic Supplier 0639 LLC,900000000000639,SYN-0639-INV-01,2025-12-15,28786.17,1439.31,196242.55,2026-01-15
SYN-0639,Synthetic Supplier 0639 LLC,900000000000639,SYN-0639-INV-02,2026-01-31,52737.49,2636.87,196242.55,2026-01-15
SYN-0639,Synthetic Supplier 0639 LLC,900000000000639,SYN-0639-INV-03,2026-03-19,58038.92,2901.95,196242.55,2026-01-15
SYN-0639,Synthetic Supplier 0639 LLC,900000000000639,SYN-0639-INV-04,2026-05-05,38394.79,1919.74,196242.55,2026-01-15
SYN-0639,Synthetic Supplier 0639 LLC,900000000000639,SYN-0639-INV-05,2026-06-21,40089.91,2004.5,196242.55,2026-01-15
SYN-0640,Synthetic Supplier 0640 LLC,900000000000640,SYN-0640-INV-01,2025-12-28,128914.11,6445.71,216605.32,
SYN-0640,Synthetic Supplier 0640 LLC,900000000000640,SYN-0640-INV-02,2026-02-13,111758.47,5587.92,216605.32,
SYN-0641,Synthetic Supplier 0641 LLC,900000000000641,SYN-0641-INV-01,2026-01-10,57665,2883.25,251747.31,2026-03-17
SYN-0641,Synthetic Supplier 0641 LLC,900000000000641,SYN-0641-INV-02,2026-02-26,105353.64,5267.68,251747.31,2026-03-17
SYN-0641,Synthetic Supplier 0641 LLC,900000000000641,SYN-0641-INV-03,2026-04-14,116700.58,5835.03,251747.31,2026-03-17
SYN-0642,Synthetic Supplier 0642 LLC,900000000000642,SYN-0642-INV-01,2026-01-23,57157.97,2857.9,261019.58,2025-04-18
SYN-0642,Synthetic Supplier 0642 LLC,900000000000642,SYN-0642-INV-02,2026-03-11,53499.75,2674.99,261019.58,2025-04-18
SYN-0642,Synthetic Supplier 0642 LLC,900000000000642,SYN-0642-INV-03,2026-04-27,89894.99,4494.75,261019.58,2025-04-18
SYN-0642,Synthetic Supplier 0642 LLC,900000000000642,SYN-0642-INV-04,2026-06-13,89469.05,4473.45,261019.58,2025-04-18
SYN-0643,Synthetic Supplier 0643 LLC,900000000000643,SYN-0643-INV-01,2026-02-05,37971.26,1898.56,267448.46,2026-05-19
SYN-0643,Synthetic Supplier 0643 LLC,900000000000643,SYN-0643-INV-02,2026-03-24,68271.52,3413.58,267448.46,2026-05-19
SYN-0643,Synthetic Supplier 0643 LLC,900000000000643,SYN-0643-INV-03,2026-05-10,61744.88,3087.24,267448.46,2026-05-19
SYN-0643,Synthetic Supplier 0643 LLC,900000000000643,SYN-0643-INV-04,2026-06-26,51344.07,2567.2,267448.46,2026-05-19
SYN-0643,Synthetic Supplier 0643 LLC,900000000000643,SYN-0643-INV-05,2026-08-12,77833.22,3891.66,267448.46,2026-05-19
SYN-0644,Synthetic Supplier 0644 LLC,900000000000644,SYN-0644-INV-01,2026-02-18,102303.02,5115.15,252464.81,2025-06-20
SYN-0644,Synthetic Supplier 0644 LLC,900000000000644,SYN-0644-INV-02,2026-04-06,117231.6,5861.58,252464.81,2025-06-20
SYN-0645,Synthetic Supplier 0645 LLC,900000000000645,SYN-0645-INV-01,2026-03-03,65663.9,3283.19,221266.71,
SYN-0645,Synthetic Supplier 0645 LLC,900000000000645,SYN-0645-INV-02,2026-04-19,110085.24,5504.26,221266.71,
SYN-0645,Synthetic Supplier 0645 LLC,900000000000645,SYN-0645-INV-03,2026-06-05,70102.76,3505.14,221266.71,
SYN-0646,Synthetic Supplier 0646 LLC,900000000000646,SYN-0646-INV-01,2026-03-16,42024.49,2101.22,187715.58,2025-08-22
SYN-0646,Synthetic Supplier 0646 LLC,900000000000646,SYN-0646-INV-02,2026-05-02,44692.36,2234.62,187715.58,2025-08-22
SYN-0646,Synthetic Supplier 0646 LLC,900000000000646,SYN-0646-INV-03,2026-06-18,70064.2,3503.21,187715.58,2025-08-22
SYN-0646,Synthetic Supplier 0646 LLC,900000000000646,SYN-0646-INV-04,2026-08-04,51791.81,2589.59,187715.58,2025-08-22
SYN-0647,Synthetic Supplier 0647 LLC,900000000000647,SYN-0647-INV-01,2026-03-29,56092.69,2804.63,220872.41,2026-09-23
SYN-0647,Synthetic Supplier 0647 LLC,900000000000647,SYN-0647-INV-02,2026-05-15,44075.07,2203.75,220872.41,2026-09-23
SYN-0647,Synthetic Supplier 0647 LLC,900000000000647,SYN-0647-INV-03,2026-07-01,58792.33,2939.62,220872.41,2026-09-23
SYN-0647,Synthetic Supplier 0647 LLC,900000000000647,SYN-0647-INV-04,2026-08-17,30059.41,1502.97,220872.41,2026-09-23
SYN-0647,Synthetic Supplier 0647 LLC,900000000000647,SYN-0647-INV-05,2025-10-08,56394.29,2819.71,220872.41,2026-09-23
SYN-0648,Synthetic Supplier 0648 LLC,900000000000648,SYN-0648-INV-01,2026-04-11,84538.96,4226.95,188092.74,2025-01-24
SYN-0648,Synthetic Supplier 0648 LLC,900000000000648,SYN-0648-INV-02,2026-05-28,124452.98,6222.65,188092.74,2025-01-24
SYN-0649,Synthetic Supplier 0649 LLC,900000000000649,SYN-0649-INV-01,2026-04-24,74762.74,3738.14,154265.88,2026-02-25
SYN-0649,Synthetic Supplier 0649 LLC,900000000000649,SYN-0649-INV-02,2026-06-10,47165.33,2358.27,154265.88,2026-02-25
SYN-0649,Synthetic Supplier 0649 LLC,900000000000649,SYN-0649-INV-03,2026-07-27,49478.46,2473.92,154265.88,2026-02-25
SYN-0650,Synthetic Supplier 0650 LLC,900000000000650,SYN-0650-INV-01,2026-05-07,56268.12,2813.41,296158.87,
SYN-0650,Synthetic Supplier 0650 LLC,900000000000650,SYN-0650-INV-02,2026-06-23,67146.32,3357.32,296158.87,
SYN-0650,Synthetic Supplier 0650 LLC,900000000000650,SYN-0650-INV-03,2026-08-09,99323.21,4966.16,296158.87,
SYN-0650,Synthetic Supplier 0650 LLC,900000000000650,SYN-0650-INV-04,2026-09-25,106327.76,5316.39,296158.87,
SYN-0651,Synthetic Supplier 0651 LLC,900000000000651,SYN-0651-INV-01,2026-05-20,55873.9,2793.7,498379.63,2026-04-02
SYN-0651,Synthetic Supplier 0651 LLC,900000000000651,SYN-0651-INV-02,2026-07-06,111144.99,5557.25,498379.63,2026-04-02
SYN-0651,Synthetic Supplier 0651 LLC,900000000000651,SYN-0651-INV-03,2026-08-22,67201.35,3360.07,498379.63,2026-04-02
SYN-0651,Synthetic Supplier 0651 LLC,900000000000651,SYN-0651-INV-04,2025-10-13,96040.7,4802.04,498379.63,2026-04-02
SYN-0651,Synthetic Supplier 0651 LLC,900000000000651,SYN-0651-INV-05,2025-11-29,103112.65,5155.63,498379.63,2026-04-02
SYN-0652,Synthetic Supplier 0652 LLC,900000000000652,SYN-0652-INV-01,2026-06-02,414141.52,20707.08,681050.49,2025-05-03
SYN-0652,Synthetic Supplier 0652 LLC,900000000000652,SYN-0652-INV-02,2026-07-19,342581.25,17129.06,681050.49,2025-05-03
SYN-0653,Synthetic Supplier 0653 LLC,900000000000653,SYN-0653-INV-01,2026-06-15,171830.02,8591.5,464456.44,2026-06-04
SYN-0653,Synthetic Supplier 0653 LLC,900000000000653,SYN-0653-INV-02,2026-08-01,179756.64,8987.83,464456.44,2026-06-04
SYN-0653,Synthetic Supplier 0653 LLC,900000000000653,SYN-0653-INV-03,2026-09-17,164476.06,8223.8,464456.44,2026-06-04
SYN-0654,Synthetic Supplier 0654 LLC,900000000000654,SYN-0654-INV-01,2026-06-28,126856.24,6342.81,459090.13,2025-07-05
SYN-0654,Synthetic Supplier 0654 LLC,900000000000654,SYN-0654-INV-02,2026-08-14,113745.32,5687.27,459090.13,2025-07-05
SYN-0654,Synthetic Supplier 0654 LLC,900000000000654,SYN-0654-INV-03,2025-10-05,105597.59,5279.88,459090.13,2025-07-05
SYN-0654,Synthetic Supplier 0654 LLC,900000000000654,SYN-0654-INV-04,2025-11-21,163900.99,8195.05,459090.13,2025-07-05
SYN-0655,Synthetic Supplier 0655 LLC,900000000000655,SYN-0655-INV-01,2026-07-11,117006.39,5850.32,579950.51,
SYN-0655,Synthetic Supplier 0655 LLC,900000000000655,SYN-0655-INV-02,2026-08-27,92821.28,4641.06,579950.51,
SYN-0655,Synthetic Supplier 0655 LLC,900000000000655,SYN-0655-INV-03,2025-10-18,139665.23,6983.26,579950.51,
SYN-0655,Synthetic Supplier 0655 LLC,900000000000655,SYN-0655-INV-04,2025-12-04,142251.55,7112.58,579950.51,
SYN-0655,Synthetic Supplier 0655 LLC,900000000000655,SYN-0655-INV-05,2026-01-20,152645,7632.25,579950.51,
SYN-0656,Synthetic Supplier 0656 LLC,900000000000656,SYN-0656-INV-01,2026-07-24,236565.97,11828.3,614312.8,2025-09-07
SYN-0656,Synthetic Supplier 0656 LLC,900000000000656,SYN-0656-INV-02,2026-09-09,446003.81,22300.19,614312.8,2025-09-07
SYN-0657,Synthetic Supplier 0657 LLC,900000000000657,SYN-0657-INV-01,2026-08-06,195651.95,9782.6,401447.35,2026-01-08
SYN-0657,Synthetic Supplier 0657 LLC,900000000000657,SYN-0657-INV-02,2026-09-22,85845.4,4292.27,401447.35,2026-01-08
SYN-0657,Synthetic Supplier 0657 LLC,900000000000657,SYN-0657-INV-03,2025-11-13,164555.26,8227.76,401447.35,2026-01-08
SYN-0658,Synthetic Supplier 0658 LLC,900000000000658,SYN-0658-INV-01,2026-08-19,126908.73,6345.44,744956.7,2025-02-09
SYN-0658,Synthetic Supplier 0658 LLC,900000000000658,SYN-0658-INV-02,2025-10-10,150129.58,7506.48,744956.7,2025-02-09
SYN-0658,Synthetic Supplier 0658 LLC,900000000000658,SYN-0658-INV-03,2025-11-26,222546.31,11127.32,744956.7,2025-02-09
SYN-0658,Synthetic Supplier 0658 LLC,900000000000658,SYN-0658-INV-04,2026-01-12,148203.81,7410.19,744956.7,2025-02-09
SYN-0659,Synthetic Supplier 0659 LLC,900000000000659,SYN-0659-INV-01,2026-09-01,103827.52,5191.38,483364.25,2026-03-10
SYN-0659,Synthetic Supplier 0659 LLC,900000000000659,SYN-0659-INV-02,2025-10-23,78132.73,3906.64,483364.25,2026-03-10
SYN-0659,Synthetic Supplier 0659 LLC,900000000000659,SYN-0659-INV-03,2025-12-09,91043.15,4552.16,483364.25,2026-03-10
SYN-0659,Synthetic Supplier 0659 LLC,900000000000659,SYN-0659-INV-04,2026-01-25,109159.93,5458,483364.25,2026-03-10
SYN-0659,Synthetic Supplier 0659 LLC,900000000000659,SYN-0659-INV-05,2026-03-13,154908.06,7745.4,483364.25,2026-03-10
SYN-0660,Synthetic Supplier 0660 LLC,900000000000660,SYN-0660-INV-01,2026-09-14,191245.65,9562.28,508449.2,
SYN-0660,Synthetic Supplier 0660 LLC,900000000000660,SYN-0660-INV-02,2025-11-05,373697.9,18684.89,508449.2,
SYN-0661,Synthetic Supplier 0661 LLC,900000000000661,SYN-0661-INV-01,2025-10-02,196580.48,9829.02,451872.38,2026-05-12
SYN-0661,Synthetic Supplier 0661 LLC,900000000000661,SYN-0661-INV-02,2025-11-18,174724.49,8736.22,451872.38,2026-05-12
SYN-0661,Synthetic Supplier 0661 LLC,900000000000661,SYN-0661-INV-03,2026-01-04,130775.45,6538.77,451872.38,2026-05-12
SYN-0662,Synthetic Supplier 0662 LLC,900000000000662,SYN-0662-INV-01,2025-10-15,142287.84,7114.39,509144.13,2025-06-13
SYN-0662,Synthetic Supplier 0662 LLC,900000000000662,SYN-0662-INV-02,2025-12-01,201842.85,10092.14,509144.13,2025-06-13
SYN-0662,Synthetic Supplier 0662 LLC,900000000000662,SYN-0662-INV-03,2026-01-17,115721.04,5786.05,509144.13,2025-06-13
SYN-0662,Synthetic Supplier 0662 LLC,900000000000662,SYN-0662-INV-04,2026-03-05,105863.97,5293.2,509144.13,2025-06-13
SYN-0663,Synthetic Supplier 0663 LLC,900000000000663,SYN-0663-INV-01,2025-10-28,156087.8,7804.39,555919.29,2026-07-14
SYN-0663,Synthetic Supplier 0663 LLC,900000000000663,SYN-0663-INV-02,2025-12-14,130919.89,6545.99,555919.29,2026-07-14
SYN-0663,Synthetic Supplier 0663 LLC,900000000000663,SYN-0663-INV-03,2026-01-30,124373,6218.65,555919.29,2026-07-14
SYN-0663,Synthetic Supplier 0663 LLC,900000000000663,SYN-0663-INV-04,2026-03-18,98450.75,4922.54,555919.29,2026-07-14
SYN-0663,Synthetic Supplier 0663 LLC,900000000000663,SYN-0663-INV-05,2026-05-04,107856.66,5392.83,555919.29,2026-07-14
SYN-0664,Synthetic Supplier 0664 LLC,900000000000664,SYN-0664-INV-01,2025-11-10,467487.01,23374.35,643406.36,2025-08-15
SYN-0664,Synthetic Supplier 0664 LLC,900000000000664,SYN-0664-INV-02,2025-12-27,247408.95,12370.45,643406.36,2025-08-15
SYN-0665,Synthetic Supplier 0665 LLC,900000000000665,SYN-0665-INV-01,2025-11-23,107080.99,5354.05,479851.84,
SYN-0665,Synthetic Supplier 0665 LLC,900000000000665,SYN-0665-INV-02,2026-01-09,198350.57,9917.53,479851.84,
SYN-0665,Synthetic Supplier 0665 LLC,900000000000665,SYN-0665-INV-03,2026-02-25,111830.91,5591.55,479851.84,
SYN-0666,Synthetic Supplier 0666 LLC,900000000000666,SYN-0666-INV-01,2025-12-06,118045.91,5902.3,441411.55,2025-01-17
SYN-0666,Synthetic Supplier 0666 LLC,900000000000666,SYN-0666-INV-02,2026-01-22,134799.75,6739.99,441411.55,2025-01-17
SYN-0666,Synthetic Supplier 0666 LLC,900000000000666,SYN-0666-INV-03,2026-03-10,120294.12,6014.71,441411.55,2025-01-17
SYN-0666,Synthetic Supplier 0666 LLC,900000000000666,SYN-0666-INV-04,2026-04-26,117317.5,5865.87,441411.55,2025-01-17
SYN-0667,Synthetic Supplier 0667 LLC,900000000000667,SYN-0667-INV-01,2025-12-19,142003.75,7100.19,644663.28,2026-02-18
SYN-0667,Synthetic Supplier 0667 LLC,900000000000667,SYN-0667-INV-02,2026-02-04,176084.15,8804.21,644663.28,2026-02-18
SYN-0667,Synthetic Supplier 0667 LLC,900000000000667,SYN-0667-INV-03,2026-03-23,108454.1,5422.7,644663.28,2026-02-18
SYN-0667,Synthetic Supplier 0667 LLC,900000000000667,SYN-0667-INV-04,2026-05-09,123511.35,6175.57,644663.28,2026-02-18
SYN-0667,Synthetic Supplier 0667 LLC,900000000000667,SYN-0667-INV-05,2026-06-25,166239.18,8311.96,644663.28,2026-02-18
SYN-0668,Synthetic Supplier 0668 LLC,900000000000668,SYN-0668-INV-01,2026-01-01,506799.18,25339.96,710207.21,2025-03-19
SYN-0668,Synthetic Supplier 0668 LLC,900000000000668,SYN-0668-INV-02,2026-02-17,282319.95,14116,710207.21,2025-03-19
SYN-0669,Synthetic Supplier 0669 LLC,900000000000669,SYN-0669-INV-01,2026-01-14,195049.84,9752.49,672301.4,2026-04-20
SYN-0669,Synthetic Supplier 0669 LLC,900000000000669,SYN-0669-INV-02,2026-03-02,228490.62,11424.53,672301.4,2026-04-20
SYN-0669,Synthetic Supplier 0669 LLC,900000000000669,SYN-0669-INV-03,2026-04-18,323461.1,16173.05,672301.4,2026-04-20
SYN-0670,Synthetic Supplier 0670 LLC,900000000000670,SYN-0670-INV-01,2026-01-27,104967.54,5248.38,474569.4,
SYN-0670,Synthetic Supplier 0670 LLC,900000000000670,SYN-0670-INV-02,2026-03-15,157335.87,7866.79,474569.4,
SYN-0670,Synthetic Supplier 0670 LLC,900000000000670,SYN-0670-INV-03,2026-05-01,114969.27,5748.46,474569.4,
SYN-0670,Synthetic Supplier 0670 LLC,900000000000670,SYN-0670-INV-04,2026-06-17,150026.66,7501.33,474569.4,
SYN-0671,Synthetic Supplier 0671 LLC,900000000000671,SYN-0671-INV-01,2026-02-09,73003.64,3650.18,426485.61,2026-06-22
SYN-0671,Synthetic Supplier 0671 LLC,900000000000671,SYN-0671-INV-02,2026-03-28,67080.97,3354.05,426485.61,2026-06-22
SYN-0671,Synthetic Supplier 0671 LLC,900000000000671,SYN-0671-INV-03,2026-05-14,126577.47,6328.87,426485.61,2026-06-22
SYN-0671,Synthetic Supplier 0671 LLC,900000000000671,SYN-0671-INV-04,2026-06-30,89072.84,4453.64,426485.61,2026-06-22
SYN-0671,Synthetic Supplier 0671 LLC,900000000000671,SYN-0671-INV-05,2026-08-16,118137.99,5906.9,426485.61,2026-06-22
SYN-0672,Synthetic Supplier 0672 LLC,900000000000672,SYN-0672-INV-01,2026-02-22,451178.92,22558.95,843927.89,2025-07-23
SYN-0672,Synthetic Supplier 0672 LLC,900000000000672,SYN-0672-INV-02,2026-04-10,282671.42,14133.57,843927.89,2025-07-23
SYN-0673,Synthetic Supplier 0673 LLC,900000000000673,SYN-0673-INV-01,2026-03-07,154576.84,7728.84,431911.16,2026-08-24
SYN-0673,Synthetic Supplier 0673 LLC,900000000000673,SYN-0673-INV-02,2026-04-23,186002.9,9300.15,431911.16,2026-08-24
SYN-0673,Synthetic Supplier 0673 LLC,900000000000673,SYN-0673-INV-03,2026-06-09,139321.55,6966.08,431911.16,2026-08-24
SYN-0674,Synthetic Supplier 0674 LLC,900000000000674,SYN-0674-INV-01,2026-03-20,112796.84,5639.84,428410.94,2025-09-25
SYN-0674,Synthetic Supplier 0674 LLC,900000000000674,SYN-0674-INV-02,2026-05-06,191779.58,9588.98,428410.94,2025-09-25
SYN-0674,Synthetic Supplier 0674 LLC,900000000000674,SYN-0674-INV-03,2026-06-22,86932.96,4346.65,428410.94,2025-09-25
SYN-0674,Synthetic Supplier 0674 LLC,900000000000674,SYN-0674-INV-04,2026-08-08,84502.78,4225.14,428410.94,2025-09-25
SYN-0675,Synthetic Supplier 0675 LLC,900000000000675,SYN-0675-INV-01,2026-04-02,102668.94,5133.45,474167.46,
SYN-0675,Synthetic Supplier 0675 LLC,900000000000675,SYN-0675-INV-02,2026-05-19,112459.9,5623,474167.46,
SYN-0675,Synthetic Supplier 0675 LLC,900000000000675,SYN-0675-INV-03,2026-07-05,77711.68,3885.58,474167.46,
SYN-0675,Synthetic Supplier 0675 LLC,900000000000675,SYN-0675-INV-04,2026-08-21,119977.59,5998.88,474167.46,
SYN-0675,Synthetic Supplier 0675 LLC,900000000000675,SYN-0675-INV-05,2025-10-12,114034.63,5701.73,474167.46,
SYN-0676,Synthetic Supplier 0676 LLC,900000000000676,SYN-0676-INV-01,2026-04-15,189108.21,9455.41,369325.61,2025-02-02
SYN-0676,Synthetic Supplier 0676 LLC,900000000000676,SYN-0676-INV-02,2026-06-01,221253.58,11062.68,369325.61,2025-02-02
SYN-0677,Synthetic Supplier 0677 LLC,900000000000677,SYN-0677-INV-01,2026-04-28,246356.41,12317.82,559659.24,2026-03-03
SYN-0677,Synthetic Supplier 0677 LLC,900000000000677,SYN-0677-INV-02,2026-06-14,240400.04,12020,559659.24,2026-03-03
SYN-0677,Synthetic Supplier 0677 LLC,900000000000677,SYN-0677-INV-03,2026-07-31,135087.15,6754.36,559659.24,2026-03-03
SYN-0678,Synthetic Supplier 0678 LLC,900000000000678,SYN-0678-INV-01,2026-05-11,167096.67,8354.83,640025.36,2025-04-04
SYN-0678,Synthetic Supplier 0678 LLC,900000000000678,SYN-0678-INV-02,2026-06-27,199654.63,9982.73,640025.36,2025-04-04
SYN-0678,Synthetic Supplier 0678 LLC,900000000000678,SYN-0678-INV-03,2026-08-13,109880.48,5494.02,640025.36,2025-04-04
SYN-0678,Synthetic Supplier 0678 LLC,900000000000678,SYN-0678-INV-04,2025-10-04,234507.51,11725.38,640025.36,2025-04-04
SYN-0679,Synthetic Supplier 0679 LLC,900000000000679,SYN-0679-INV-01,2026-05-24,107995.18,5399.76,862125.87,2026-05-05
SYN-0679,Synthetic Supplier 0679 LLC,900000000000679,SYN-0679-INV-02,2026-07-10,141097.79,7054.89,862125.87,2026-05-05
SYN-0679,Synthetic Supplier 0679 LLC,900000000000679,SYN-0679-INV-03,2026-08-26,195835.22,9791.76,862125.87,2026-05-05
SYN-0679,Synthetic Supplier 0679 LLC,900000000000679,SYN-0679-INV-04,2025-10-17,131612.7,6580.64,862125.87,2026-05-05
SYN-0679,Synthetic Supplier 0679 LLC,900000000000679,SYN-0679-INV-05,2025-12-03,173133.76,8656.69,862125.87,2026-05-05
SYN-0680,Synthetic Supplier 0680 LLC,900000000000680,SYN-0680-INV-01,2026-06-06,245771.41,12288.57,494311.21,
SYN-0680,Synthetic Supplier 0680 LLC,900000000000680,SYN-0680-INV-02,2026-07-23,303463.27,15173.16,494311.21,
SYN-0681,Synthetic Supplier 0681 LLC,900000000000681,SYN-0681-INV-01,2026-06-19,145716.73,7285.84,447512.15,2026-07-07
SYN-0681,Synthetic Supplier 0681 LLC,900000000000681,SYN-0681-INV-02,2026-08-05,179847.8,8992.39,447512.15,2026-07-07
SYN-0681,Synthetic Supplier 0681 LLC,900000000000681,SYN-0681-INV-03,2026-09-21,171671.19,8583.56,447512.15,2026-07-07
SYN-0682,Synthetic Supplier 0682 LLC,900000000000682,SYN-0682-INV-01,2026-07-02,102257.36,5112.87,546387.81,2025-08-08
SYN-0682,Synthetic Supplier 0682 LLC,900000000000682,SYN-0682-INV-02,2026-08-18,163863.06,8193.15,546387.81,2025-08-08
SYN-0682,Synthetic Supplier 0682 LLC,900000000000682,SYN-0682-INV-03,2025-10-09,140546.35,7027.32,546387.81,2025-08-08
SYN-0682,Synthetic Supplier 0682 LLC,900000000000682,SYN-0682-INV-04,2025-11-25,200430.79,10021.54,546387.81,2025-08-08
SYN-0683,Synthetic Supplier 0683 LLC,900000000000683,SYN-0683-INV-01,2026-07-15,93016.96,4650.85,493147.07,2026-09-09
SYN-0683,Synthetic Supplier 0683 LLC,900000000000683,SYN-0683-INV-02,2026-08-31,76566.09,3828.3,493147.07,2026-09-09
SYN-0683,Synthetic Supplier 0683 LLC,900000000000683,SYN-0683-INV-03,2025-10-22,155553.81,7777.69,493147.07,2026-09-09
SYN-0683,Synthetic Supplier 0683 LLC,900000000000683,SYN-0683-INV-04,2025-12-08,141291.95,7064.6,493147.07,2026-09-09
SYN-0683,Synthetic Supplier 0683 LLC,900000000000683,SYN-0683-INV-05,2026-01-24,81512.38,4075.62,493147.07,2026-09-09
SYN-0684,Synthetic Supplier 0684 LLC,900000000000684,SYN-0684-INV-01,2026-07-28,466466.39,23323.32,703979.71,2025-01-10
SYN-0684,Synthetic Supplier 0684 LLC,900000000000684,SYN-0684-INV-02,2026-09-13,315733.29,15786.66,703979.71,2025-01-10
SYN-0685,Synthetic Supplier 0685 LLC,900000000000685,SYN-0685-INV-01,2026-08-10,127546.93,6377.35,429440.1,
SYN-0685,Synthetic Supplier 0685 LLC,900000000000685,SYN-0685-INV-02,2026-09-26,165246.64,8262.33,429440.1,
SYN-0685,Synthetic Supplier 0685 LLC,900000000000685,SYN-0685-INV-03,2025-11-17,184362.1,9218.1,429440.1,
SYN-0686,Synthetic Supplier 0686 LLC,900000000000686,SYN-0686-INV-01,2026-08-23,235225.62,11761.28,912144.33,2025-03-12
SYN-0686,Synthetic Supplier 0686 LLC,900000000000686,SYN-0686-INV-02,2025-10-14,201918.5,10095.93,912144.33,2025-03-12
SYN-0686,Synthetic Supplier 0686 LLC,900000000000686,SYN-0686-INV-03,2025-11-30,168316.66,8415.83,912144.33,2025-03-12
SYN-0686,Synthetic Supplier 0686 LLC,900000000000686,SYN-0686-INV-04,2026-01-16,187708.2,9385.41,912144.33,2025-03-12
SYN-0687,Synthetic Supplier 0687 LLC,900000000000687,SYN-0687-INV-01,2026-09-05,179084.89,8954.24,683644.53,2026-04-13
SYN-0687,Synthetic Supplier 0687 LLC,900000000000687,SYN-0687-INV-02,2025-10-27,191542.02,9577.1,683644.53,2026-04-13
SYN-0687,Synthetic Supplier 0687 LLC,900000000000687,SYN-0687-INV-03,2025-12-13,102751.52,5137.58,683644.53,2026-04-13
SYN-0687,Synthetic Supplier 0687 LLC,900000000000687,SYN-0687-INV-04,2026-01-29,119991.75,5999.59,683644.53,2026-04-13
SYN-0687,Synthetic Supplier 0687 LLC,900000000000687,SYN-0687-INV-05,2026-03-17,166234.87,8311.74,683644.53,2026-04-13
SYN-0688,Synthetic Supplier 0688 LLC,900000000000688,SYN-0688-INV-01,2026-09-18,372395.53,18619.78,719044.71,2025-05-14
SYN-0688,Synthetic Supplier 0688 LLC,900000000000688,SYN-0688-INV-02,2025-11-09,426543.03,21327.15,719044.71,2025-05-14
SYN-0689,Synthetic Supplier 0689 LLC,900000000000689,SYN-0689-INV-01,2025-10-06,176423.75,8821.19,456753.71,2026-06-15
SYN-0689,Synthetic Supplier 0689 LLC,900000000000689,SYN-0689-INV-02,2025-11-22,162619.82,8130.99,456753.71,2026-06-15
SYN-0689,Synthetic Supplier 0689 LLC,900000000000689,SYN-0689-INV-03,2026-01-08,168460.56,8423.03,456753.71,2026-06-15
SYN-0690,Synthetic Supplier 0690 LLC,900000000000690,SYN-0690-INV-01,2025-10-19,217227.39,10861.37,673565.48,
SYN-0690,Synthetic Supplier 0690 LLC,900000000000690,SYN-0690-INV-02,2025-12-05,135223.59,6761.18,673565.48,
SYN-0690,Synthetic Supplier 0690 LLC,900000000000690,SYN-0690-INV-03,2026-01-21,214281.46,10714.07,673565.48,
SYN-0690,Synthetic Supplier 0690 LLC,900000000000690,SYN-0690-INV-04,2026-03-09,181673.65,9083.68,673565.48,
SYN-0691,Synthetic Supplier 0691 LLC,900000000000691,SYN-0691-INV-01,2025-11-01,116053.82,5802.69,523127.38,2026-08-17
SYN-0691,Synthetic Supplier 0691 LLC,900000000000691,SYN-0691-INV-02,2025-12-18,141185.41,7059.27,523127.38,2026-08-17
SYN-0691,Synthetic Supplier 0691 LLC,900000000000691,SYN-0691-INV-03,2026-02-03,109605.66,5480.28,523127.38,2026-08-17
SYN-0691,Synthetic Supplier 0691 LLC,900000000000691,SYN-0691-INV-04,2026-03-22,146365.78,7318.29,523127.38,2026-08-17
SYN-0691,Synthetic Supplier 0691 LLC,900000000000691,SYN-0691-INV-05,2026-05-08,68041.98,3402.1,523127.38,2026-08-17
SYN-0692,Synthetic Supplier 0692 LLC,900000000000692,SYN-0692-INV-01,2025-11-14,318624.34,15931.22,452822.95,2025-09-18
SYN-0692,Synthetic Supplier 0692 LLC,900000000000692,SYN-0692-INV-02,2025-12-31,184512.27,9225.61,452822.95,2025-09-18
SYN-0693,Synthetic Supplier 0693 LLC,900000000000693,SYN-0693-INV-01,2025-11-27,104276.35,5213.82,445689.22,2026-01-19
SYN-0693,Synthetic Supplier 0693 LLC,900000000000693,SYN-0693-INV-02,2026-01-13,124198.23,6209.91,445689.22,2026-01-19
SYN-0693,Synthetic Supplier 0693 LLC,900000000000693,SYN-0693-INV-03,2026-03-01,159081.27,7954.06,445689.22,2026-01-19
SYN-0694,Synthetic Supplier 0694 LLC,900000000000694,SYN-0694-INV-01,2025-12-10,74197.93,3709.9,367038.65,2025-02-20
SYN-0694,Synthetic Supplier 0694 LLC,900000000000694,SYN-0694-INV-02,2026-01-26,127939.55,6396.98,367038.65,2025-02-20
SYN-0694,Synthetic Supplier 0694 LLC,900000000000694,SYN-0694-INV-03,2026-03-14,74700.24,3735.01,367038.65,2025-02-20
SYN-0694,Synthetic Supplier 0694 LLC,900000000000694,SYN-0694-INV-04,2026-04-30,130983,6549.15,367038.65,2025-02-20
SYN-0695,Synthetic Supplier 0695 LLC,900000000000695,SYN-0695-INV-01,2025-12-23,105040.54,5252.03,523670.55,
SYN-0695,Synthetic Supplier 0695 LLC,900000000000695,SYN-0695-INV-02,2026-02-08,146240.91,7312.05,523670.55,
SYN-0695,Synthetic Supplier 0695 LLC,900000000000695,SYN-0695-INV-03,2026-03-27,104968.25,5248.41,523670.55,
SYN-0695,Synthetic Supplier 0695 LLC,900000000000695,SYN-0695-INV-04,2026-05-13,140714.35,7035.72,523670.55,
SYN-0695,Synthetic Supplier 0695 LLC,900000000000695,SYN-0695-INV-05,2026-06-29,84892.11,4244.61,523670.55,
SYN-0696,Synthetic Supplier 0696 LLC,900000000000696,SYN-0696-INV-01,2026-01-05,257046.08,12852.3,394651.09,2025-04-22
SYN-0696,Synthetic Supplier 0696 LLC,900000000000696,SYN-0696-INV-02,2026-02-21,181455.13,9072.76,394651.09,2025-04-22
SYN-0697,Synthetic Supplier 0697 LLC,900000000000697,SYN-0697-INV-01,2026-01-18,155311.5,7765.58,528070.43,2026-05-23
SYN-0697,Synthetic Supplier 0697 LLC,900000000000697,SYN-0697-INV-02,2026-03-06,212700.97,10635.05,528070.43,2026-05-23
SYN-0697,Synthetic Supplier 0697 LLC,900000000000697,SYN-0697-INV-03,2026-04-22,218732.46,10936.62,528070.43,2026-05-23
SYN-0698,Synthetic Supplier 0698 LLC,900000000000698,SYN-0698-INV-01,2026-01-31,147304.05,7365.2,517706.52,2025-06-24
SYN-0698,Synthetic Supplier 0698 LLC,900000000000698,SYN-0698-INV-02,2026-03-19,131322.44,6566.12,517706.52,2025-06-24
SYN-0698,Synthetic Supplier 0698 LLC,900000000000698,SYN-0698-INV-03,2026-05-05,138572.23,6928.61,517706.52,2025-06-24
SYN-0698,Synthetic Supplier 0698 LLC,900000000000698,SYN-0698-INV-04,2026-06-21,158030.74,7901.54,517706.52,2025-06-24
SYN-0699,Synthetic Supplier 0699 LLC,900000000000699,SYN-0699-INV-01,2026-02-13,122045.93,6102.3,718859.53,2026-07-25
SYN-0699,Synthetic Supplier 0699 LLC,900000000000699,SYN-0699-INV-02,2026-04-01,215331.42,10766.57,718859.53,2026-07-25
SYN-0699,Synthetic Supplier 0699 LLC,900000000000699,SYN-0699-INV-03,2026-05-18,146404.26,7320.21,718859.53,2026-07-25
SYN-0699,Synthetic Supplier 0699 LLC,900000000000699,SYN-0699-INV-04,2026-07-04,160858.98,8042.95,718859.53,2026-07-25
SYN-0699,Synthetic Supplier 0699 LLC,900000000000699,SYN-0699-INV-05,2026-08-20,154092.21,7704.61,718859.53,2026-07-25
SYN-0700,Synthetic Supplier 0700 LLC,900000000000700,SYN-0700-INV-01,2026-02-26,247598.37,12379.92,566569.22,
SYN-0700,Synthetic Supplier 0700 LLC,900000000000700,SYN-0700-INV-02,2026-04-14,245070.51,12253.53,566569.22,
SYN-0701,Synthetic Supplier 0701 LLC,900000000000701,SYN-0701-INV-01,2026-03-11,200933.69,10046.68,631229.61,2026-09-02
SYN-0701,Synthetic Supplier 0701 LLC,900000000000701,SYN-0701-INV-02,2026-04-27,195265.24,9763.26,631229.61,2026-09-02
SYN-0701,Synthetic Supplier 0701 LLC,900000000000701,SYN-0701-INV-03,2026-06-13,305167.3,15258.37,631229.61,2026-09-02
SYN-0702,Synthetic Supplier 0702 LLC,900000000000702,SYN-0702-INV-01,2026-03-24,135128.31,6756.42,504935.71,2025-01-03
SYN-0702,Synthetic Supplier 0702 LLC,900000000000702,SYN-0702-INV-02,2026-05-10,187860.35,9393.02,504935.71,2025-01-03
SYN-0702,Synthetic Supplier 0702 LLC,900000000000702,SYN-0702-INV-03,2026-06-26,117275.79,5863.79,504935.71,2025-01-03
SYN-0702,Synthetic Supplier 0702 LLC,900000000000702,SYN-0702-INV-04,2026-08-12,120775.22,6038.76,504935.71,2025-01-03
SYN-0703,Synthetic Supplier 0703 LLC,900000000000703,SYN-0703-INV-01,2026-04-06,144006.17,7200.31,576985.38,2026-02-04
SYN-0703,Synthetic Supplier 0703 LLC,900000000000703,SYN-0703-INV-02,2026-05-23,132450,6622.5,576985.38,2026-02-04
SYN-0703,Synthetic Supplier 0703 LLC,900000000000703,SYN-0703-INV-03,2026-07-09,155422.13,7771.11,576985.38,2026-02-04
SYN-0703,Synthetic Supplier 0703 LLC,900000000000703,SYN-0703-INV-04,2026-08-25,111623.07,5581.15,576985.38,2026-02-04
SYN-0703,Synthetic Supplier 0703 LLC,900000000000703,SYN-0703-INV-05,2025-10-16,97593.5,4879.67,576985.38,2026-02-04
SYN-0704,Synthetic Supplier 0704 LLC,900000000000704,SYN-0704-INV-01,2026-04-19,334132.07,16706.6,473545.35,2025-03-05
SYN-0704,Synthetic Supplier 0704 LLC,900000000000704,SYN-0704-INV-02,2026-06-05,192029.43,9601.47,473545.35,2025-03-05
SYN-0705,Synthetic Supplier 0705 LLC,900000000000705,SYN-0705-INV-01,2026-05-02,279527.03,13976.35,602441,
SYN-0705,Synthetic Supplier 0705 LLC,900000000000705,SYN-0705-INV-02,2026-06-18,180172.14,9008.61,602441,
SYN-0705,Synthetic Supplier 0705 LLC,900000000000705,SYN-0705-INV-03,2026-08-04,209679.71,10483.99,602441,
SYN-0706,Synthetic Supplier 0706 LLC,900000000000706,SYN-0706-INV-01,2026-05-15,87386.01,4369.3,388193.41,2025-05-07
SYN-0706,Synthetic Supplier 0706 LLC,900000000000706,SYN-0706-INV-02,2026-07-01,77242.42,3862.12,388193.41,2025-05-07
SYN-0706,Synthetic Supplier 0706 LLC,900000000000706,SYN-0706-INV-03,2026-08-17,134442.12,6722.11,388193.41,2025-05-07
SYN-0706,Synthetic Supplier 0706 LLC,900000000000706,SYN-0706-INV-04,2025-10-08,132255.46,6612.77,388193.41,2025-05-07
SYN-0707,Synthetic Supplier 0707 LLC,900000000000707,SYN-0707-INV-01,2026-05-28,104273.24,5213.66,594261.84,2026-06-08
SYN-0707,Synthetic Supplier 0707 LLC,900000000000707,SYN-0707-INV-02,2026-07-14,113368.05,5668.4,594261.84,2026-06-08
SYN-0707,Synthetic Supplier 0707 LLC,900000000000707,SYN-0707-INV-03,2026-08-30,121483.02,6074.15,594261.84,2026-06-08
SYN-0707,Synthetic Supplier 0707 LLC,900000000000707,SYN-0707-INV-04,2025-10-21,88547.08,4427.35,594261.84,2026-06-08
SYN-0707,Synthetic Supplier 0707 LLC,900000000000707,SYN-0707-INV-05,2025-12-07,89078.03,4453.9,594261.84,2026-06-08
SYN-0708,Synthetic Supplier 0708 LLC,900000000000708,SYN-0708-INV-01,2026-06-10,337326.24,16866.31,599464.54,2025-07-09
SYN-0708,Synthetic Supplier 0708 LLC,900000000000708,SYN-0708-INV-02,2026-07-27,328745.47,16437.27,599464.54,2025-07-09
SYN-0709,Synthetic Supplier 0709 LLC,900000000000709,SYN-0709-INV-01,2026-06-23,144932.71,7246.64,465217.27,2026-08-10
SYN-0709,Synthetic Supplier 0709 LLC,900000000000709,SYN-0709-INV-02,2026-08-09,216952.73,10847.64,465217.27,2026-08-10
SYN-0709,Synthetic Supplier 0709 LLC,900000000000709,SYN-0709-INV-03,2026-09-25,155022.64,7751.13,465217.27,2026-08-10
SYN-0710,Synthetic Supplier 0710 LLC,900000000000710,SYN-0710-INV-01,2026-07-06,121103.1,6055.16,363618.35,
SYN-0710,Synthetic Supplier 0710 LLC,900000000000710,SYN-0710-INV-02,2026-08-22,69330.39,3466.52,363618.35,
SYN-0710,Synthetic Supplier 0710 LLC,900000000000710,SYN-0710-INV-03,2025-10-13,100211.53,5010.58,363618.35,
SYN-0710,Synthetic Supplier 0710 LLC,900000000000710,SYN-0710-INV-04,2025-11-29,113375.37,5668.77,363618.35,
SYN-0711,Synthetic Supplier 0711 LLC,900000000000711,SYN-0711-INV-01,2026-07-19,118570.42,5928.52,682617.5,2026-01-12
SYN-0711,Synthetic Supplier 0711 LLC,900000000000711,SYN-0711-INV-02,2026-09-04,147544.68,7377.23,682617.5,2026-01-12
SYN-0711,Synthetic Supplier 0711 LLC,900000000000711,SYN-0711-INV-03,2025-10-26,139861.49,6993.07,682617.5,2026-01-12
SYN-0711,Synthetic Supplier 0711 LLC,900000000000711,SYN-0711-INV-04,2025-12-12,178299.38,8914.97,682617.5,2026-01-12
SYN-0711,Synthetic Supplier 0711 LLC,900000000000711,SYN-0711-INV-05,2026-01-28,174187.92,8709.4,682617.5,2026-01-12
SYN-0712,Synthetic Supplier 0712 LLC,900000000000712,SYN-0712-INV-01,2026-08-01,316934.45,15846.72,712087.91,2025-02-13
SYN-0712,Synthetic Supplier 0712 LLC,900000000000712,SYN-0712-INV-02,2026-09-17,474274.34,23713.72,712087.91,2025-02-13
SYN-0713,Synthetic Supplier 0713 LLC,900000000000713,SYN-0713-INV-01,2026-08-14,122589.01,6129.45,441547.01,2026-03-14
SYN-0713,Synthetic Supplier 0713 LLC,900000000000713,SYN-0713-INV-02,2025-10-05,146011.25,7300.56,441547.01,2026-03-14
SYN-0713,Synthetic Supplier 0713 LLC,900000000000713,SYN-0713-INV-03,2025-11-21,222007.52,11100.38,441547.01,2026-03-14
SYN-0714,Synthetic Supplier 0714 LLC,900000000000714,SYN-0714-INV-01,2026-08-27,109204.01,5460.2,488941.95,2025-04-15
SYN-0714,Synthetic Supplier 0714 LLC,900000000000714,SYN-0714-INV-02,2025-10-18,86429.73,4321.49,488941.95,2025-04-15
SYN-0714,Synthetic Supplier 0714 LLC,900000000000714,SYN-0714-INV-03,2025-12-04,97634.12,4881.71,488941.95,2025-04-15
SYN-0714,Synthetic Supplier 0714 LLC,900000000000714,SYN-0714-INV-04,2026-01-20,131899.04,6594.95,488941.95,2025-04-15
SYN-0715,Synthetic Supplier 0715 LLC,900000000000715,SYN-0715-INV-01,2026-09-09,122118.94,6105.95,647551.6,
SYN-0715,Synthetic Supplier 0715 LLC,900000000000715,SYN-0715-INV-02,2025-10-31,142542.68,7127.13,647551.6,
SYN-0715,Synthetic Supplier 0715 LLC,900000000000715,SYN-0715-INV-03,2025-12-17,152342.79,7617.14,647551.6,
SYN-0715,Synthetic Supplier 0715 LLC,900000000000715,SYN-0715-INV-04,2026-02-02,127289.46,6364.47,647551.6,
SYN-0715,Synthetic Supplier 0715 LLC,900000000000715,SYN-0715-INV-05,2026-03-21,175207.9,8760.39,647551.6,
SYN-0716,Synthetic Supplier 0716 LLC,900000000000716,SYN-0716-INV-01,2026-09-22,486482.63,24324.13,709440.81,2025-06-17
SYN-0716,Synthetic Supplier 0716 LLC,900000000000716,SYN-0716-INV-02,2025-11-13,301784.93,15089.25,709440.81,2025-06-17
SYN-0717,Synthetic Supplier 0717 LLC,900000000000717,SYN-0717-INV-01,2025-10-10,130601.78,6530.09,352817.66,2026-07-18
SYN-0717,Synthetic Supplier 0717 LLC,900000000000717,SYN-0717-INV-02,2025-11-26,133506.73,6675.34,352817.66,2026-07-18
SYN-0717,Synthetic Supplier 0717 LLC,900000000000717,SYN-0717-INV-03,2026-01-12,127911.11,6395.56,352817.66,2026-07-18
SYN-0718,Synthetic Supplier 0718 LLC,900000000000718,SYN-0718-INV-01,2025-10-23,118526.91,5926.35,359305.7,2025-08-19
SYN-0718,Synthetic Supplier 0718 LLC,900000000000718,SYN-0718-INV-02,2025-12-09,81282.36,4064.12,359305.7,2025-08-19
SYN-0718,Synthetic Supplier 0718 LLC,900000000000718,SYN-0718-INV-03,2026-01-25,112034.78,5601.74,359305.7,2025-08-19
SYN-0718,Synthetic Supplier 0718 LLC,900000000000718,SYN-0718-INV-04,2026-03-13,87384.51,4369.23,359305.7,2025-08-19
SYN-0719,Synthetic Supplier 0719 LLC,900000000000719,SYN-0719-INV-01,2025-11-05,164468.53,8223.43,579692.36,2026-09-20
SYN-0719,Synthetic Supplier 0719 LLC,900000000000719,SYN-0719-INV-02,2025-12-22,93410.12,4670.51,579692.36,2026-09-20
SYN-0719,Synthetic Supplier 0719 LLC,900000000000719,SYN-0719-INV-03,2026-02-07,94221.18,4711.06,579692.36,2026-09-20
SYN-0719,Synthetic Supplier 0719 LLC,900000000000719,SYN-0719-INV-04,2026-03-26,135930.83,6796.54,579692.36,2026-09-20
SYN-0719,Synthetic Supplier 0719 LLC,900000000000719,SYN-0719-INV-05,2026-05-12,156071.97,7803.6,579692.36,2026-09-20
SYN-0720,Synthetic Supplier 0720 LLC,900000000000720,SYN-0720-INV-01,2025-11-18,393320.84,19666.04,700602.34,
SYN-0720,Synthetic Supplier 0720 LLC,900000000000720,SYN-0720-INV-02,2026-01-04,385126.2,19256.31,700602.34,
SYN-0721,Synthetic Supplier 0721 LLC,900000000000721,SYN-0721-INV-01,2025-12-01,241067.17,12053.36,873645.82,2026-02-22
SYN-0721,Synthetic Supplier 0721 LLC,900000000000721,SYN-0721-INV-02,2026-01-17,305014.59,15250.73,873645.82,2026-02-22
SYN-0721,Synthetic Supplier 0721 LLC,900000000000721,SYN-0721-INV-03,2026-03-05,213610.26,10680.51,873645.82,2026-02-22
SYN-0722,Synthetic Supplier 0722 LLC,900000000000722,SYN-0722-INV-01,2025-12-14,155969.78,7798.49,592761.63,2025-03-23
SYN-0722,Synthetic Supplier 0722 LLC,900000000000722,SYN-0722-INV-02,2026-01-30,123865.03,6193.25,592761.63,2025-03-23
SYN-0722,Synthetic Supplier 0722 LLC,900000000000722,SYN-0722-INV-03,2026-03-18,191029.79,9551.49,592761.63,2025-03-23
SYN-0722,Synthetic Supplier 0722 LLC,900000000000722,SYN-0722-INV-04,2026-05-04,187759.43,9387.97,592761.63,2025-03-23
SYN-0723,Synthetic Supplier 0723 LLC,900000000000723,SYN-0723-INV-01,2025-12-27,130268.81,6513.44,539532.73,2026-04-24
SYN-0723,Synthetic Supplier 0723 LLC,900000000000723,SYN-0723-INV-02,2026-02-12,90073.32,4503.67,539532.73,2026-04-24
SYN-0723,Synthetic Supplier 0723 LLC,900000000000723,SYN-0723-INV-03,2026-03-31,100754.77,5037.74,539532.73,2026-04-24
SYN-0723,Synthetic Supplier 0723 LLC,900000000000723,SYN-0723-INV-04,2026-05-17,160895.59,8044.78,539532.73,2026-04-24
SYN-0723,Synthetic Supplier 0723 LLC,900000000000723,SYN-0723-INV-05,2026-07-03,117488.31,5874.42,539532.73,2026-04-24
SYN-0724,Synthetic Supplier 0724 LLC,900000000000724,SYN-0724-INV-01,2026-01-09,297048.62,14852.43,496880.26,2025-05-25
SYN-0724,Synthetic Supplier 0724 LLC,900000000000724,SYN-0724-INV-02,2026-02-25,255040.56,12752.03,496880.26,2025-05-25
SYN-0725,Synthetic Supplier 0725 LLC,900000000000725,SYN-0725-INV-01,2026-01-22,239404.2,11970.21,520523.14,
SYN-0725,Synthetic Supplier 0725 LLC,900000000000725,SYN-0725-INV-02,2026-03-10,180236.82,9011.84,520523.14,
SYN-0725,Synthetic Supplier 0725 LLC,900000000000725,SYN-0725-INV-03,2026-04-26,158718.02,7935.9,520523.14,
SYN-0726,Synthetic Supplier 0726 LLC,900000000000726,SYN-0726-INV-01,2026-02-04,234392.58,11719.63,679743.36,2025-07-02
SYN-0726,Synthetic Supplier 0726 LLC,900000000000726,SYN-0726-INV-02,2026-03-23,189912.12,9495.61,679743.36,2025-07-02
SYN-0726,Synthetic Supplier 0726 LLC,900000000000726,SYN-0726-INV-03,2026-05-09,201592.02,10079.6,679743.36,2025-07-02
SYN-0726,Synthetic Supplier 0726 LLC,900000000000726,SYN-0726-INV-04,2026-06-25,129373.68,6468.68,679743.36,2025-07-02
SYN-0727,Synthetic Supplier 0727 LLC,900000000000727,SYN-0727-INV-01,2026-02-17,95032.55,4751.63,497249.92,2026-08-03
SYN-0727,Synthetic Supplier 0727 LLC,900000000000727,SYN-0727-INV-02,2026-04-05,113734.67,5686.73,497249.92,2026-08-03
SYN-0727,Synthetic Supplier 0727 LLC,900000000000727,SYN-0727-INV-03,2026-05-22,101389.26,5069.46,497249.92,2026-08-03
SYN-0727,Synthetic Supplier 0727 LLC,900000000000727,SYN-0727-INV-04,2026-07-08,107835.66,5391.78,497249.92,2026-08-03
SYN-0727,Synthetic Supplier 0727 LLC,900000000000727,SYN-0727-INV-05,2026-08-24,134507.78,6725.39,497249.92,2026-08-03
SYN-0728,Synthetic Supplier 0728 LLC,900000000000728,SYN-0728-INV-01,2026-03-02,327043.17,16352.16,766572.44,2025-09-04
SYN-0728,Synthetic Supplier 0728 LLC,900000000000728,SYN-0728-INV-02,2026-04-18,339541.56,16977.08,766572.44,2025-09-04
SYN-0729,Synthetic Supplier 0729 LLC,900000000000729,SYN-0729-INV-01,2026-03-15,176028.77,8801.44,430352.62,2026-01-05
SYN-0729,Synthetic Supplier 0729 LLC,900000000000729,SYN-0729-INV-02,2026-05-01,130381.53,6519.08,430352.62,2026-01-05
SYN-0729,Synthetic Supplier 0729 LLC,900000000000729,SYN-0729-INV-03,2026-06-17,171759.27,8587.96,430352.62,2026-01-05
SYN-0730,Synthetic Supplier 0730 LLC,900000000000730,SYN-0730-INV-01,2026-03-28,116072.98,5803.65,492445.38,
SYN-0730,Synthetic Supplier 0730 LLC,900000000000730,SYN-0730-INV-02,2026-05-14,143372.22,7168.61,492445.38,
SYN-0730,Synthetic Supplier 0730 LLC,900000000000730,SYN-0730-INV-03,2026-06-30,194582.86,9729.14,492445.38,
SYN-0730,Synthetic Supplier 0730 LLC,900000000000730,SYN-0730-INV-04,2026-08-16,93133.47,4656.67,492445.38,
SYN-0731,Synthetic Supplier 0731 LLC,900000000000731,SYN-0731-INV-01,2026-04-10,154498.23,7724.91,673013.42,2026-03-07
SYN-0731,Synthetic Supplier 0731 LLC,900000000000731,SYN-0731-INV-02,2026-05-27,197433.85,9871.69,673013.42,2026-03-07
SYN-0731,Synthetic Supplier 0731 LLC,900000000000731,SYN-0731-INV-03,2026-07-13,114856.18,5742.81,673013.42,2026-03-07
SYN-0731,Synthetic Supplier 0731 LLC,900000000000731,SYN-0731-INV-04,2026-08-29,128261.38,6413.07,673013.42,2026-03-07
SYN-0731,Synthetic Supplier 0731 LLC,900000000000731,SYN-0731-INV-05,2025-10-20,152743.06,7637.15,673013.42,2026-03-07
SYN-0732,Synthetic Supplier 0732 LLC,900000000000732,SYN-0732-INV-01,2026-04-23,340258.39,17012.92,676124.53,2025-04-08
SYN-0732,Synthetic Supplier 0732 LLC,900000000000732,SYN-0732-INV-02,2026-06-09,410991.1,20549.55,676124.53,2025-04-08
SYN-0733,Synthetic Supplier 0733 LLC,900000000000733,SYN-0733-INV-01,2026-05-06,179274.82,8963.74,411349.65,2026-05-09
SYN-0733,Synthetic Supplier 0733 LLC,900000000000733,SYN-0733-INV-02,2026-06-22,112569.51,5628.48,411349.65,2026-05-09
SYN-0733,Synthetic Supplier 0733 LLC,900000000000733,SYN-0733-INV-03,2026-08-08,165210.83,8260.54,411349.65,2026-05-09
SYN-0734,Synthetic Supplier 0734 LLC,900000000000734,SYN-0734-INV-01,2026-05-19,130491.29,6524.56,442954.95,2025-06-10
SYN-0734,Synthetic Supplier 0734 LLC,900000000000734,SYN-0734-INV-02,2026-07-05,129310.18,6465.51,442954.95,2025-06-10
SYN-0734,Synthetic Supplier 0734 LLC,900000000000734,SYN-0734-INV-03,2026-08-21,128537.48,6426.87,442954.95,2025-06-10
SYN-0734,Synthetic Supplier 0734 LLC,900000000000734,SYN-0734-INV-04,2025-10-12,103833.23,5191.66,442954.95,2025-06-10
SYN-0735,Synthetic Supplier 0735 LLC,900000000000735,SYN-0735-INV-01,2026-06-01,89016.33,4450.82,581890.03,
SYN-0735,Synthetic Supplier 0735 LLC,900000000000735,SYN-0735-INV-02,2026-07-18,97644.82,4882.24,581890.03,
SYN-0735,Synthetic Supplier 0735 LLC,900000000000735,SYN-0735-INV-03,2026-09-03,68604.68,3430.23,581890.03,
SYN-0735,Synthetic Supplier 0735 LLC,900000000000735,SYN-0735-INV-04,2025-10-25,114194.4,5709.72,581890.03,
SYN-0735,Synthetic Supplier 0735 LLC,900000000000735,SYN-0735-INV-05,2025-12-11,136531.1,6826.55,581890.03,
SYN-0736,Synthetic Supplier 0736 LLC,900000000000736,SYN-0736-INV-01,2026-06-14,408813.89,20440.69,669026.69,2025-08-12
SYN-0736,Synthetic Supplier 0736 LLC,900000000000736,SYN-0736-INV-02,2026-07-31,334549.09,16727.45,669026.69,2025-08-12
SYN-0737,Synthetic Supplier 0737 LLC,900000000000737,SYN-0737-INV-01,2026-06-27,166002.32,8300.12,487871.07,2026-09-13
SYN-0737,Synthetic Supplier 0737 LLC,900000000000737,SYN-0737-INV-02,2026-08-13,150047,7502.35,487871.07,2026-09-13
SYN-0737,Synthetic Supplier 0737 LLC,900000000000737,SYN-0737-INV-03,2025-10-04,226029.65,11301.48,487871.07,2026-09-13
SYN-0738,Synthetic Supplier 0738 LLC,900000000000738,SYN-0738-INV-01,2026-07-10,157865.48,7893.27,680034.54,2025-01-14
SYN-0738,Synthetic Supplier 0738 LLC,900000000000738,SYN-0738-INV-02,2026-08-26,138255.4,6912.77,680034.54,2025-01-14
SYN-0738,Synthetic Supplier 0738 LLC,900000000000738,SYN-0738-INV-03,2025-10-17,319526.73,15976.34,680034.54,2025-01-14
SYN-0738,Synthetic Supplier 0738 LLC,900000000000738,SYN-0738-INV-04,2025-12-03,139946.31,6997.32,680034.54,2025-01-14
SYN-0739,Synthetic Supplier 0739 LLC,900000000000739,SYN-0739-INV-01,2026-07-23,66491.96,3324.6,478942.22,2026-02-15
SYN-0739,Synthetic Supplier 0739 LLC,900000000000739,SYN-0739-INV-02,2026-09-08,134176.39,6708.82,478942.22,2026-02-15
SYN-0739,Synthetic Supplier 0739 LLC,900000000000739,SYN-0739-INV-03,2025-10-30,67963.31,3398.17,478942.22,2026-02-15
SYN-0739,Synthetic Supplier 0739 LLC,900000000000739,SYN-0739-INV-04,2025-12-16,156350.24,7817.51,478942.22,2026-02-15
SYN-0739,Synthetic Supplier 0739 LLC,900000000000739,SYN-0739-INV-05,2026-02-01,107176.12,5358.81,478942.22,2026-02-15
SYN-0740,Synthetic Supplier 0740 LLC,900000000000740,SYN-0740-INV-01,2026-08-05,193088.63,9654.43,344997.98,
SYN-0740,Synthetic Supplier 0740 LLC,900000000000740,SYN-0740-INV-02,2026-09-21,190242.46,9512.12,344997.98,
SYN-0741,Synthetic Supplier 0741 LLC,900000000000741,SYN-0741-INV-01,2026-08-18,177799.27,8889.96,681541.33,2026-04-17
SYN-0741,Synthetic Supplier 0741 LLC,900000000000741,SYN-0741-INV-02,2025-10-09,306204.22,15310.21,681541.33,2026-04-17
SYN-0741,Synthetic Supplier 0741 LLC,900000000000741,SYN-0741-INV-03,2025-11-25,273264.65,13663.23,681541.33,2026-04-17
SYN-0742,Synthetic Supplier 0742 LLC,900000000000742,SYN-0742-INV-01,2026-08-31,120478.27,6023.91,579177.26,2025-05-18
SYN-0742,Synthetic Supplier 0742 LLC,900000000000742,SYN-0742-INV-02,2025-10-22,68412.63,3420.63,579177.26,2025-05-18
SYN-0742,Synthetic Supplier 0742 LLC,900000000000742,SYN-0742-INV-03,2025-12-08,162051.58,8102.58,579177.26,2025-05-18
SYN-0742,Synthetic Supplier 0742 LLC,900000000000742,SYN-0742-INV-04,2026-01-24,152689.91,7634.5,579177.26,2025-05-18
SYN-0743,Synthetic Supplier 0743 LLC,900000000000743,SYN-0743-INV-01,2026-09-13,153653.19,7682.66,717042.22,2026-06-19
SYN-0743,Synthetic Supplier 0743 LLC,900000000000743,SYN-0743-INV-02,2025-11-04,166314.6,8315.73,717042.22,2026-06-19
SYN-0743,Synthetic Supplier 0743 LLC,900000000000743,SYN-0743-INV-03,2025-12-21,142031.84,7101.59,717042.22,2026-06-19
SYN-0743,Synthetic Supplier 0743 LLC,900000000000743,SYN-0743-INV-04,2026-02-06,145588.22,7279.41,717042.22,2026-06-19
SYN-0743,Synthetic Supplier 0743 LLC,900000000000743,SYN-0743-INV-05,2026-03-25,189125.73,9456.29,717042.22,2026-06-19
SYN-0744,Synthetic Supplier 0744 LLC,900000000000744,SYN-0744-INV-01,2026-09-26,281949.8,14097.49,652711.1,2025-07-20
SYN-0744,Synthetic Supplier 0744 LLC,900000000000744,SYN-0744-INV-02,2025-11-17,443284.75,22164.24,652711.1,2025-07-20
SYN-0745,Synthetic Supplier 0745 LLC,900000000000745,SYN-0745-INV-01,2025-10-14,284456.47,14222.82,695023.64,
SYN-0745,Synthetic Supplier 0745 LLC,900000000000745,SYN-0745-INV-02,2025-11-30,202776.39,10138.82,695023.64,
SYN-0745,Synthetic Supplier 0745 LLC,900000000000745,SYN-0745-INV-03,2026-01-16,285015.64,14250.78,695023.64,
SYN-0746,Synthetic Supplier 0746 LLC,900000000000746,SYN-0746-INV-01,2025-10-27,80275.51,4013.78,412625.75,2025-09-22
SYN-0746,Synthetic Supplier 0746 LLC,900000000000746,SYN-0746-INV-02,2025-12-13,117070.73,5853.54,412625.75,2025-09-22
SYN-0746,Synthetic Supplier 0746 LLC,900000000000746,SYN-0746-INV-03,2026-01-29,102207.15,5110.36,412625.75,2025-09-22
SYN-0746,Synthetic Supplier 0746 LLC,900000000000746,SYN-0746-INV-04,2026-03-17,158919.67,7945.98,412625.75,2025-09-22
SYN-0747,Synthetic Supplier 0747 LLC,900000000000747,SYN-0747-INV-01,2025-11-09,54345.81,2717.29,364859.47,2026-01-23
SYN-0747,Synthetic Supplier 0747 LLC,900000000000747,SYN-0747-INV-02,2025-12-26,109397.32,5469.87,364859.47,2026-01-23
SYN-0747,Synthetic Supplier 0747 LLC,900000000000747,SYN-0747-INV-03,2026-02-11,94156.08,4707.8,364859.47,2026-01-23
SYN-0747,Synthetic Supplier 0747 LLC,900000000000747,SYN-0747-INV-04,2026-03-30,92391.56,4619.58,364859.47,2026-01-23
SYN-0747,Synthetic Supplier 0747 LLC,900000000000747,SYN-0747-INV-05,2026-05-16,55108.65,2755.43,364859.47,2026-01-23
SYN-0748,Synthetic Supplier 0748 LLC,900000000000748,SYN-0748-INV-01,2025-11-22,237205.48,11860.27,524797.1,2025-02-24
SYN-0748,Synthetic Supplier 0748 LLC,900000000000748,SYN-0748-INV-02,2026-01-08,345902.41,17295.12,524797.1,2025-02-24
SYN-0749,Synthetic Supplier 0749 LLC,900000000000749,SYN-0749-INV-01,2025-12-05,179608.77,8980.44,671856.45,2026-03-25
SYN-0749,Synthetic Supplier 0749 LLC,900000000000749,SYN-0749-INV-02,2026-01-21,229897.95,11494.9,671856.45,2026-03-25
SYN-0749,Synthetic Supplier 0749 LLC,900000000000749,SYN-0749-INV-03,2026-03-09,174716.28,8735.81,671856.45,2026-03-25
SYN-0750,Synthetic Supplier 0750 LLC,900000000000750,SYN-0750-INV-01,2025-12-18,178302.94,8915.15,583028.3,
SYN-0750,Synthetic Supplier 0750 LLC,900000000000750,SYN-0750-INV-02,2026-02-03,207487.27,10374.36,583028.3,
SYN-0750,Synthetic Supplier 0750 LLC,900000000000750,SYN-0750-INV-03,2026-03-22,168086.7,8404.33,583028.3,
SYN-0750,Synthetic Supplier 0750 LLC,900000000000750,SYN-0750-INV-04,2026-05-08,93932.31,4696.62,583028.3,
SYN-0751,Synthetic Supplier 0751 LLC,900000000000751,SYN-0751-INV-01,2025-12-31,116338.53,5816.93,632095.49,2026-05-02
SYN-0751,Synthetic Supplier 0751 LLC,900000000000751,SYN-0751-INV-02,2026-02-16,175342.33,8767.12,632095.49,2026-05-02
SYN-0751,Synthetic Supplier 0751 LLC,900000000000751,SYN-0751-INV-03,2026-04-04,153615.06,7680.75,632095.49,2026-05-02
SYN-0751,Synthetic Supplier 0751 LLC,900000000000751,SYN-0751-INV-04,2026-05-21,121536.24,6076.81,632095.49,2026-05-02
SYN-0751,Synthetic Supplier 0751 LLC,900000000000751,SYN-0751-INV-05,2026-07-07,135496.16,6774.81,632095.49,2026-05-02
SYN-0752,Synthetic Supplier 0752 LLC,900000000000752,SYN-0752-INV-01,2026-01-13,332680.22,16634.01,570965.46,2025-06-03
SYN-0752,Synthetic Supplier 0752 LLC,900000000000752,SYN-0752-INV-02,2026-03-01,301725.84,15086.29,570965.46,2025-06-03
SYN-0753,Synthetic Supplier 0753 LLC,900000000000753,SYN-0753-INV-01,2026-01-26,245920.58,12296.03,649543.04,2026-07-04
SYN-0753,Synthetic Supplier 0753 LLC,900000000000753,SYN-0753-INV-02,2026-03-14,235907.42,11795.37,649543.04,2026-07-04
SYN-0753,Synthetic Supplier 0753 LLC,900000000000753,SYN-0753-INV-03,2026-04-30,239886.49,11994.32,649543.04,2026-07-04
SYN-0754,Synthetic Supplier 0754 LLC,900000000000754,SYN-0754-INV-01,2026-02-08,216900.88,10845.04,719249.79,2025-08-05
SYN-0754,Synthetic Supplier 0754 LLC,900000000000754,SYN-0754-INV-02,2026-03-27,187798.62,9389.93,719249.79,2025-08-05
SYN-0754,Synthetic Supplier 0754 LLC,900000000000754,SYN-0754-INV-03,2026-05-13,235790.69,11789.53,719249.79,2025-08-05
SYN-0754,Synthetic Supplier 0754 LLC,900000000000754,SYN-0754-INV-04,2026-06-29,158676.24,7933.81,719249.79,2025-08-05
SYN-0755,Synthetic Supplier 0755 LLC,900000000000755,SYN-0755-INV-01,2026-02-21,129072.24,6453.61,605006.84,
SYN-0755,Synthetic Supplier 0755 LLC,900000000000755,SYN-0755-INV-02,2026-04-09,125517.71,6275.89,605006.84,
SYN-0755,Synthetic Supplier 0755 LLC,900000000000755,SYN-0755-INV-03,2026-05-26,202772.26,10138.61,605006.84,
SYN-0755,Synthetic Supplier 0755 LLC,900000000000755,SYN-0755-INV-04,2026-07-12,105501.33,5275.07,605006.84,
SYN-0755,Synthetic Supplier 0755 LLC,900000000000755,SYN-0755-INV-05,2026-08-28,109366.27,5468.31,605006.84,
SYN-0756,Synthetic Supplier 0756 LLC,900000000000756,SYN-0756-INV-01,2026-03-06,314012.87,15700.64,887237.7,2025-01-07
SYN-0756,Synthetic Supplier 0756 LLC,900000000000756,SYN-0756-INV-02,2026-04-22,457498.17,22874.91,887237.7,2025-01-07
SYN-0757,Synthetic Supplier 0757 LLC,900000000000757,SYN-0757-INV-01,2026-03-19,239959.2,11997.96,637450.36,2026-02-08
SYN-0757,Synthetic Supplier 0757 LLC,900000000000757,SYN-0757-INV-02,2026-05-05,297756.27,14887.81,637450.36,2026-02-08
SYN-0757,Synthetic Supplier 0757 LLC,900000000000757,SYN-0757-INV-03,2026-06-21,170562.71,8528.14,637450.36,2026-02-08
SYN-0758,Synthetic Supplier 0758 LLC,900000000000758,SYN-0758-INV-01,2026-04-01,165075.89,8253.79,668884.86,2025-03-09
SYN-0758,Synthetic Supplier 0758 LLC,900000000000758,SYN-0758-INV-02,2026-05-18,181320.21,9066.01,668884.86,2025-03-09
SYN-0758,Synthetic Supplier 0758 LLC,900000000000758,SYN-0758-INV-03,2026-07-04,179137.22,8956.86,668884.86,2025-03-09
SYN-0758,Synthetic Supplier 0758 LLC,900000000000758,SYN-0758-INV-04,2026-08-20,217672.07,10883.6,668884.86,2025-03-09
SYN-0759,Synthetic Supplier 0759 LLC,900000000000759,SYN-0759-INV-01,2026-04-14,109514.56,5475.73,392245.32,2026-04-10
SYN-0759,Synthetic Supplier 0759 LLC,900000000000759,SYN-0759-INV-02,2026-05-31,85561.42,4278.07,392245.32,2026-04-10
SYN-0759,Synthetic Supplier 0759 LLC,900000000000759,SYN-0759-INV-03,2026-07-17,102240.81,5112.04,392245.32,2026-04-10
SYN-0759,Synthetic Supplier 0759 LLC,900000000000759,SYN-0759-INV-04,2026-09-02,63729.33,3186.47,392245.32,2026-04-10
SYN-0759,Synthetic Supplier 0759 LLC,900000000000759,SYN-0759-INV-05,2025-10-24,74782.01,3739.1,392245.32,2026-04-10
SYN-0760,Synthetic Supplier 0760 LLC,900000000000760,SYN-0760-INV-01,2026-04-27,142706.5,7135.33,387950.4,
SYN-0760,Synthetic Supplier 0760 LLC,900000000000760,SYN-0760-INV-02,2026-06-13,288349.5,14417.48,387950.4,
SYN-0761,Synthetic Supplier 0761 LLC,900000000000761,SYN-0761-INV-01,2026-05-10,116149.94,5807.5,390897.83,2026-06-12
SYN-0761,Synthetic Supplier 0761 LLC,900000000000761,SYN-0761-INV-02,2026-06-26,197695.37,9884.77,390897.83,2026-06-12
SYN-0761,Synthetic Supplier 0761 LLC,900000000000761,SYN-0761-INV-03,2026-08-12,120485.61,6024.28,390897.83,2026-06-12
SYN-0762,Synthetic Supplier 0762 LLC,900000000000762,SYN-0762-INV-01,2026-05-23,187672.74,9383.64,672020.6,2025-07-13
SYN-0762,Synthetic Supplier 0762 LLC,900000000000762,SYN-0762-INV-02,2026-07-09,155903.57,7795.18,672020.6,2025-07-13
SYN-0762,Synthetic Supplier 0762 LLC,900000000000762,SYN-0762-INV-03,2026-08-25,204254.48,10212.72,672020.6,2025-07-13
SYN-0762,Synthetic Supplier 0762 LLC,900000000000762,SYN-0762-INV-04,2025-10-16,198858.76,9942.94,672020.6,2025-07-13
SYN-0763,Synthetic Supplier 0763 LLC,900000000000763,SYN-0763-INV-01,2026-06-05,129443.19,6472.16,606227.25,2026-08-14
SYN-0763,Synthetic Supplier 0763 LLC,900000000000763,SYN-0763-INV-02,2026-07-22,71865.45,3593.27,606227.25,2026-08-14
SYN-0763,Synthetic Supplier 0763 LLC,900000000000763,SYN-0763-INV-03,2026-09-07,130052.81,6502.64,606227.25,2026-08-14
SYN-0763,Synthetic Supplier 0763 LLC,900000000000763,SYN-0763-INV-04,2025-10-29,71572.06,3578.6,606227.25,2026-08-14
SYN-0763,Synthetic Supplier 0763 LLC,900000000000763,SYN-0763-INV-05,2025-12-15,124220.63,6211.03,606227.25,2026-08-14
SYN-0764,Synthetic Supplier 0764 LLC,900000000000764,SYN-0764-INV-01,2026-06-18,258913.07,12945.65,585496.91,2025-09-15
SYN-0764,Synthetic Supplier 0764 LLC,900000000000764,SYN-0764-INV-02,2026-08-04,391639.05,19581.95,585496.91,2025-09-15
SYN-0765,Synthetic Supplier 0765 LLC,900000000000765,SYN-0765-INV-01,2026-07-01,196986.54,9849.33,658432.67,
SYN-0765,Synthetic Supplier 0765 LLC,900000000000765,SYN-0765-INV-02,2026-08-17,342588.05,17129.4,658432.67,
SYN-0765,Synthetic Supplier 0765 LLC,900000000000765,SYN-0765-INV-03,2025-10-08,192017.26,9600.86,658432.67,
SYN-0766,Synthetic Supplier 0766 LLC,900000000000766,SYN-0766-INV-01,2026-07-14,186076.67,9303.83,676092.12,2025-02-17
SYN-0766,Synthetic Supplier 0766 LLC,900000000000766,SYN-0766-INV-02,2026-08-30,166013.36,8300.67,676092.12,2025-02-17
SYN-0766,Synthetic Supplier 0766 LLC,900000000000766,SYN-0766-INV-03,2025-10-21,208485,10424.25,676092.12,2025-02-17
SYN-0766,Synthetic Supplier 0766 LLC,900000000000766,SYN-0766-INV-04,2025-12-07,190638.44,9531.92,676092.12,2025-02-17
SYN-0767,Synthetic Supplier 0767 LLC,900000000000767,SYN-0767-INV-01,2026-07-27,95498.82,4774.94,481263.2,2026-03-18
SYN-0767,Synthetic Supplier 0767 LLC,900000000000767,SYN-0767-INV-02,2026-09-12,116853.85,5842.69,481263.2,2026-03-18
SYN-0767,Synthetic Supplier 0767 LLC,900000000000767,SYN-0767-INV-03,2025-11-03,110039.88,5501.99,481263.2,2026-03-18
SYN-0767,Synthetic Supplier 0767 LLC,900000000000767,SYN-0767-INV-04,2025-12-20,104460.01,5223,481263.2,2026-03-18
SYN-0767,Synthetic Supplier 0767 LLC,900000000000767,SYN-0767-INV-05,2026-02-05,107884.34,5394.22,481263.2,2026-03-18
SYN-0768,Synthetic Supplier 0768 LLC,900000000000768,SYN-0768-INV-01,2026-08-09,421063.82,21053.19,669186.94,2025-04-19
SYN-0768,Synthetic Supplier 0768 LLC,900000000000768,SYN-0768-INV-02,2026-09-25,322477.22,16123.86,669186.94,2025-04-19
SYN-0769,Synthetic Supplier 0769 LLC,900000000000769,SYN-0769-INV-01,2026-08-22,313250.35,15662.52,714269.65,2026-05-20
SYN-0769,Synthetic Supplier 0769 LLC,900000000000769,SYN-0769-INV-02,2025-10-13,225124.85,11256.24,714269.65,2026-05-20
SYN-0769,Synthetic Supplier 0769 LLC,900000000000769,SYN-0769-INV-03,2025-11-29,255257.75,12762.89,714269.65,2026-05-20
SYN-0770,Synthetic Supplier 0770 LLC,900000000000770,SYN-0770-INV-01,2026-09-04,164398.47,8219.92,729507.74,
SYN-0770,Synthetic Supplier 0770 LLC,900000000000770,SYN-0770-INV-02,2025-10-26,106907.19,5345.36,729507.74,
SYN-0770,Synthetic Supplier 0770 LLC,900000000000770,SYN-0770-INV-03,2025-12-12,168059.71,8402.99,729507.74,
SYN-0770,Synthetic Supplier 0770 LLC,900000000000770,SYN-0770-INV-04,2026-01-28,194989.19,9749.46,729507.74,
SYN-0771,Synthetic Supplier 0771 LLC,900000000000771,SYN-0771-INV-01,2026-09-17,60370.79,3018.54,397166.93,2026-07-22
SYN-0771,Synthetic Supplier 0771 LLC,900000000000771,SYN-0771-INV-02,2025-11-08,83951.32,4197.57,397166.93,2026-07-22
SYN-0771,Synthetic Supplier 0771 LLC,900000000000771,SYN-0771-INV-03,2025-12-25,90760.37,4538.02,397166.93,2026-07-22
SYN-0771,Synthetic Supplier 0771 LLC,900000000000771,SYN-0771-INV-04,2026-02-10,86936.62,4346.83,397166.93,2026-07-22
SYN-0771,Synthetic Supplier 0771 LLC,900000000000771,SYN-0771-INV-05,2026-03-29,119277.5,5963.88,397166.93,2026-07-22
SYN-0772,Synthetic Supplier 0772 LLC,900000000000772,SYN-0772-INV-01,2025-10-05,509967.81,25498.39,701564.16,2025-08-23
SYN-0772,Synthetic Supplier 0772 LLC,900000000000772,SYN-0772-INV-02,2025-11-21,269547.92,13477.4,701564.16,2025-08-23
SYN-0773,Synthetic Supplier 0773 LLC,900000000000773,SYN-0773-INV-01,2025-10-18,162165.13,8108.26,480553.44,2026-09-24
SYN-0773,Synthetic Supplier 0773 LLC,900000000000773,SYN-0773-INV-02,2025-12-04,212238.01,10611.9,480553.44,2026-09-24
SYN-0773,Synthetic Supplier 0773 LLC,900000000000773,SYN-0773-INV-03,2026-01-20,159545.13,7977.26,480553.44,2026-09-24
SYN-0774,Synthetic Supplier 0774 LLC,900000000000774,SYN-0774-INV-01,2025-10-31,146287.58,7314.38,514695.22,2025-01-25
SYN-0774,Synthetic Supplier 0774 LLC,900000000000774,SYN-0774-INV-02,2025-12-17,149065.72,7453.29,514695.22,2025-01-25
SYN-0774,Synthetic Supplier 0774 LLC,900000000000774,SYN-0774-INV-03,2026-02-02,183358.4,9167.92,514695.22,2025-01-25
SYN-0774,Synthetic Supplier 0774 LLC,900000000000774,SYN-0774-INV-04,2026-03-21,93171.87,4658.59,514695.22,2025-01-25
SYN-0775,Synthetic Supplier 0775 LLC,900000000000775,SYN-0775-INV-01,2025-11-13,109728.06,5486.4,504015.55,
SYN-0775,Synthetic Supplier 0775 LLC,900000000000775,SYN-0775-INV-02,2025-12-30,133962.56,6698.13,504015.55,
SYN-0775,Synthetic Supplier 0775 LLC,900000000000775,SYN-0775-INV-03,2026-02-15,133827.27,6691.36,504015.55,
SYN-0775,Synthetic Supplier 0775 LLC,900000000000775,SYN-0775-INV-04,2026-04-03,99169.68,4958.48,504015.55,
SYN-0775,Synthetic Supplier 0775 LLC,900000000000775,SYN-0775-INV-05,2026-05-20,83329.71,4166.49,504015.55,
SYN-0776,Synthetic Supplier 0776 LLC,900000000000776,SYN-0776-INV-01,2025-11-26,211963.79,10598.19,381962.81,2025-03-02
SYN-0776,Synthetic Supplier 0776 LLC,900000000000776,SYN-0776-INV-02,2026-01-12,212439.33,10621.97,381962.81,2025-03-02
SYN-0777,Synthetic Supplier 0777 LLC,900000000000777,SYN-0777-INV-01,2025-12-09,209443.95,10472.2,788919.32,2026-04-03
SYN-0777,Synthetic Supplier 0777 LLC,900000000000777,SYN-0777-INV-02,2026-01-25,279335.27,13966.76,788919.32,2026-04-03
SYN-0777,Synthetic Supplier 0777 LLC,900000000000777,SYN-0777-INV-03,2026-03-13,197237.58,9861.88,788919.32,2026-04-03
SYN-0778,Synthetic Supplier 0778 LLC,900000000000778,SYN-0778-INV-01,2025-12-22,103407.44,5170.37,566368.02,2025-05-04
SYN-0778,Synthetic Supplier 0778 LLC,900000000000778,SYN-0778-INV-02,2026-02-07,139781.1,6989.05,566368.02,2025-05-04
SYN-0778,Synthetic Supplier 0778 LLC,900000000000778,SYN-0778-INV-03,2026-03-26,153472.42,7673.62,566368.02,2025-05-04
SYN-0778,Synthetic Supplier 0778 LLC,900000000000778,SYN-0778-INV-04,2026-05-12,232636.84,11631.84,566368.02,2025-05-04
SYN-0779,Synthetic Supplier 0779 LLC,900000000000779,SYN-0779-INV-01,2026-01-04,101852.06,5092.6,522869.79,2026-06-05
SYN-0779,Synthetic Supplier 0779 LLC,900000000000779,SYN-0779-INV-02,2026-02-20,100762.74,5038.14,522869.79,2026-06-05
SYN-0779,Synthetic Supplier 0779 LLC,900000000000779,SYN-0779-INV-03,2026-04-08,137218.25,6860.91,522869.79,2026-06-05
SYN-0779,Synthetic Supplier 0779 LLC,900000000000779,SYN-0779-INV-04,2026-05-25,141679.54,7083.98,522869.79,2026-06-05
SYN-0779,Synthetic Supplier 0779 LLC,900000000000779,SYN-0779-INV-05,2026-07-11,99453.85,4972.69,522869.79,2026-06-05
SYN-0780,Synthetic Supplier 0780 LLC,900000000000780,SYN-0780-INV-01,2026-01-17,278150.08,13907.5,407460.72,
SYN-0780,Synthetic Supplier 0780 LLC,900000000000780,SYN-0780-INV-02,2026-03-05,174584.06,8729.2,407460.72,
SYN-0781,Synthetic Supplier 0781 LLC,900000000000781,SYN-0781-INV-01,2026-01-30,220154.82,11007.74,489876.19,2026-08-07
SYN-0781,Synthetic Supplier 0781 LLC,900000000000781,SYN-0781-INV-02,2026-03-18,114607.94,5730.4,489876.19,2026-08-07
SYN-0781,Synthetic Supplier 0781 LLC,900000000000781,SYN-0781-INV-03,2026-05-04,209544.12,10477.21,489876.19,2026-08-07
SYN-0782,Synthetic Supplier 0782 LLC,900000000000782,SYN-0782-INV-01,2026-02-12,79624.79,3981.24,364028.81,2025-09-08
SYN-0782,Synthetic Supplier 0782 LLC,900000000000782,SYN-0782-INV-02,2026-03-31,107568.21,5378.41,364028.81,2025-09-08
SYN-0782,Synthetic Supplier 0782 LLC,900000000000782,SYN-0782-INV-03,2026-05-17,82681.1,4134.05,364028.81,2025-09-08
SYN-0782,Synthetic Supplier 0782 LLC,900000000000782,SYN-0782-INV-04,2026-07-03,134602.36,6730.12,364028.81,2025-09-08
SYN-0783,Synthetic Supplier 0783 LLC,900000000000783,SYN-0783-INV-01,2026-02-25,132128.15,6606.41,683997.99,2026-01-09
SYN-0783,Synthetic Supplier 0783 LLC,900000000000783,SYN-0783-INV-02,2026-04-13,150634.96,7531.75,683997.99,2026-01-09
SYN-0783,Synthetic Supplier 0783 LLC,900000000000783,SYN-0783-INV-03,2026-05-30,137530.9,6876.54,683997.99,2026-01-09
SYN-0783,Synthetic Supplier 0783 LLC,900000000000783,SYN-0783-INV-04,2026-07-16,123193,6159.65,683997.99,2026-01-09
SYN-0783,Synthetic Supplier 0783 LLC,900000000000783,SYN-0783-INV-05,2026-09-01,216510.76,10825.54,683997.99,2026-01-09
SYN-0784,Synthetic Supplier 0784 LLC,900000000000784,SYN-0784-INV-01,2026-03-10,301526.82,15076.34,718738.23,2025-02-10
SYN-0784,Synthetic Supplier 0784 LLC,900000000000784,SYN-0784-INV-02,2026-04-26,323462.94,16173.15,718738.23,2025-02-10
SYN-0785,Synthetic Supplier 0785 LLC,900000000000785,SYN-0785-INV-01,2026-03-23,160597.98,8029.9,438568.79,
SYN-0785,Synthetic Supplier 0785 LLC,900000000000785,SYN-0785-INV-02,2026-05-09,206917.21,10345.86,438568.79,
SYN-0785,Synthetic Supplier 0785 LLC,900000000000785,SYN-0785-INV-03,2026-06-25,119783.46,5989.17,438568.79,
SYN-0786,Synthetic Supplier 0786 LLC,900000000000786,SYN-0786-INV-01,2026-04-05,108455.34,5422.77,348254,2025-04-12
SYN-0786,Synthetic Supplier 0786 LLC,900000000000786,SYN-0786-INV-02,2026-05-22,97663.7,4883.18,348254,2025-04-12
SYN-0786,Synthetic Supplier 0786 LLC,900000000000786,SYN-0786-INV-03,2026-07-08,66268.13,3313.41,348254,2025-04-12
SYN-0786,Synthetic Supplier 0786 LLC,900000000000786,SYN-0786-INV-04,2026-08-24,114561.72,5728.09,348254,2025-04-12
SYN-0787,Synthetic Supplier 0787 LLC,900000000000787,SYN-0787-INV-01,2026-04-18,104989.14,5249.46,581196.95,2026-05-13
SYN-0787,Synthetic Supplier 0787 LLC,900000000000787,SYN-0787-INV-02,2026-06-04,145216.32,7260.82,581196.95,2026-05-13
SYN-0787,Synthetic Supplier 0787 LLC,900000000000787,SYN-0787-INV-03,2026-07-21,106931.94,5346.6,581196.95,2026-05-13
SYN-0787,Synthetic Supplier 0787 LLC,900000000000787,SYN-0787-INV-04,2026-09-06,143417.46,7170.87,581196.95,2026-05-13
SYN-0787,Synthetic Supplier 0787 LLC,900000000000787,SYN-0787-INV-05,2025-10-28,145219.53,7260.98,581196.95,2026-05-13
SYN-0788,Synthetic Supplier 0788 LLC,900000000000788,SYN-0788-INV-01,2026-05-01,171072.13,8553.61,471830.85,2025-06-14
SYN-0788,Synthetic Supplier 0788 LLC,900000000000788,SYN-0788-INV-02,2026-06-17,353184.37,17659.22,471830.85,2025-06-14
SYN-0789,Synthetic Supplier 0789 LLC,900000000000789,SYN-0789-INV-01,2026-05-14,107971.94,5398.6,476672.9,2026-07-15
SYN-0789,Synthetic Supplier 0789 LLC,900000000000789,SYN-0789-INV-02,2026-06-30,228478.67,11423.93,476672.9,2026-07-15
SYN-0789,Synthetic Supplier 0789 LLC,900000000000789,SYN-0789-INV-03,2026-08-16,193185.95,9659.3,476672.9,2026-07-15
SYN-0790,Synthetic Supplier 0790 LLC,900000000000790,SYN-0790-INV-01,2026-05-27,222384.17,11119.21,566427.66,
SYN-0790,Synthetic Supplier 0790 LLC,900000000000790,SYN-0790-INV-02,2026-07-13,149579.32,7478.97,566427.66,
SYN-0790,Synthetic Supplier 0790 LLC,900000000000790,SYN-0790-INV-03,2026-08-29,129779.21,6488.96,566427.66,
SYN-0790,Synthetic Supplier 0790 LLC,900000000000790,SYN-0790-INV-04,2025-10-20,127621.37,6381.07,566427.66,
SYN-0791,Synthetic Supplier 0791 LLC,900000000000791,SYN-0791-INV-01,2026-06-09,146630.81,7331.54,919576.43,2026-09-17
SYN-0791,Synthetic Supplier 0791 LLC,900000000000791,SYN-0791-INV-02,2026-07-26,158282.5,7914.12,919576.43,2026-09-17
SYN-0791,Synthetic Supplier 0791 LLC,900000000000791,SYN-0791-INV-03,2026-09-11,129841.7,6492.09,919576.43,2026-09-17
SYN-0791,Synthetic Supplier 0791 LLC,900000000000791,SYN-0791-INV-04,2025-11-02,176502.81,8825.14,919576.43,2026-09-17
SYN-0791,Synthetic Supplier 0791 LLC,900000000000791,SYN-0791-INV-05,2025-12-19,188373.86,9418.69,919576.43,2026-09-17
SYN-0792,Synthetic Supplier 0792 LLC,900000000000792,SYN-0792-INV-01,2026-06-22,140405.77,7020.29,365850.27,2025-01-18
SYN-0792,Synthetic Supplier 0792 LLC,900000000000792,SYN-0792-INV-02,2026-08-08,266094.53,13304.73,365850.27,2025-01-18
SYN-0793,Synthetic Supplier 0793 LLC,900000000000793,SYN-0793-INV-01,2026-07-05,162804.39,8140.22,438043.38,2026-02-19
SYN-0793,Synthetic Supplier 0793 LLC,900000000000793,SYN-0793-INV-02,2026-08-21,139198.42,6959.92,438043.38,2026-02-19
SYN-0793,Synthetic Supplier 0793 LLC,900000000000793,SYN-0793-INV-03,2025-10-12,184712.06,9235.6,438043.38,2026-02-19
SYN-0794,Synthetic Supplier 0794 LLC,900000000000794,SYN-0794-INV-01,2026-07-18,150275.61,7513.78,710553.19,2025-03-20
SYN-0794,Synthetic Supplier 0794 LLC,900000000000794,SYN-0794-INV-02,2026-09-03,177960.74,8898.04,710553.19,2025-03-20
SYN-0794,Synthetic Supplier 0794 LLC,900000000000794,SYN-0794-INV-03,2025-10-25,241449.89,12072.49,710553.19,2025-03-20
SYN-0794,Synthetic Supplier 0794 LLC,900000000000794,SYN-0794-INV-04,2025-12-11,219817.31,10990.87,710553.19,2025-03-20
SYN-0795,Synthetic Supplier 0795 LLC,900000000000795,SYN-0795-INV-01,2026-07-31,93774.57,4688.73,665201.12,
SYN-0795,Synthetic Supplier 0795 LLC,900000000000795,SYN-0795-INV-02,2026-09-16,103780.61,5189.03,665201.12,
SYN-0795,Synthetic Supplier 0795 LLC,900000000000795,SYN-0795-INV-03,2025-11-07,187304.82,9365.24,665201.12,
SYN-0795,Synthetic Supplier 0795 LLC,900000000000795,SYN-0795-INV-04,2025-12-24,183522.07,9176.1,665201.12,
SYN-0795,Synthetic Supplier 0795 LLC,900000000000795,SYN-0795-INV-05,2026-02-09,170730.29,8536.51,665201.12,
SYN-0796,Synthetic Supplier 0796 LLC,900000000000796,SYN-0796-INV-01,2026-08-13,196608.16,9830.41,404752.56,2025-05-22
SYN-0796,Synthetic Supplier 0796 LLC,900000000000796,SYN-0796-INV-02,2025-10-04,253116.91,12655.85,404752.56,2025-05-22
SYN-0797,Synthetic Supplier 0797 LLC,900000000000797,SYN-0797-INV-01,2026-08-26,103263.87,5163.19,429837.71,2026-06-23
SYN-0797,Synthetic Supplier 0797 LLC,900000000000797,SYN-0797-INV-02,2025-10-17,174492.79,8724.64,429837.71,2026-06-23
SYN-0797,Synthetic Supplier 0797 LLC,900000000000797,SYN-0797-INV-03,2025-12-03,199840.79,9992.04,429837.71,2026-06-23
SYN-0798,Synthetic Supplier 0798 LLC,900000000000798,SYN-0798-INV-01,2026-09-08,112101.62,5605.08,796766.45,2025-07-24
SYN-0798,Synthetic Supplier 0798 LLC,900000000000798,SYN-0798-INV-02,2025-10-30,219004.93,10950.25,796766.45,2025-07-24
SYN-0798,Synthetic Supplier 0798 LLC,900000000000798,SYN-0798-INV-03,2025-12-16,209182.79,10459.14,796766.45,2025-07-24
SYN-0798,Synthetic Supplier 0798 LLC,900000000000798,SYN-0798-INV-04,2026-02-01,152551.04,7627.55,796766.45,2025-07-24
SYN-0799,Synthetic Supplier 0799 LLC,900000000000799,SYN-0799-INV-01,2026-09-21,157128.13,7856.41,612360.65,2026-08-25
SYN-0799,Synthetic Supplier 0799 LLC,900000000000799,SYN-0799-INV-02,2025-11-12,158126.09,7906.3,612360.65,2026-08-25
SYN-0799,Synthetic Supplier 0799 LLC,900000000000799,SYN-0799-INV-03,2025-12-29,145033.12,7251.66,612360.65,2026-08-25
SYN-0799,Synthetic Supplier 0799 LLC,900000000000799,SYN-0799-INV-04,2026-02-14,82129.1,4106.45,612360.65,2026-08-25
SYN-0799,Synthetic Supplier 0799 LLC,900000000000799,SYN-0799-INV-05,2026-04-02,137984.28,6899.21,612360.65,2026-08-25
SYN-0800,Synthetic Supplier 0800 LLC,900000000000800,SYN-0800-INV-01,2025-10-09,218986.04,10949.3,459243.19,
SYN-0800,Synthetic Supplier 0800 LLC,900000000000800,SYN-0800-INV-02,2025-11-25,291284.17,14564.21,459243.19,
